region,assigned_zone,iou,coverage,fragmentation,purity,gt_area,pred_area,area_error_percent,centroid_distance,similarity_score,building_id
A0,4,0.4775536190815325,1,2,0.9616169959187738,117.01032942830378,59.23828392056415,49.37345770241467,3.690313886,0.5230853181363477,1
A1,3,0.4765741095971005,0.9999999999999998,2,0.9569998480584636,116.33499458840436,59.20109641031956,49.11153207186344,3.7267396013909817,0.5223397345841172,1
S0,0,0.6959727984562034,1.0000000000000002,3,0.770475223,14.866217675839216,16.941112249032923,13.957111475408125,0.4216386994539129,0.8025526530532335,1
S1,1,0.6901149167770555,1.0000000000000002,3,0.7687279406548121,14.952918351848544,16.941112249032024,13.296360284998745,0.4333737922937847,0.8009822128686863,1
A0,2,0.8903597560434223,1,1,0.8903597560434225,71.30533331195878,80.08597965930666,12.314150905000062,0.3602551542872461,0.905388122,2
A1,1,0.8818440593450652,1.0000000000000038,2,0.9663330104830992,84.69188576955715,79.73684587923975,5.850666619704086,0.5758591333096315,0.9118988847905316,2
S0,0,0.7767425550824913,1,1,0.809065038,11.270116825444376,13.248394959139013,17.55330636172562,0.3320259654510553,0.8361873625006553,2
A0,2,0.8544010749714234,0.9999999999999998,1,0.8564113709397372,70.46299068016424,82.05161229949701,16.446394777556662,0.6396382537049217,0.870093594,3
A1,1,0.7602860813079912,1.0000000000000002,3,0.888526986,86.77188538503458,82.07695816634264,5.410654843,0.8195519949078469,0.8461276036745365,3
S0,0,0.375174653,1.0000000000000002,2,0.572485486,13.62642280405314,12.405670531127925,8.958714186984604,1.4530454560061548,0.6288644048689147,3
A0,2,0.914454076,1.0000000000000002,1,0.9532636513008526,56.86590462346654,57.11126555165192,0.4314728303541759,0.1805486606663806,0.95163464,4
A1,1,0.9140545740115924,1,1,0.9561209893337336,56.20753042089381,56.08734836660739,0.2138184214578873,0.183934808,0.9518943707643768,4
S0,0,0.6503998503643857,1,1,0.6666661498534275,10.742241517616227,15.53074558664234,44.57639554252651,0.113124014,0.7109308359821312,4
A0,2,0.8242613933492277,1,1,0.896676506,75.16184024805374,76.34278257443702,1.5711993246651088,0.4294651201090001,0.8974660703602261,5
A1,1,0.9060516143974312,1,1,0.9221671124714114,69.40740157661344,73.84130424780498,6.388227437526682,0.1668132592649126,0.932884907,5
S0,0,0.3844186122974758,1.0000000000000002,2,0.5535033142499055,12.00269549038514,12.083065180551095,0.6695970103576855,1.3470519788867787,0.6568590141506743,5
A0,2,0.8002905323749531,1.0000000000000004,1,0.8165087411791203,64.18018813529312,76.69953560501209,19.50656087721016,0.8975396449373351,0.8289403728710178,6
A1,1,0.8375465758033614,0.9999999999999996,2,0.9617009954467852,87.24891336343362,78.60709783621424,9.904782987063768,0.6897491539988646,0.8767676015840498,6
S0,0,0.8005322950653713,0.9999999999999996,1,0.8363037266688085,11.100781050689784,12.600373065664812,13.508887420870687,0.2055979350870675,0.8613539806033322,6
A0,1,0.7328628988860443,1,1,0.7413484845369523,59.50733898566611,79.03465529895725,32.81497147435008,0.8223656656383679,0.7638348791161877,7
A1,2,0.7852818581798436,0.9999999999999992,2,0.9689351665374611,92.63228954785808,77.01359041903677,16.86096630565519,0.820878323,0.8299665552392824,7
S0,0,0.5654474949797039,1.0000000000000002,2,0.6775302269856927,12.88637711724774,14.714679777489382,14.187871762611652,0.6533780164533217,0.7309196176719898,7
A0,1,0.9338674098527872,1.0000000000000002,1,0.9536461296127928,49.77649329,51.06195263578309,2.582462645905053,0.090252498,0.958221236,8
A1,2,0.9272952470336748,0.9999999999999996,1,0.9564165611419122,51.21846902839147,51.84994236292697,1.2329016202836145,0.1273833752727475,0.9573807850843098,8
S0,0,0.7821852255268383,1.0000000000000002,1,0.8015839179443182,13.031852228569736,15.769718999536597,21.00903787847312,0.0646241,0.836954416,8
A0,2,0.9232983299560552,1.0000000000000002,1,0.9232983299560552,107.0924450660953,115.98899466350429,8.307355007085906,0.2075531513745252,0.9356919486759498,9
A1,1,0.9273893946404382,1,1,0.9372953861662936,108.99457506792886,114.9759731,5.487794233549083,0.1590975252661957,0.9459977736046916,9
S0,0,0.5880057872191861,1,3,0.9774938580694424,21.909758908697533,13.36057026,39.02000329174483,0.2691077661649504,0.6897251912261072,9
A0,3,0.7880478837627476,0.9999999999999996,2,0.927046853,68.74845193832043,62.30427328020551,9.373561842376455,0.5331399441364304,0.8572615386720219,10
A1,2,0.5750602598709289,1.0000000000000002,2,0.6913088061063911,60.41921818305378,67.62393999781845,11.924553199176344,0.6828017190517318,0.7406487039612303,10
A2,1,0.7345206550262241,1.0000000000000002,2,0.814695673,67.07891771289403,72.60813499,8.242854044323433,0.498903262,0.834180611,10
S0,0,0.8757788457170763,1,2,0.9263948853989884,13.481482359606815,13.69804372406535,1.606361664703829,0.2083517365742632,0.928664725,10
A0,2,0.9381342909771392,1,1,0.9560202874457518,101.49170492596718,104.08489852846388,2.555079357853216,0.1277612802562797,0.9594854150875296,11
A1,1,0.9376827537097148,0.9999999999999988,1,0.961924732,103.78389232813797,105.0680549,1.2373428158252664,0.1132963059892465,0.9629156121655632,11
S0,0,0.632653847,1,3,0.7015880653512613,12.480571294770966,15.39768661069586,23.373251488472228,0.7014878491000057,0.7403565987198988,11
A0,2,0.7701823960850339,1.0000000000000002,2,0.8046276603973623,69.15662128642933,81.42288284364874,17.73693007125903,0.60395474,0.8256500043657717,12
A1,1,0.7751878291266772,0.9999999999999998,2,0.9197988949862156,81.93574187841607,74.05960599,9.612576527566222,0.9379776599964323,0.8401130317445122,12
S0,,0,1,1,0,9.933001048919426,0,100,,0,12
A0,1,0.9033798599940988,1.0000000000000004,1,0.9200577044458872,51.19069844760822,54.54410771608006,6.550817570703655,0.031430572,0.934527122,13
A1,2,0.9059552017993092,1,1,0.9108532653886092,50.03348401331678,54.606220737016365,9.139353003045954,0.1040541822317107,0.9275278638362467,13
S0,0,0.6594410566489521,1,3,0.8731974713272099,18.93724632129964,15.816027046734945,16.481906722912015,0.8996688152409601,0.7660240411361721,13
A0,2,0.9236600395913416,1.0000000000000002,1,0.9313098529524856,69.53943104545381,74.01024811585434,6.4291827,0.093378437,0.9434226021133112,14
A1,1,0.9266540954786924,1.0000000000000002,1,0.94321059,70.85673690598394,73.72634673,4.049875776907989,0.087026424,0.9510266977094238,14
S0,0,0.7035956284757457,1.0000000000000002,3,0.8897718899076386,14.930901152213451,12.934143646420605,13.37332211523505,0.5805729409206739,0.8038501854267684,14
A0,1,0.938354109,0.9999999999999996,1,0.970359838,93.23033044961622,92.81561094692184,0.4448332433171966,0.1932807573789232,0.963232952,15
A1,2,0.8833402410541824,0.9999999999999998,1,0.8872384079234052,82.68254389838512,92.72967506455278,12.15145385284147,0.4138037856406055,0.9009463912539724,15
S0,0,0.5742290273761408,0.9999999999999998,2,0.8412227897546967,18.38400666389005,14.074600490307452,23.441060767493926,0.8328316462785322,0.7076910706123722,15
A0,2,0.945942775,1.0000000000000002,1,0.965560353,74.11095254850085,75.14045150743499,1.3891320021293756,0.1338176057260215,0.966153117,16
A1,1,0.9456021530549304,1.0000000000000002,1,0.964816156,74.02352531036863,75.14045151,1.5088800387833203,0.1178092418897476,0.9660836453832632,16
S0,0,0.7597271027623993,1,1,0.7693568073266301,11.60126517702275,14.834769986390649,27.87200154490147,0.098240197,0.8077275425996666,16
A0,3,0.7602754154782118,0.9999999999999998,3,0.9262400816793984,84.21342135297039,73.57868655342125,12.628313431151229,0.5611581504722362,0.8345379703994219,17
A1,1,0.648659724,1,2,0.7243505149427287,58.822306983570655,69.94008903,18.90062226076189,1.0152962736690134,0.7516958995918774,17
A2,2,0.4505064202375093,1.0000000000000002,3,0.5920930324299699,46.53024775746835,51.33656933156964,10.329456226310011,1.3586918007721445,0.665462275,17
S0,0,0.3671464919037058,1,2,0.5354125655694727,12.052577119324503,12.12874209,0.6319392778916816,1.072494967832334,0.6551810235613154,17
A0,1,0.945439708,1,1,0.9586671071464692,68.90018076638053,70.83701748859862,2.811076401650253,0.07863598,0.9637262635919668,18
A1,2,0.9393613514269292,0.9999999999999998,1,0.9632832897386449,70.10644825500542,70.90415815650253,1.137855249199791,0.1398497553100831,0.9633397937077132,18
S0,0,0.8179851054942334,1,1,0.817985105,12.01000361251547,14.682423349577904,22.25161476452461,0.040984081,0.8523389138028102,18
A0,5,0.9136512200106066,1.0000000000000002,1,0.913686581,74.28609814,81.30025447115968,9.442084728305623,0.2279174340837625,0.9275224623324452,19
A1,4,0.8590817823776888,1.0000000000000002,2,0.9026249356228618,70.84936489274037,74.31928582263399,4.8976034367376045,0.3003546252723249,0.9097880169651922,19
A2,3,0.848728227,1,2,0.8977080064964557,69.71456223819861,72.96763288654677,4.666271355521337,0.5125320871691933,0.8998851331754234,19
A3,2,0.9137618027854436,0.9999999999999998,1,0.9593358267293436,78.83136333132708,78.11187522,0.9126927212599116,0.1864913249034379,0.949936886,19
S0,1,0.8156409036690548,1.0000000000000004,2,0.9870745320010824,15.863889028811506,13.250192409915105,16.475762117028733,0.3384480215577911,0.8581698460030107,19
S1,0,0.508625089,1.0000000000000002,2,0.7389189336919388,15.485587441272234,12.994577191199712,16.08599130978701,0.853343782,0.6927639714521451,19
A0,1,0.8895057300798915,0.9999999999999996,2,0.957907448,55.17733845038002,53.321431752754215,3.3635306626737504,0.2643473670257366,0.929735354,20
A1,2,0.8825881495135243,1,2,0.958072751,55.61735509104277,53.29379025253713,4.177769393568037,0.303765065,0.9232555246503956,20
S0,0,0.5118202313192907,1.0000000000000002,1,0.5122390069468884,9.251240432,18.031596,94.91003537813948,0.1618509977581764,0.5145887522703423,20
A0,1,0.8329631912162256,1,2,0.9121462339361156,76.98947122162045,76.43849423223764,0.7156523880996293,0.3906249285800416,0.9049268414233628,21
A1,3,0.7459236579164004,1.0000000000000004,2,0.8230323929778781,70.73044119484783,76.34930019321514,7.944046302338924,0.6118592792607386,0.8378052312208344,21
A2,2,0.6102208487650413,1,3,0.7220675049621085,60.48301438258881,66.80575709,10.453749320813142,0.5089311139487235,0.7662527732317698,21
S0,0,0.6939033821179138,1.0000000000000002,4,0.9816617234996018,16.829221406261162,12.05223548,28.38506792,0.352505599,0.7671763812809362,21
A0,1,0.9193777070871596,1,1,0.9193777070871596,77.73761939683874,84.55460557460415,8.769224258,0.1342487353231719,0.9344095745154164,22
A1,2,0.912483019,0.9999999999999992,1,0.9672301120550384,85.29688284173334,83.03597570626548,2.6506327782961643,0.273224226,0.9427843217661098,22
S0,0,0.6385547763678725,1,2,0.7462717426153858,11.998494816309854,13.11367621959657,9.294344168660404,0.5400888246325853,0.7825393071464706,22
A0,1,0.5742783085102519,1.0000000000000002,2,0.7523865109808291,80.80395849275226,76.04869650769501,5.884936918633473,1.6062344882937245,0.7322709497511991,23
A1,3,0.5023159012878164,1,2,0.6003812424379503,64.50765271252804,81.07972658423148,25.69008974106567,2.589166974630905,0.6222035519254714,23
A2,2,0.4498378328687066,1,2,0.6278733864040608,79.09218289078731,77.26482522356693,2.3104150124970624,3.547672452246204,0.6304510675969556,23
S0,,0,1,1,0,15.604396806898311,0,100,,0,23
A0,1,0.7358430206748432,1,2,0.8007980080662396,72.04673367446034,81.03598275546639,12.47696963143886,0.8412943038526907,0.8156967286625072,24
A1,2,0.7693552945141235,0.9999999999999996,2,0.8907598094055081,88.31991802910404,84.22971196347261,4.631125296429272,0.707133329,0.8554215008017894,24
A2,4,0.7610218596222517,0.9999999999999998,2,0.8266960853901298,71.90046143836292,78.75243441768326,9.529803901459283,0.6948690765280344,0.8393146931442768,24
A3,3,0.7900483655451029,1,2,0.8884081568500026,88.07828525,86.95597923214315,1.2742141996855183,0.6040168136760612,0.8767382269314362,24
S0,0,0.8124343988496875,1,1,0.9790391890292204,17.519514411431942,14.79554013167158,15.548229338953012,0.2328702273245508,0.8615248703943474,24
A0,2,0.9601496348351324,1.0000000000000002,1,0.9650478939574436,77.85933259871724,80.25498796669372,3.0769020077831275,0.059940997,0.9708840374649768,25
A1,1,0.9624343549101564,1.0000000000000002,1,0.9657330481173504,77.72068442,80.19382214930847,3.182084344105292,0.062424365,0.9717013574687714,25
S0,0,0.9399244194538002,1,1,0.9493262009218552,14.475261378072144,15.08894537895068,4.239536577958978,0.044325738,0.9582552248324552,25
A0,2,0.7950350149140843,0.9999999999999998,1,0.7950350149140846,61.56294501846732,77.43425618193697,25.780623650653272,0.6865737349298385,0.815901605,26
A1,1,0.7865799326964108,1.0000000000000002,2,0.9423921267078752,88.35920892733542,77.47543534581922,12.31764488800116,0.899335741,0.8400124606112407,26
S0,0,0.5817749988428502,1,3,0.7174295657323293,13.836749512031986,14.55575798,5.196368289759725,0.5179513258835637,0.7649477955499366,26
A0,1,0.875635211,1.0000000000000004,1,0.9077904159939356,78.62468590652624,83.24366337975749,5.874716598197381,0.3408593616803132,0.9146093297125556,27
A1,2,0.8856876833306893,1.0000000000000004,2,0.9544349441703524,85.86262509628654,83.19577209008753,3.105953263376691,0.2451824077249191,0.928949398,27
S0,0,0.7491402166244939,1,1,0.7491402166244938,10.571907589019954,14.112054531867589,33.48635913658998,0.045198251,0.7897242541850376,27
A0,1,0.5782746469579104,1.0000000000000002,1,0.5782746469579106,44.26792751407929,76.55173497049631,72.92821071451615,1.874844660635032,0.55994568,28
A1,2,0.5008559126453793,0.9999999999999998,3,0.8617929786734955,80.46841823573958,50.85105834318163,36.80619122621647,2.109014795335732,0.6056871083737552,28
A2,3,0.8004316040428883,0.9999999999999998,1,0.8268443710307545,66.13991334127664,76.92096082388174,16.300365298296907,0.4455160256504519,0.8483269881344406,28
S0,0,0.5960392578694399,1.0000000000000009,4,0.9781285534487606,19.13229702570538,11.816071862491285,38.24018179,0.5799395682370788,0.6879206852540335,28
A0,1,0.9413953609864693,0.9999999999999996,1,0.965476394,87.85056439326614,88.64334244583188,0.902416573,0.1328013609101294,0.9651216050379618,29
A1,2,0.9426240483302551,1.0000000000000004,1,0.9678594280816832,87.60940786,88.08233572707799,0.5398140204581814,0.1358008648236007,0.9665674674933922,29
S0,0,0.6746299046394785,1,1,0.6746299046394785,9.614199227,14.251071825515604,48.22942077173394,0.6699636990639578,0.6999923079138054,29
A0,2,0.7712220754769157,0.9999999999999998,1,0.7712220754769156,80.10018116337154,103.86136977969468,29.66433817154552,0.9971565136842996,0.7865212794674865,30
A1,1,0.8227874551803472,1.0000000000000004,2,0.960478636,114.74361249880316,101.73876891655635,11.333827913412136,0.8793035299075709,0.8610765695589541,30
S0,0,0.658453884,1,3,0.9283339914970538,18.17454833876795,13.581304802378286,25.27294461888696,1.074658575695682,0.739178116,30
A0,2,0.9129148634092716,1,2,0.959560715,56.963003277532735,56.36239287515352,1.0543868262228888,0.2149460850170518,0.9484478125136524,31
A1,1,0.9250383994374336,1,1,0.9602215775778742,56.11055322905058,56.20858848738912,0.1747180391152951,0.1561643981744735,0.9581782946665668,31
S0,0,0.6925060813953047,1,1,0.6925060813953049,11.94360193165422,17.24692714263173,44.40306401138558,0.2817650858759079,0.7282012535222907,31
A0,2,0.9483603138522086,1.0000000000000002,1,0.9648912967525008,76.29981900843549,77.67288791238974,1.7995703289970395,0.1200883420302177,0.9666790225528564,32
A1,1,0.9533585432698845,0.9999999999999994,1,0.9639893420757524,75.45534045288197,77.37896331539658,2.549352837014645,0.078585593,0.9683412497203484,32
S0,0,0.829657469,1,1,0.845026803,13.261704724974866,15.357163276964451,15.800823464598428,0.052343166,0.8740180967322406,32
A0,1,0.5843161156237231,0.9999999999999996,2,0.7130451931697575,64.58185158463567,69.19342413567662,7.140663263575529,1.5925189629959502,0.734493426,33
A1,2,0.5967040447288727,1,2,0.741780418,71.01326068601037,72.10127265467156,1.5321250681220029,1.650953527112185,0.7532478715163268,33
S0,,0,1.0000000000000002,1,0,14.438276101233049,0,100,,0,33
A0,3,0.5949358865260447,1,3,0.9669453959077108,110.64250872276774,69.48863823506882,37.19535192,1.7381255862799454,0.6610264238169852,34
A1,1,0.5675372816759495,1,2,0.6799707887758512,73.64611564749062,83.8719048,13.885035295429072,1.8543726635484408,0.702696736,34
A2,2,0.3533228988813173,1,2,0.4043469945607766,45.91257162823178,83.66617252261403,82.22933187033124,1.1500639728888895,0.4423365204426083,34
S0,,0,1.0000000000000002,2,0,14.827051256366296,0,100,,0,34
A0,3,0.6302968241440858,0.9999999999999998,2,0.9203449579582472,69.58257733315523,50.40309164188834,27.563632199820955,1.4891670858848292,0.7090101544253699,35
A1,2,0.4645545839746756,1.0000000000000004,2,0.4807425697491226,35.22028616763869,68.31080258133532,93.95300269905546,1.405602505638393,0.4622547225987393,35
A2,1,0.7716270344098579,1.0000000000000002,2,0.9582978888324029,60.53007172833371,50.43263224135251,16.681690932566102,0.8619944344251894,0.8225594290128839,35
S0,0,0.5286379530643535,0.9999999999999998,2,0.6360414263646228,9.694007414840945,11.551326539371882,19.15945640486612,0.6498944195961167,0.7001729750301086,35
A0,1,0.8927665170519443,0.9999999999999998,2,0.9439609821803556,72.06465067422684,71.97075736841883,0.1302903780557553,0.1986142526437934,0.941092176,36
A1,2,0.8896177057714456,0.9999999999999992,2,0.93600372,71.39238323918077,72.24887676445607,1.1996987443406235,0.1516915964019496,0.9380173161148224,36
S0,0,0.4510439012715983,1.0000000000000002,3,0.522561079,11.59293916548186,17.02039836944013,46.81693853892209,1.0890662912351154,0.5812529470076161,36
A0,1,0.9559497380568566,0.9999999999999992,1,0.9560757246797892,57.38181141,60.00978909257234,4.579809555176959,0.037611671,0.9655850533629236,37
A1,2,0.9344392470223108,1,1,0.9587763622670348,58.952209968345386,59.86083869,1.5412971342969253,0.1291764153236439,0.96013697,37
S0,0,0.859233433,1,1,0.8880945917408343,13.697611386303851,14.86150471489209,8.497053214343692,0.1732801096821555,0.9040420808623408,37
A0,5,0.9574372931354184,1.0000000000000004,1,0.9575146451545504,68.36873665767878,71.39626412004746,4.428233737194041,0.030035294,0.9668971798735444,38
A1,3,0.9534063538553882,1,1,0.965684998,69.4964021,71.01878147653638,2.1905873305315606,0.08286664,0.9691550426038614,38
A2,2,0.939429035,0.9999999999999998,1,0.9549909766190512,69.14237544206857,71.16661771103546,2.927643512425912,0.1456910057738727,0.9587531337772596,38
A3,4,0.933947633,1,1,0.9667635169834464,70.96362221388256,70.82902815052222,0.189666281,0.1640552276544747,0.9623982698606902,38
S0,0,0.8712772447745558,1.0000000000000002,1,0.914501086,12.911536890316093,13.39217078956571,3.7225150137634113,0.1926635392747747,0.921515746,38
S1,1,0.8072757867885195,1,2,0.8666527838909202,12.801443056761643,13.615585759624777,6.359772872895827,0.2504430348598726,0.8814773853405233,38
A0,1,0.8272503603350846,1.0000000000000004,2,0.9619917239431972,74.98976477645232,66.66525424737934,11.100862302860532,0.5713630197528403,0.8715889489165699,39
A1,3,0.8092849816848535,0.9999999999999998,2,0.9700429647899728,74.79675974,64.00078919778416,14.433740948429556,0.6686041755913974,0.8518430340815679,39
A2,2,0.6791967305836724,1,1,0.6821539502404788,56.33100330633302,82.05440831083986,45.66473787910483,0.3017414087393404,0.7178929853755907,39
S0,0,0.9293299207750958,1,1,0.9293299207750956,13.950873312134195,15.011755244573044,7.604412345,0.070428244,0.9438932234342824,39
A0,1,0.9050211118351562,1.0000000000000002,1,0.9676290242666978,80.13784318,77.29289095203193,3.550073364676576,0.3409187528253162,0.9351124036852538,40
A1,2,0.9104261365624724,0.9999999999999998,1,0.9106004597290888,72.23187495030741,79.30666956426484,9.794560391550949,0.2129659830558271,0.925402518,40
S0,0,0.7614795646121849,1,2,0.8333845911302225,12.02422397049553,12.959754484413972,7.780381638050009,0.3191400532223735,0.8533103268804081,40
