base_building_group,variant,sample_id,annual_heating_kWh_mean,annual_heating_kWh_ref,annual_heating_kWh_delta_vs_V2
DESHPDHK0000lce9,V1,0,171510.7750939862,214949.47421192806,-43438.69911794187
DESHPDHK0000lce9,V1,19,28309.815766446194,40609.687685082485,-12299.87191863629
DESHPDHK0000lce9,V1,18,179555.13723949107,223275.82822217516,-43720.690982684086
DESHPDHK0000lce9,V1,17,172120.54960784432,241868.78815080793,-69748.2385429636
DESHPDHK0000lce9,V1,16,164281.1558447118,207956.6990704505,-43675.543225738715
DESHPDHK0000lce9,V1,15,19726.50882705744,39769.81978014442,-20043.310953086977
DESHPDHK0000lce9,V1,13,73058.01085018588,93693.72647146582,-20635.715621279945
DESHPDHK0000lce9,V1,12,185992.0495834079,247592.21872712616,-61600.16914371826
DESHPDHK0000lce9,V1,11,178881.2534975483,214218.80063948993,-35337.54714194161
DESHPDHK0000lce9,V1,10,74121.99602660512,106324.62024281586,-32202.624216210737
DESHPDHK0000lce9,V1,14,65865.40409609898,93517.17928196357,-27651.775185864593
DESHPDHK0000lce9,V1,8,174447.89664714815,208225.68335572165,-33777.78670857349
DESHPDHK0000lce9,V1,9,67177.22200663447,109977.58684096563,-42800.36483433115
DESHPDHK0000lce9,V1,2,61438.07317036056,82524.85032566874,-21086.777155308177
DESHPDHK0000lce9,V1,3,162901.5052000033,204166.00214817465,-41264.49694817135
DESHPDHK0000lce9,V1,4,70754.8585275782,110413.73599261284,-39658.877465034646
DESHPDHK0000lce9,V1,1,166625.37042181334,227410.62432925074,-60785.25390743741
DESHPDHK0000lce9,V1,6,79869.80561501144,117326.76690892463,-37456.96129391319
DESHPDHK0000lce9,V1,7,64352.54955048283,83517.59468545772,-19165.04513497489
DESHPDHK0000lce9,V1,5,64197.9033389616,101832.2853737989,-37634.382034837305
DESHPDHK0000lce9,V2,11,214218.80063948993,214218.80063948993,0.0
DESHPDHK0000lce9,V2,19,40609.687685082485,40609.687685082485,0.0
DESHPDHK0000lce9,V2,18,223275.82822217516,223275.82822217516,0.0
DESHPDHK0000lce9,V2,17,241868.78815080793,241868.78815080793,0.0
DESHPDHK0000lce9,V2,16,207956.6990704505,207956.6990704505,0.0
DESHPDHK0000lce9,V2,15,39769.81978014442,39769.81978014442,0.0
DESHPDHK0000lce9,V2,13,93693.72647146582,93693.72647146582,0.0
DESHPDHK0000lce9,V2,12,247592.21872712616,247592.21872712616,0.0
DESHPDHK0000lce9,V2,10,106324.62024281586,106324.62024281586,0.0
DESHPDHK0000lce9,V2,14,93517.17928196357,93517.17928196357,0.0
DESHPDHK0000lce9,V2,8,208225.68335572165,208225.68335572165,0.0
DESHPDHK0000lce9,V2,1,227410.62432925074,227410.62432925074,0.0
DESHPDHK0000lce9,V2,2,82524.85032566874,82524.85032566874,0.0
DESHPDHK0000lce9,V2,3,204166.00214817465,204166.00214817465,0.0
DESHPDHK0000lce9,V2,4,110413.73599261284,110413.73599261284,0.0
DESHPDHK0000lce9,V2,0,214949.47421192806,214949.47421192806,0.0
DESHPDHK0000lce9,V2,5,101832.2853737989,101832.2853737989,0.0
DESHPDHK0000lce9,V2,6,117326.76690892463,117326.76690892463,0.0
DESHPDHK0000lce9,V2,7,83517.59468545772,83517.59468545772,0.0
DESHPDHK0000lce9,V2,9,109977.58684096563,109977.58684096563,0.0
DESHPDHK0000lce9,V3,10,106187.02631925147,106324.62024281586,-137.59392356438912
DESHPDHK0000lce9,V3,18,217218.945642986,223275.82822217516,-6056.882579189172
DESHPDHK0000lce9,V3,17,236333.32959979345,241868.78815080793,-5535.4585510144825
DESHPDHK0000lce9,V3,16,205423.2006514369,207956.6990704505,-2533.498419013602
DESHPDHK0000lce9,V3,15,38238.22113624841,39769.81978014442,-1531.59864389601
DESHPDHK0000lce9,V3,14,88352.29836206896,93517.17928196357,-5164.880919894611
DESHPDHK0000lce9,V3,13,102250.18339102615,93693.72647146582,8556.456919560325
DESHPDHK0000lce9,V3,12,245949.07066050576,247592.21872712616,-1643.1480666204006
DESHPDHK0000lce9,V3,11,228002.52188108108,214218.80063948993,13783.721241591149
DESHPDHK0000lce9,V3,19,42847.21947758309,40609.687685082485,2237.531792500602
DESHPDHK0000lce9,V3,9,117806.03689608896,109977.58684096563,7828.450055123336
DESHPDHK0000lce9,V3,7,93866.67564116135,83517.59468545772,10349.080955703626
DESHPDHK0000lce9,V3,6,107092.46574479656,117326.76690892463,-10234.301164128075
DESHPDHK0000lce9,V3,5,98589.63516470969,101832.2853737989,-3242.6502090892172
DESHPDHK0000lce9,V3,4,103484.79952811867,110413.73599261284,-6928.936464494167
DESHPDHK0000lce9,V3,3,202281.0779792145,204166.00214817465,-1884.9241689601622
DESHPDHK0000lce9,V3,2,85164.86813850305,82524.85032566874,2640.0178128343105
DESHPDHK0000lce9,V3,1,219400.53160757254,227410.62432925074,-8010.0927216782
DESHPDHK0000lce9,V3,0,211208.16851903443,214949.47421192806,-3741.3056928936276
DESHPDHK0000lce9,V3,8,228440.96902856193,208225.68335572165,20215.285672840284
DESHPDHK0000lce9,V4,12,248154.26780848476,247592.21872712616,562.049081358593
DESHPDHK0000lce9,V4,13,104888.38847393806,93693.72647146582,11194.662002472236
DESHPDHK0000lce9,V4,14,88580.39959212054,93517.17928196357,-4936.779689843039
DESHPDHK0000lce9,V4,11,232013.1678107664,214218.80063948993,17794.367171276477
DESHPDHK0000lce9,V4,16,207440.9598783241,207956.6990704505,-515.7391921264061
DESHPDHK0000lce9,V4,17,238523.95683933378,241868.78815080793,-3344.831311474147
DESHPDHK0000lce9,V4,18,217845.01763023844,223275.82822217516,-5430.810591936723
DESHPDHK0000lce9,V4,15,38886.43902311446,39769.81978014442,-883.3807570299614
DESHPDHK0000lce9,V4,10,107845.80205117683,106324.62024281586,1521.1818083609687
DESHPDHK0000lce9,V4,19,43842.47602922077,40609.687685082485,3232.7883441382874
DESHPDHK0000lce9,V4,8,234121.36543109477,208225.68335572165,25895.68207537313
DESHPDHK0000lce9,V4,0,211895.7581373341,214949.47421192806,-3053.7160745939473
DESHPDHK0000lce9,V4,1,218540.79675274008,227410.62432925074,-8869.827576510666
DESHPDHK0000lce9,V4,2,86579.5775858005,82524.85032566874,4054.7272601317673
DESHPDHK0000lce9,V4,3,203788.81320633518,204166.00214817465,-377.1889418394712
DESHPDHK0000lce9,V4,9,120518.54262833305,109977.58684096563,10540.95578736742
DESHPDHK0000lce9,V4,5,98531.56829510823,101832.2853737989,-3300.717078690679
DESHPDHK0000lce9,V4,6,106021.221624702,117326.76690892463,-11305.545284222637
DESHPDHK0000lce9,V4,7,96411.81607749703,83517.59468545772,12894.221392039311
DESHPDHK0000lce9,V4,4,104069.0410245222,110413.73599261284,-6344.69496809064
DESHPDHK0000lce9,V5,11,,214218.80063948993,
DESHPDHK0000lce9,V5,19,,40609.687685082485,
DESHPDHK0000lce9,V5,18,,223275.82822217516,
DESHPDHK0000lce9,V5,17,,241868.78815080793,
DESHPDHK0000lce9,V5,16,,207956.6990704505,
DESHPDHK0000lce9,V5,15,,39769.81978014442,
DESHPDHK0000lce9,V5,14,,93517.17928196357,
DESHPDHK0000lce9,V5,13,,93693.72647146582,
DESHPDHK0000lce9,V5,12,,247592.21872712616,
DESHPDHK0000lce9,V5,10,,106324.62024281586,
DESHPDHK0000lce9,V5,9,,109977.58684096563,
DESHPDHK0000lce9,V5,8,,208225.68335572165,
DESHPDHK0000lce9,V5,1,,227410.62432925074,
DESHPDHK0000lce9,V5,2,,82524.85032566874,
DESHPDHK0000lce9,V5,3,,204166.00214817465,
DESHPDHK0000lce9,V5,0,,214949.47421192806,
DESHPDHK0000lce9,V5,5,,101832.2853737989,
DESHPDHK0000lce9,V5,6,,117326.76690892463,
DESHPDHK0000lce9,V5,7,,83517.59468545772,
DESHPDHK0000lce9,V5,4,,110413.73599261284,
DESHPDHK0000lce9,V6,11,,214218.80063948993,
DESHPDHK0000lce9,V6,18,,223275.82822217516,
DESHPDHK0000lce9,V6,17,,241868.78815080793,
DESHPDHK0000lce9,V6,16,,207956.6990704505,
DESHPDHK0000lce9,V6,15,,39769.81978014442,
DESHPDHK0000lce9,V6,19,,40609.687685082485,
DESHPDHK0000lce9,V6,13,,93693.72647146582,
DESHPDHK0000lce9,V6,12,,247592.21872712616,
DESHPDHK0000lce9,V6,10,,106324.62024281586,
DESHPDHK0000lce9,V6,14,,93517.17928196357,
DESHPDHK0000lce9,V6,8,,208225.68335572165,
DESHPDHK0000lce9,V6,7,,83517.59468545772,
DESHPDHK0000lce9,V6,6,,117326.76690892463,
DESHPDHK0000lce9,V6,5,,101832.2853737989,
DESHPDHK0000lce9,V6,4,,110413.73599261284,
DESHPDHK0000lce9,V6,3,,204166.00214817465,
DESHPDHK0000lce9,V6,2,,82524.85032566874,
DESHPDHK0000lce9,V6,1,,227410.62432925074,
DESHPDHK0000lce9,V6,0,,214949.47421192806,
DESHPDHK0000lce9,V6,9,,109977.58684096563,
DESHPDHK0000lce9,V7,12,239759.55009967004,247592.21872712616,-7832.668627456122
DESHPDHK0000lce9,V7,13,101002.44398680567,93693.72647146582,7308.717515339842
DESHPDHK0000lce9,V7,15,37922.838263197984,39769.81978014442,-1846.9815169464346
DESHPDHK0000lce9,V7,19,42490.807347605354,40609.687685082485,1881.1196625228695
DESHPDHK0000lce9,V7,17,240086.61639306016,241868.78815080793,-1782.1717577477684
DESHPDHK0000lce9,V7,18,219009.78142407103,223275.82822217516,-4266.046798104129
DESHPDHK0000lce9,V7,11,228472.31400288222,214218.80063948993,14253.513363392296
DESHPDHK0000lce9,V7,16,208640.27435314635,207956.6990704505,683.5752826958487
DESHPDHK0000lce9,V7,10,104402.25096117581,106324.62024281586,-1922.3692816400435
DESHPDHK0000lce9,V7,14,87791.44397152116,93517.17928196357,-5725.735310442411
DESHPDHK0000lce9,V7,8,231203.29261631265,208225.68335572165,22977.60926059101
DESHPDHK0000lce9,V7,7,94265.91624387972,83517.59468545772,10748.321558422002
DESHPDHK0000lce9,V7,6,107413.83058046119,117326.76690892463,-9912.936328463446
DESHPDHK0000lce9,V7,5,98838.04457556568,101832.2853737989,-2994.2407982332224
DESHPDHK0000lce9,V7,4,104223.29731621793,110413.73599261284,-6190.438676394915
DESHPDHK0000lce9,V7,3,199943.18155536032,204166.00214817465,-4222.820592814329
DESHPDHK0000lce9,V7,2,83229.75073820412,82524.85032566874,704.9004125353822
DESHPDHK0000lce9,V7,1,216766.78090493628,227410.62432925074,-10643.843424314458
DESHPDHK0000lce9,V7,0,210220.5757436971,214949.47421192806,-4728.898468230967
DESHPDHK0000lce9,V7,9,116412.751049935,109977.58684096563,6435.164208969378
DESHPDHK0000lce9,V8,11,232389.82413582885,214218.80063948993,18171.023496338923
DESHPDHK0000lce9,V8,12,250051.91856040308,247592.21872712616,2459.6998332769144
DESHPDHK0000lce9,V8,13,103585.27494758385,93693.72647146582,9891.548476118027
DESHPDHK0000lce9,V8,17,240395.3442206128,241868.78815080793,-1473.4439301951206
DESHPDHK0000lce9,V8,15,39782.34632076481,39769.81978014442,12.526540620390733
DESHPDHK0000lce9,V8,16,209818.58354599602,207956.6990704505,1861.8844755455211
DESHPDHK0000lce9,V8,10,107529.92366083647,106324.62024281586,1205.303418020616
DESHPDHK0000lce9,V8,14,89832.05500913232,93517.17928196357,-3685.12427283125
DESHPDHK0000lce9,V8,9,118821.80565800889,109977.58684096563,8844.218817043264
DESHPDHK0000lce9,V8,4,105236.54233274411,110413.73599261284,-5177.193659868732
DESHPDHK0000lce9,V8,7,97727.50759110467,83517.59468545772,14209.912905646954
DESHPDHK0000lce9,V8,6,108434.7869231812,117326.76690892463,-8891.979985743441
DESHPDHK0000lce9,V8,5,99785.71844339588,101832.2853737989,-2046.5669304030307
DESHPDHK0000lce9,V8,3,207108.04273002912,204166.00214817465,2942.0405818544677
DESHPDHK0000lce9,V8,2,86726.53894016038,82524.85032566874,4201.688614491635
DESHPDHK0000lce9,V8,1,223822.393445453,227410.62432925074,-3588.230883797747
DESHPDHK0000lce9,V8,0,215729.88492548047,214949.47421192806,780.41071355241
DESHPDHK0000lce9,V8,18,222055.40945740519,223275.82822217516,-1220.4187647699728
DESHPDHK0000lce9,V8,8,232518.26577906715,208225.68335572165,24292.582423345506
DESHPDHK0000lce9,V8,19,44462.15015945694,40609.687685082485,3852.462474374457
