mean_iou_matched,mean_iou_overall,region_recall,region_precision,false_negatives,false_positives,mean_area_error,mean_centroid_distance,mean_fragmentation,mean_similarity_score,topology_correct,n_gt_core_apartment_edges,n_pred_core_apartment_edges,n_missing_core_apartment_edges,n_extra_core_apartment_edges,gt_core_apartment_edges,pred_core_apartment_edges,missing_core_apartment_edges,extra_core_apartment_edges,n_gt_regions,n_pred_regions,building_id
0.8412121724677243,0.8412121724677243,1.0,1.0,0,0,12.843733584676416,0.6152736564604945,1.5,0.8731149108606587,1.0,4,4,0,0,A0-S0; A1-S1; A2-S1; A3-S0,A0-S0; A1-S1; A2-S1; A3-S0,,,6,6,68
0.8262744526669709,0.8262744526669709,1.0,1.0,0,0,14.345630240313543,0.4951433680142617,1.6666666666666667,0.864894567,1.0,2,2,0,0,A0-S0; A1-S0,A0-S0; A1-S0,,,3,3,75
0.6601237462712852,0.6601237462712852,1.0,0.75,0,2,21.509877464829785,1.422363946997132,2.1666666666666665,0.7407280807986397,0.0,3,4,0,1,A0-S0; A2-S1; A3-S0,A0-S0; A1-S1; A2-S1; A3-S0,,A1-S1,6,8,176
0.8188179845909564,0.8188179845909564,1.0,1.0,0,0,8.299508557961522,0.4725352304735779,1.3333333333333333,0.87684684,1.0,2,2,0,0,A0-S0; A1-S0,A0-S0; A1-S0,,,3,3,179
0.7181386965149191,0.6283713594505542,0.875,1.0,1,0,22.27472180876212,1.2575758160556143,1.75,0.6754502547923934,0.0,6,5,1,0,A0-S0; A1-S0; A2-S0; A3-S1; A4-S1; A5-S1,A1-S0; A2-S0; A3-S1; A4-S1; A5-S1,A0-S0,,8,7,322
0.8385340531210579,0.8385340531210579,1.0,1.0,0,0,19.20131548950895,0.4090491227870945,1.3333333333333333,0.8610375097670792,1.0,2,2,0,0,A0-S0; A1-S0,A0-S0; A1-S0,,,3,3,329
0.7487547760762542,0.5615660820571906,0.75,1.0,1,0,31.2172082419866,0.8596754773196998,1.25,0.5811318603751261,0.0,3,2,1,0,A0-S0; A1-S0; A2-S0,A0-S0; A1-S0,A2-S0,,4,3,405
0.8206696788273451,0.8206696788273451,1.0,1.0,0,0,10.786022881695098,0.46824781,1.8333333333333333,0.8716635869506502,1.0,4,4,0,0,A0-S0; A1-S0; A2-S1; A3-S1,A0-S0; A1-S0; A2-S1; A3-S1,,,6,6,467
0.7696248642037373,0.67342175617827,0.875,1.0,1,0,23.33624931372533,0.8171448439805475,1.75,0.7052877892532863,0.0,6,5,1,0,A0-S1; A1-S0; A2-S0; A3-S1; A4-S0; A5-S1,A1-S0; A2-S0; A3-S1; A4-S0; A5-S1,A0-S1,,8,7,553
0.8204299731975634,0.8204299731975634,1.0,1.0,0,0,8.230497218344007,0.5199364557731871,2.0,0.8766403321585919,1.0,2,2,0,0,A0-S0; A1-S0,A0-S0; A1-S0,,,3,3,696
0.7173588863958399,0.7173588863958399,1.0,0.8571428571428571,0,1,13.316583298019294,0.9467795411811816,1.8333333333333333,0.8017184964233421,1.0,4,4,0,0,A0-S1; A1-S0; A2-S0; A3-S1,A0-S1; A1-S0; A2-S0; A3-S1,,,6,7,712
0.6559345907596761,0.5739427669147166,0.875,1.0,1,0,11.814517042952518,1.106439054929759,2.375,0.6744237730993112,0.0,6,5,1,0,A0-S0; A1-S1; A2-S0; A3-S0; A4-S1; A5-S1,A0-S0; A1-S1; A2-S0; A3-S0; A5-S1,A4-S1,,8,7,721
0.7999200651280232,0.7999200651280232,1.0,0.8571428571428571,0,1,16.496430368801583,0.7722819942291724,1.3333333333333333,0.8394119067862783,1.0,4,4,0,0,A0-S1; A1-S0; A2-S0; A3-S1,A0-S1; A1-S0; A2-S0; A3-S1,,,6,7,803
0.9322270788602112,0.9322270788602112,1.0,1.0,0,0,7.221004997273826,0.0658600338571785,1.0,0.9464145260904916,1.0,4,4,0,0,A0-S0; A1-S0; A2-S1; A3-S1,A0-S0; A1-S0; A2-S1; A3-S1,,,6,6,807
0.8238913893761987,0.8238913893761987,1.0,0.8571428571428571,0,1,15.655722249477996,0.8149421496569009,1.5,0.8524328353229819,1.0,4,4,0,0,A0-S1; A1-S0; A2-S0; A3-S1,A0-S1; A1-S0; A2-S0; A3-S1,,,6,7,993
0.7083343641021599,0.7083343641021599,1.0,1.0,0,0,8.497737024676105,0.6223600136440783,1.6666666666666667,0.8173638391482877,1.0,2,2,0,0,A0-S0; A1-S0,A0-S0; A1-S0,,,3,3,1291
0.8690795448419149,0.8690795448419149,1.0,1.0,0,0,5.908784038673439,0.3748816674807133,1.6666666666666667,0.910395771,1.0,2,2,0,0,A0-S0; A1-S0,A0-S0; A1-S0,,,3,3,1321
0.935755665,0.935755665,1.0,1.0,0,0,6.310907822,0.3298541720898934,1.3333333333333333,0.9438542084740078,1.0,2,2,0,0,A0-S0; A1-S0,A0-S0; A1-S0,,,3,3,1361
0.5743170680941283,0.5743170680941283,1.0,1.0,0,0,7.549737533640214,1.1503051803846278,2.333333333333333,0.7395265607033479,1.0,2,2,0,0,A0-S0; A1-S0,A0-S0; A1-S0,,,3,3,1575
0.8814395536234997,0.8814395536234997,1.0,1.0,0,0,11.798000264226076,0.3456848573095216,1.3333333333333333,0.9025826547184468,1.0,2,2,0,0,A0-S0; A1-S0,A0-S0; A1-S0,,,3,3,1588
0.8918031050039996,0.8918031050039996,1.0,1.0,0,0,11.70144764699498,0.3221063053435526,1.3333333333333333,0.9085952757509236,1.0,2,2,0,0,A0-S0; A1-S0,A0-S0; A1-S0,,,3,3,1595
0.930119296,0.930119296,1.0,1.0,0,0,3.878202686,0.1287182040365005,1.6666666666666667,0.9521461861662828,1.0,2,2,0,0,A0-S0; A1-S0,A0-S0; A1-S0,,,3,3,1601
0.7689805782476394,0.7689805782476394,1.0,1.0,0,0,26.22605477283909,1.180185052708692,1.3333333333333333,0.7894205258740046,1.0,2,2,0,0,A0-S0; A1-S0,A0-S0; A1-S0,,,3,3,1663
0.9585098419139187,0.9585098419139187,1.0,1.0,0,0,4.181517658716575,0.053334192,1.0,0.9674677720062004,1.0,2,2,0,0,A0-S0; A1-S0,A0-S0; A1-S0,,,3,3,1686
0.8854727085173199,0.8854727085173199,1.0,1.0,0,0,12.540361798786623,0.3161253963798391,1.3333333333333333,0.9034823148521974,1.0,2,2,0,0,A0-S0; A1-S0,A0-S0; A1-S0,,,3,3,1712
0.6651430688258166,0.6651430688258166,1.0,1.0,0,0,18.005768828389236,0.8744521918335897,2.25,0.7656958075460955,1.0,3,3,0,0,A0-S0; A1-S0; A2-S0,A0-S0; A1-S0; A2-S0,,,4,4,1728
0.7532527365539222,0.7532527365539222,1.0,1.0,0,0,11.362115733145144,0.6498078429161154,2.0,0.8319758828711955,1.0,4,4,0,0,A0-S1; A1-S0; A2-S1; A3-S0,A0-S1; A1-S0; A2-S1; A3-S0,,,6,6,1817
0.6952525061729153,0.5793770884774295,0.8333333333333334,0.7142857142857143,1,2,22.247300202679472,1.220832705865556,1.8333333333333333,0.6345726541109334,0.0,4,2,2,0,A0-S1; A1-S1; A2-S0; A3-S0,A0-S1; A1-S1,A2-S0; A3-S0,,6,7,1827
0.8564895293788639,0.5709930195859093,0.6666666666666666,0.6666666666666666,1,1,10.66112608374127,0.6147345076743893,1.3333333333333333,0.5908157245254794,0.0,2,0,2,0,A0-S0; A1-S0,,A0-S0; A1-S0,,3,3,1925
0.8351561823859185,0.8351561823859185,1.0,1.0,0,0,18.089041094684145,0.4732979370174159,1.3333333333333333,0.8605230400308135,1.0,2,2,0,0,A0-S0; A1-S0,A0-S0; A1-S0,,,3,3,1934
0.5610227338578719,0.5610227338578719,1.0,0.8,0,1,25.491464862375867,2.037802609558808,2.0,0.6658376395340262,1.0,3,3,0,0,A0-S0; A1-S0; A2-S0,A0-S0; A1-S0; A2-S0,,,4,5,1943
0.836322461,0.836322461,1.0,1.0,0,0,17.487125327042826,0.3153036934234365,1.3333333333333333,0.866560825,1.0,2,2,0,0,A0-S0; A1-S0,A0-S0; A1-S0,,,3,3,1953
0.6021431918407201,0.6021431918407201,1.0,0.5714285714285714,0,3,35.655273339921266,1.7459357061930325,2.25,0.6682850199157311,0.0,3,1,2,0,A0-S0; A1-S0; A2-S0,A1-S0,A0-S0; A2-S0,,4,7,1976
0.9110791538829344,0.9110791538829344,1.0,1.0,0,0,6.449603474356407,0.2866971921178454,1.3333333333333333,0.9322481384526302,1.0,4,4,0,0,A0-S0; A1-S1; A2-S1; A3-S0,A0-S0; A1-S1; A2-S1; A3-S0,,,6,6,1996
0.9058053288112086,0.9058053288112086,1.0,1.0,0,0,8.014462334878298,0.1673942623447123,1.6666666666666667,0.9286816520097908,1.0,2,2,0,0,A0-S0; A1-S0,A0-S0; A1-S0,,,3,3,2018
0.8211628442550878,0.5474418961700586,0.6666666666666666,0.6666666666666666,1,1,18.311774362265908,0.7518420177946946,1.6666666666666667,0.5640039571846746,0.0,2,0,2,0,A0-S0; A1-S0,,A0-S0; A1-S0,,3,3,2030
0.8865432091610178,0.8865432091610178,1.0,1.0,0,0,7.217873080209181,0.3608346543912035,1.6666666666666667,0.9162060555202056,1.0,2,2,0,0,A0-S0; A1-S0,A0-S0; A1-S0,,,3,3,2049
0.6133058040519346,0.6133058040519346,1.0,1.0,0,0,17.79187434411133,1.0633339200650338,2.0,0.735589868,1.0,2,2,0,0,A0-S0; A1-S0,A0-S0; A1-S0,,,3,3,2136
0.8665141205372212,0.8665141205372212,1.0,1.0,0,0,9.432985823700298,0.2303125251520436,1.3333333333333333,0.9039167825805589,1.0,2,2,0,0,A0-S0; A1-S0,A0-S0; A1-S0,,,3,3,2244
0.8342807849195278,0.8342807849195278,1.0,1.0,0,0,17.68028726544857,0.3872544078472996,1.3333333333333333,0.863258314,1.0,2,2,0,0,A0-S0; A1-S0,A0-S0; A1-S0,,,3,3,2389
0.6787241363260436,0.6787241363260436,1.0,1.0,0,0,26.717926709273456,0.7683760404421566,1.6666666666666667,0.7533578503787842,1.0,2,2,0,0,A0-S0; A1-S0,A0-S0; A1-S0,,,3,3,2401
0.6818746203517642,0.6818746203517642,1.0,1.0,0,0,26.272859460353768,0.7630438798605338,1.6666666666666667,0.7561790645284843,1.0,2,2,0,0,A0-S0; A1-S0,A0-S0; A1-S0,,,3,3,2410
0.6917362782873644,0.6917362782873644,1.0,1.0,0,0,10.459079765827516,0.7728964551068875,2.0,0.8003980283514411,1.0,2,2,0,0,A0-S0; A1-S0,A0-S0; A1-S0,,,3,3,2540
0.85204363,0.85204363,1.0,1.0,0,0,11.517491704307924,0.4013683384329333,1.6666666666666667,0.8871938774952058,1.0,2,2,0,0,A0-S0; A1-S0,A0-S0; A1-S0,,,3,3,2568
0.8316601905338855,0.8316601905338855,1.0,0.8571428571428571,0,1,14.696026385057545,0.7737352675048106,1.3333333333333333,0.8597466476166785,1.0,4,4,0,0,A0-S1; A1-S1; A2-S0; A3-S0,A0-S1; A1-S1; A2-S0; A3-S0,,,6,7,2801
0.9456372137156815,0.9456372137156815,1.0,1.0,0,0,5.594884651831788,0.06192489,1.0,0.9572832729782824,1.0,2,2,0,0,A0-S0; A1-S0,A0-S0; A1-S0,,,3,3,2896
0.6365458292078172,0.6365458292078172,1.0,1.0,0,0,48.268661492239005,0.8626993705472503,2.0,0.6986475820700127,1.0,3,3,0,0,A0-S0; A1-S0; A2-S0,A0-S0; A1-S0; A2-S0,,,4,4,3002
0.7979988441598905,0.5984991331199179,0.75,1.0,1,0,25.384474347588128,0.78867210338838,1.25,0.6118660752196992,0.0,3,2,1,0,A0-S0; A1-S0; A2-S0,A1-S0; A2-S0,A0-S0,,4,3,3039
0.7921016872744776,0.7921016872744776,1.0,1.0,0,0,34.389401039259845,0.2271742395683038,1.6666666666666667,0.8043979850498816,1.0,2,2,0,0,A0-S0; A1-S0,A0-S0; A1-S0,,,3,3,3057
0.9564576720640972,0.9564576720640972,1.0,1.0,0,0,2.408233163328273,0.039563323,1.0,0.9712191700561787,1.0,2,2,0,0,A0-S0; A1-S0,A0-S0; A1-S0,,,3,3,3283
0.8350838843935865,0.8350838843935865,1.0,1.0,0,0,9.902738219,0.498812528,1.6666666666666667,0.8803147834445656,1.0,2,2,0,0,A0-S0; A1-S0,A0-S0; A1-S0,,,3,3,3594
0.7592353073332321,0.5694264804999241,0.75,1.0,1,0,18.82167293879529,0.9598296083937796,1.5,0.6064257983323376,0.0,3,2,1,0,A0-S0; A1-S0; A2-S0,A0-S0; A1-S0,A2-S0,,4,3,3616
0.7936006366479065,0.7936006366479065,1.0,1.0,0,0,6.0011579069338365,0.4247058081355934,1.3333333333333333,0.8711797783532288,1.0,2,2,0,0,A0-S0; A1-S0,A0-S0; A1-S0,,,3,3,3669
0.9115058421894692,0.9115058421894692,1.0,1.0,0,0,6.916095934748937,0.292496874,1.1666666666666667,0.931150259,1.0,4,4,0,0,A0-S1; A1-S1; A2-S0; A3-S0,A0-S1; A1-S1; A2-S0; A3-S0,,,6,6,4026
0.807209059,0.807209059,1.0,1.0,0,0,9.511179826395171,0.5958500265999443,2.0,0.8649303290903014,1.0,2,2,0,0,A0-S0; A1-S0,A0-S0; A1-S0,,,3,3,4234
0.7989839356383065,0.7989839356383065,1.0,1.0,0,0,10.185176562394572,0.6726104448480404,2.0,0.8572137652919657,1.0,2,2,0,0,A0-S0; A1-S0,A0-S0; A1-S0,,,3,3,4239
0.836400555,0.836400555,1.0,1.0,0,0,5.444389458092174,0.4434097528061042,1.6666666666666667,0.8935040601320808,1.0,2,2,0,0,A0-S0; A1-S0,A0-S0; A1-S0,,,3,3,4258
0.7910737735946531,0.7910737735946531,1.0,1.0,0,0,23.966199537710214,0.4190292171744627,1.3333333333333333,0.8251456575236894,1.0,2,2,0,0,A0-S0; A1-S0,A0-S0; A1-S0,,,3,3,4321
0.8635869150548775,0.8635869150548775,1.0,1.0,0,0,7.713975922512322,0.4135926050967759,1.6666666666666667,0.9021687025937388,1.0,2,2,0,0,A0-S0; A1-S0,A0-S0; A1-S0,,,3,3,4832
0.8256276854049801,0.8256276854049801,1.0,1.0,0,0,19.04798936996298,0.3738879595005117,1.3333333333333333,0.8558466702900698,1.0,2,2,0,0,A0-S0; A1-S0,A0-S0; A1-S0,,,3,3,5069
0.8451961964523601,0.8451961964523601,1.0,1.0,0,0,7.839208285580415,0.3527198522599675,1.3333333333333333,0.8941820812057298,1.0,2,2,0,0,A0-S0; A1-S0,A0-S0; A1-S0,,,3,3,5086
0.8273994802640741,0.8273994802640741,1.0,1.0,0,0,19.195436331816683,0.3797673197793055,1.3333333333333333,0.8562169663080127,1.0,2,2,0,0,A0-S0; A1-S0,A0-S0; A1-S0,,,3,3,5102
0.7689758582035887,0.7689758582035887,1.0,1.0,0,0,8.951523380135178,0.5241708161235724,1.3333333333333333,0.84900485,1.0,2,2,0,0,A0-S0; A1-S0,A0-S0; A1-S0,,,3,3,5103
0.8794847608461428,0.8794847608461428,1.0,1.0,0,0,5.210633383842556,0.237581589,1.0,0.9207762572306084,1.0,4,4,0,0,A0-S0; A1-S1; A2-S0; A3-S1,A0-S0; A1-S1; A2-S0; A3-S1,,,6,6,5319
0.856739873,0.856739873,1.0,1.0,0,0,9.626348449275303,0.4032043069232569,1.1666666666666667,0.8942239575405749,1.0,4,4,0,0,A0-S1; A1-S1; A2-S0; A3-S0,A0-S1; A1-S1; A2-S0; A3-S0,,,6,6,5322
0.7006940355582364,0.6005948876213455,0.8571428571428571,1.0,1,0,15.909608555260284,0.8690248143748946,1.5714285714285714,0.6761548937413673,0.0,5,4,1,0,A0-S1; A1-S0; A2-S1; A3-S0; A4-S0,A0-S1; A1-S0; A2-S1; A3-S0,A4-S0,,7,6,5325
0.8286664207428958,0.8286664207428958,1.0,1.0,0,0,13.856071215750134,0.5379147580304843,1.3333333333333333,0.8662451633813104,1.0,2,2,0,0,A0-S0; A1-S0,A0-S0; A1-S0,,,3,3,5863
0.9287412799973688,0.9287412799973688,1.0,1.0,0,0,6.537464206701412,0.1064941792230606,1.0,0.9453646250013544,1.0,2,2,0,0,A0-S0; A1-S0,A0-S0; A1-S0,,,3,3,6362
0.843761552,0.843761552,1.0,1.0,0,0,10.53803088580589,0.6168807174456592,2.0,0.8801136808127533,1.0,2,2,0,0,A0-S0; A1-S0,A0-S0; A1-S0,,,3,3,6370
0.7350763791323903,0.6125636492769919,0.8333333333333334,0.8333333333333334,1,1,9.988753540412937,0.7176746290215616,1.8333333333333333,0.6871870333246864,0.0,4,2,2,0,A0-S1; A1-S1; A2-S0; A3-S0,A2-S0; A3-S0,A0-S1; A1-S1,,6,6,6599
0.8843969846670524,0.8843969846670524,1.0,1.0,0,0,6.587575087,0.35049176,1.6666666666666667,0.9169672606254456,1.0,2,2,0,0,A0-S0; A1-S0,A0-S0; A1-S0,,,3,3,6676
0.818229558,0.818229558,1.0,1.0,0,0,7.271242877110997,0.5239449919446996,1.6666666666666667,0.877838047,1.0,2,2,0,0,A0-S0; A1-S0,A0-S0; A1-S0,,,3,3,7299
0.7905358997356368,0.7905358997356368,1.0,1.0,0,0,20.217595526954355,0.6922889193417435,1.5,0.827416738,1.0,4,4,0,0,A0-S0; A1-S1; A2-S0; A3-S1,A0-S0; A1-S1; A2-S0; A3-S1,,,6,6,7343
0.8572401436168855,0.8572401436168855,1.0,1.0,0,0,12.42841830493697,0.3923455787421551,1.3333333333333333,0.8877403865775464,1.0,4,4,0,0,A0-S0; A1-S1; A2-S1; A3-S0,A0-S0; A1-S1; A2-S1; A3-S0,,,6,6,7737
0.9042427972249032,0.9042427972249032,1.0,1.0,0,0,11.819814900908996,0.128900252,1.0,0.9193493550659788,1.0,2,2,0,0,A0-S0; A1-S0,A0-S0; A1-S0,,,3,3,7760
0.8899825959096953,0.8899825959096953,1.0,1.0,0,0,4.498913895611358,0.08447995,1.6666666666666667,0.9316320144617104,1.0,4,4,0,0,A0-S0; A1-S1; A2-S0; A3-S1,A0-S0; A1-S1; A2-S0; A3-S1,,,6,6,7792
0.7039519689798917,0.5866266408165765,0.8333333333333334,0.7142857142857143,1,2,20.07310796756276,1.4211892876725702,1.6666666666666667,0.6385529019826873,0.0,4,2,2,0,A0-S0; A1-S1; A2-S1; A3-S0,A1-S1; A2-S1,A0-S0; A3-S0,,6,7,7801
0.864546228,0.864546228,1.0,1.0,0,0,11.111965011451952,0.4636954567187525,2.0,0.8929008149114118,1.0,2,2,0,0,A0-S0; A1-S0,A0-S0; A1-S0,,,3,3,7824
0.6854581087168018,0.6854581087168018,1.0,1.0,0,0,9.26206395538742,0.805249477568804,1.8333333333333333,0.7994426575307122,1.0,4,4,0,0,A0-S0; A1-S1; A2-S0; A3-S1,A0-S0; A1-S1; A2-S0; A3-S1,,,6,6,7869
0.8526875316722031,0.8526875316722031,1.0,1.0,0,0,17.257177583453835,0.3410676047847119,1.0,0.8746741317578491,1.0,2,2,0,0,A0-S0; A1-S0,A0-S0; A1-S0,,,3,3,7899
0.7050332882011031,0.7050332882011031,1.0,1.0,0,0,6.859056521753487,0.6623655525958203,1.6666666666666667,0.8188098639812722,1.0,4,4,0,0,A0-S1; A1-S0; A2-S1; A3-S0,A0-S1; A1-S0; A2-S1; A3-S0,,,6,6,7914
0.6915694124324098,0.6915694124324098,1.0,1.0,0,0,9.273451466187169,0.6763131493027362,1.8333333333333333,0.8056932488181685,1.0,4,4,0,0,A0-S0; A1-S1; A2-S1; A3-S0,A0-S0; A1-S1; A2-S1; A3-S0,,,6,6,7916
0.6539362035179276,0.6539362035179276,1.0,1.0,0,0,3.2041300476318377,0.784696934,2.333333333333333,0.7993403532785285,1.0,2,2,0,0,A0-S0; A1-S0,A0-S0; A1-S0,,,3,3,8039
0.5590362399743526,0.5590362399743526,1.0,1.0,0,0,7.437790389582357,0.8744383992486449,2.75,0.7390626840320043,1.0,3,3,0,0,A0-S0; A1-S0; A2-S0,A0-S0; A1-S0; A2-S0,,,4,4,8202
0.6923014491734955,0.6923014491734955,1.0,1.0,0,0,16.234783555764974,0.9156998362273212,2.0,0.7826712697916524,1.0,2,2,0,0,A0-S0; A1-S0,A0-S0; A1-S0,,,3,3,8241
0.9125708798759168,0.9125708798759168,1.0,1.0,0,0,6.056222910164053,0.1995016848992189,1.6666666666666667,0.9361573405400678,1.0,2,2,0,0,A0-S0; A1-S0,A0-S0; A1-S0,,,3,3,8260
0.8653138961075784,0.8653138961075784,1.0,1.0,0,0,12.520633036937491,0.2995652069410119,1.0,0.8938662352879202,1.0,2,2,0,0,A0-S0; A1-S0,A0-S0; A1-S0,,,3,3,8264
0.7883640993050216,0.7883640993050216,1.0,1.0,0,0,7.256076288872965,0.4712259244302997,1.6666666666666667,0.864261211,1.0,2,2,0,0,A0-S0; A1-S0,A0-S0; A1-S0,,,3,3,8308
0.8636215134542854,0.8636215134542854,1.0,1.0,0,0,3.391658835,0.3251985783720184,1.3333333333333333,0.9152016451800874,1.0,2,2,0,0,A0-S0; A1-S0,A0-S0; A1-S0,,,3,3,8309
0.6214251911487287,0.6214251911487287,1.0,1.0,0,0,9.643657213436237,0.9759749211145512,2.333333333333333,0.76220408,1.0,2,2,0,0,A0-S0; A1-S0,A0-S0; A1-S0,,,3,3,8314
0.6790649807651392,0.5658874839709493,0.8333333333333334,0.7142857142857143,1,2,29.223887878614345,1.3561867428884178,1.8333333333333333,0.610473418428186,0.0,4,2,2,0,A0-S1; A1-S0; A2-S1; A3-S0,A0-S1; A2-S1,A1-S0; A3-S0,,6,7,8364
0.826360828,0.826360828,1.0,1.0,0,0,10.517321027233471,0.3322504835286962,1.6666666666666667,0.8785808493180335,1.0,2,2,0,0,A0-S0; A1-S0,A0-S0; A1-S0,,,3,3,8412
0.7013666397390693,0.7013666397390693,1.0,1.0,0,0,21.149154556639925,0.6574683558518372,2.0,0.7813737245816389,1.0,2,2,0,0,A0-S0; A1-S0,A0-S0; A1-S0,,,3,3,8413
0.7811651515837013,0.5858738636877759,0.75,1.0,1,0,17.542176383083724,0.7775816014729338,1.5,0.6204656960979884,0.0,3,2,1,0,A0-S0; A1-S0; A2-S0,A1-S0; A2-S0,A0-S0,,4,3,8424
0.8075262531234676,0.8075262531234676,1.0,1.0,0,0,9.911774360310828,0.5989145343047126,1.6666666666666667,0.8640108273033388,1.0,2,2,0,0,A0-S0; A1-S0,A0-S0; A1-S0,,,3,3,8443
0.7986758659632271,0.7986758659632271,1.0,1.0,0,0,10.969069656846791,0.5997244225114321,1.6666666666666667,0.8569221482767109,1.0,4,4,0,0,A0-S1; A1-S0; A2-S0; A3-S1,A0-S1; A1-S0; A2-S0; A3-S1,,,6,6,8447
0.854546832902292,0.854546832902292,1.0,1.0,0,0,8.710005461478483,0.3661807549686895,1.6666666666666667,0.8963438839232326,1.0,2,2,0,0,A0-S0; A1-S0,A0-S0; A1-S0,,,3,3,8460
0.8612385165892288,0.8612385165892288,1.0,1.0,0,0,14.492486492481392,0.320000887,1.3333333333333333,0.8863880198865743,1.0,4,4,0,0,A0-S1; A1-S1; A2-S0; A3-S0,A0-S1; A1-S1; A2-S0; A3-S0,,,6,6,8549
0.8223301529013308,0.8223301529013308,1.0,1.0,0,0,20.02065569,0.4146442963275469,1.3333333333333333,0.8507473298172675,1.0,4,4,0,0,A0-S1; A1-S0; A2-S0; A3-S1,A0-S1; A1-S0; A2-S0; A3-S1,,,6,6,8851
0.850990835,0.850990835,1.0,1.0,0,0,10.153052121173006,0.2844904220371572,1.3333333333333333,0.8930005267525151,1.0,4,4,0,0,A0-S0; A1-S1; A2-S0; A3-S1,A0-S0; A1-S1; A2-S0; A3-S1,,,6,6,8860
0.6847470987797131,0.6847470987797131,1.0,1.0,0,0,12.42712175114164,0.7497834805433135,2.0,0.7925611579984194,1.0,4,4,0,0,A0-S1; A1-S1; A2-S0; A3-S0,A0-S1; A1-S1; A2-S0; A3-S0,,,6,6,8863
0.7288836150766184,0.7288836150766184,1.0,1.0,0,0,31.67531483935981,0.8871630618838192,1.3333333333333333,0.7630744438928142,1.0,2,2,0,0,A0-S0; A1-S0,A0-S0; A1-S0,,,3,3,8866
0.729624842,0.729624842,1.0,1.0,0,0,32.08402799096469,0.8749725421308331,1.3333333333333333,0.7627280372690834,1.0,2,2,0,0,A0-S0; A1-S0,A0-S0; A1-S0,,,3,3,8877
0.8538513267676208,0.8538513267676208,1.0,1.0,0,0,20.049359849434182,0.2441715941794255,1.0,0.8706979739057393,1.0,2,2,0,0,A0-S0; A1-S0,A0-S0; A1-S0,,,3,3,8881
0.8522190826114211,0.8522190826114211,1.0,1.0,0,0,16.229280062523767,0.3633990418320127,1.3333333333333333,0.8764513651036009,1.0,2,2,0,0,A0-S0; A1-S0,A0-S0; A1-S0,,,3,3,9205
0.7274015126952401,0.7274015126952401,1.0,0.8571428571428571,0,1,18.057951244684613,0.9224657604553932,1.8333333333333333,0.7954942342245238,1.0,4,4,0,0,A0-S1; A1-S0; A2-S0; A3-S1,A0-S1; A1-S0; A2-S0; A3-S1,,,6,7,9222
0.7748632721892612,0.7748632721892612,1.0,1.0,0,0,5.048524136520095,0.435954375,2.0,0.8639114663746094,1.0,3,3,0,0,A0-S0; A1-S0; A2-S0,A0-S0; A1-S0; A2-S0,,,4,4,9678
0.7623969327897405,0.5717976995923053,0.75,1.0,2,0,26.09739216250702,0.8237149841323371,1.25,0.5965215835389708,0.0,6,4,2,0,A0-S1; A1-S0; A2-S1; A3-S0; A4-S0; A5-S1,A0-S1; A3-S0; A4-S0; A5-S1,A1-S0; A2-S1,,8,6,9682
0.9220493308967392,0.9220493308967392,1.0,1.0,0,0,1.8833835509478785,0.1577261618071137,1.6666666666666667,0.952373053,1.0,2,2,0,0,A0-S0; A1-S0,A0-S0; A1-S0,,,3,3,9729
0.8352450473281804,0.8352450473281804,1.0,1.0,0,0,13.838730103595148,0.6127099111985833,2.0,0.8677079506251376,1.0,2,2,0,0,A0-S0; A1-S0,A0-S0; A1-S0,,,3,3,10277
0.6077379845539705,0.6077379845539705,1.0,0.8,0,1,18.45700754762612,1.8203464212840903,2.25,0.7122178128758178,1.0,3,3,0,0,A0-S0; A1-S0; A2-S0,A0-S0; A1-S0; A2-S0,,,4,5,10288
0.6645868932565647,0.5696459085056269,0.8571428571428571,1.0,1,0,30.50771221301853,1.1064151151105726,1.5714285714285714,0.6243118184725471,0.0,4,4,1,1,A0-S0; A1-S0; A2-S0; A3-S1,A0-S0; A2-S0; A3-S1; A4-S1,A1-S0,A4-S1,7,6,10376
0.7407751901309413,0.7407751901309413,1.0,1.0,0,0,18.432937309394383,0.91448216,1.6666666666666667,0.8014431977928088,1.0,2,2,0,0,A0-S0; A1-S0,A0-S0; A1-S0,,,3,3,10388
0.8949007765913253,0.8949007765913253,1.0,1.0,0,0,3.63220779042276,0.2156057861197934,1.3333333333333333,0.932979724166611,1.0,2,2,0,0,A0-S0; A1-S0,A0-S0; A1-S0,,,3,3,10405
0.7521465429717882,0.7521465429717882,1.0,1.0,0,0,32.55117643752659,0.9099342450713176,1.3333333333333333,0.7719469742652946,1.0,2,2,0,0,A0-S0; A1-S0,A0-S0; A1-S0,,,3,3,10655
0.8927738111126952,0.8927738111126952,1.0,1.0,0,0,9.731055062,0.2048887113061146,1.6666666666666667,0.9169370501179612,1.0,2,2,0,0,A0-S0; A1-S0,A0-S0; A1-S0,,,3,3,10959
0.7929486053647078,0.7929486053647078,1.0,1.0,0,0,19.180150279282724,0.5238501358063693,2.0,0.835427674,1.0,2,2,0,0,A0-S0; A1-S0,A0-S0; A1-S0,,,3,3,11226
0.8800587813284698,0.8800587813284698,1.0,1.0,0,0,0.8317844766526329,0.2221840898828661,1.6666666666666667,0.9323953272255316,1.0,2,2,0,0,A0-S0; A1-S0,A0-S0; A1-S0,,,3,3,11434
0.6243695335765655,0.5203079446471379,0.8333333333333334,0.8333333333333334,1,1,43.57732270353812,1.5330212588920833,1.5,0.5540966071309461,0.0,4,3,1,0,A0-S0; A1-S0; A2-S1; A3-S1,A0-S0; A2-S1; A3-S1,A1-S0,,6,6,11818
0.8796844701989882,0.8796844701989882,1.0,1.0,0,0,11.829268068553873,0.1736437329842824,1.0,0.9059279716035024,1.0,2,2,0,0,A0-S0; A1-S0,A0-S0; A1-S0,,,3,3,11906
0.7732299450584779,0.7732299450584779,1.0,1.0,0,0,28.96959410331496,0.7791403990829341,1.3333333333333333,0.7947124772938782,1.0,2,2,0,0,A0-S0; A1-S0,A0-S0; A1-S0,,,3,3,11967
0.8265648873350576,0.8265648873350576,1.0,1.0,0,0,15.931189271846966,0.2946317974435695,1.6666666666666667,0.8660886755518223,1.0,2,2,0,0,A0-S0; A1-S0,A0-S0; A1-S0,,,3,3,13488
0.8607970431306634,0.8607970431306634,1.0,1.0,0,0,8.710289677882413,0.4703087740961346,1.6666666666666667,0.8968650780182225,1.0,4,4,0,0,A0-S0; A1-S1; A2-S0; A3-S1,A0-S0; A1-S1; A2-S0; A3-S1,,,6,6,13544
0.9356365584139396,0.9356365584139396,1.0,1.0,0,0,1.1047124023773114,0.066922225,1.0,0.9633834425719005,1.0,2,2,0,0,A0-S0; A1-S0,A0-S0; A1-S0,,,3,3,13858
0.7509169227964176,0.7509169227964176,1.0,1.0,0,0,21.38363331528322,0.634890779442872,2.0,0.806127108623929,1.0,4,4,0,0,A0-S1; A1-S1; A2-S0; A3-S0,A0-S1; A1-S1; A2-S0; A3-S0,,,6,6,14016
0.7841715621334461,0.7841715621334461,1.0,1.0,0,0,24.52120274832065,0.5425468224207153,1.3333333333333333,0.8172191036354035,1.0,2,2,0,0,A0-S0; A1-S0,A0-S0; A1-S0,,,3,3,14063
0.8279015883570872,0.8279015883570872,1.0,1.0,0,0,13.106854041641816,0.2590521570748925,1.6666666666666667,0.8747073551475667,1.0,2,2,0,0,A0-S0; A1-S0,A0-S0; A1-S0,,,3,3,14123
0.8388861151966603,0.8388861151966603,1.0,1.0,0,0,11.30719968947662,0.4285376194595436,1.6666666666666667,0.8804616178881499,1.0,2,2,0,0,A0-S0; A1-S0,A0-S0; A1-S0,,,3,3,14128
0.8805820386893578,0.8805820386893578,1.0,1.0,0,0,12.717886350371016,0.3718547063178308,1.3333333333333333,0.8991999358108056,1.0,2,2,0,0,A0-S0; A1-S0,A0-S0; A1-S0,,,3,3,14131
0.882888965,0.882888965,1.0,1.0,0,0,8.865556496749386,0.3346204338572475,1.3333333333333333,0.9109150803234516,1.0,2,2,0,0,A0-S0; A1-S0,A0-S0; A1-S0,,,3,3,14747
0.6280361096629657,0.6280361096629657,1.0,1.0,0,0,14.447687939069825,0.9899150981575948,1.6666666666666667,0.7531509575298685,1.0,4,4,0,0,A0-S0; A1-S0; A2-S1; A3-S1,A0-S0; A1-S0; A2-S1; A3-S1,,,6,6,14818
0.8165992902539334,0.5443995268359556,0.6666666666666666,0.6666666666666666,2,2,16.899171392181287,0.7230163189704945,1.3333333333333333,0.5653175391148341,0.0,4,0,4,0,A0-S0; A1-S0; A2-S1; A3-S1,,A0-S0; A1-S0; A2-S1; A3-S1,,6,6,14819
0.8038661237037111,0.8038661237037111,1.0,1.0,0,0,14.995672402972112,0.519556421,1.6666666666666667,0.8514549703106042,1.0,2,2,0,0,A0-S0; A1-S0,A0-S0; A1-S0,,,3,3,14881
0.8692230248857621,0.8692230248857621,1.0,1.0,0,0,13.151659842487575,0.4477061780950094,1.3333333333333333,0.8905397083842868,1.0,2,2,0,0,A0-S0; A1-S0,A0-S0; A1-S0,,,3,3,14897
0.9039833226540084,0.9039833226540084,1.0,1.0,0,0,11.762349306690398,0.1180296652617111,1.0,0.9196350464287354,1.0,2,2,0,0,A0-S0; A1-S0,A0-S0; A1-S0,,,3,3,15364
0.9265916190066594,0.9265916190066594,1.0,1.0,0,0,6.951402395939951,0.3374268048962481,1.3333333333333333,0.9374816333910736,1.0,2,2,0,0,A0-S0; A1-S0,A0-S0; A1-S0,,,3,3,22206
0.9048972928752764,0.9048972928752764,1.0,1.0,0,0,6.157622665,0.1173739727636566,1.0,0.9341202404564812,1.0,2,2,0,0,A0-S0; A1-S0,A0-S0; A1-S0,,,3,3,22211
0.8121527667087857,0.8121527667087857,1.0,1.0,0,0,10.863707025750571,0.609052364,2.0,0.8636908066938775,1.0,2,2,0,0,A0-S0; A1-S0,A0-S0; A1-S0,,,3,3,22844
0.8118814396684609,0.8118814396684609,1.0,1.0,0,0,10.678401714823751,0.6073083742915092,2.0,0.8640620061898834,1.0,2,2,0,0,A0-S0; A1-S0,A0-S0; A1-S0,,,3,3,22886
0.8302273868175384,0.8302273868175384,1.0,1.0,0,0,20.26860062,0.3800882809140746,1.3333333333333333,0.8549399848419853,1.0,2,2,0,0,A0-S0; A1-S0,A0-S0; A1-S0,,,3,3,23213
0.8206662039293099,0.8206662039293099,1.0,1.0,0,0,22.16671342392497,0.4020067697905509,1.3333333333333333,0.8448661491600786,1.0,2,2,0,0,A0-S0; A1-S0,A0-S0; A1-S0,,,3,3,23246
0.8970715199044217,0.8970715199044217,1.0,1.0,0,0,4.666218574652977,0.1872539837098724,1.3333333333333333,0.9321888639228316,1.0,2,2,0,0,A0-S0; A1-S0,A0-S0; A1-S0,,,3,3,23562
0.6424141082564235,0.6424141082564235,1.0,1.0,0,0,9.888866884196904,0.8497176970461581,1.6666666666666667,0.7752419444915656,1.0,2,2,0,0,A0-S0; A1-S0,A0-S0; A1-S0,,,3,3,23865
0.888898115072261,0.5925987433815073,0.6666666666666666,0.6666666666666666,1,1,11.452879517107164,0.480633836053661,1.6666666666666667,0.6025340085613474,0.0,2,0,2,0,A0-S0; A1-S0,,A0-S0; A1-S0,,3,3,23871
0.7746031347837677,0.7746031347837677,1.0,1.0,0,0,21.861610707563568,0.9161416046520068,1.6666666666666667,0.8097440005066749,1.0,2,2,0,0,A0-S0; A1-S0,A0-S0; A1-S0,,,3,3,24153
0.764133748,0.764133748,1.0,1.0,0,0,23.23659354617075,0.9744456271830212,1.6666666666666667,0.7996142496493756,1.0,2,2,0,0,A0-S0; A1-S0,A0-S0; A1-S0,,,3,3,24173
0.9045164645335074,0.9045164645335074,1.0,1.0,0,0,11.76468635985713,0.1781767946867753,1.0,0.9183920964999416,1.0,2,2,0,0,A0-S0; A1-S0,A0-S0; A1-S0,,,3,3,24288
0.8376051506456514,0.8376051506456514,1.0,1.0,0,0,13.734466375644097,0.4265642522369128,1.3333333333333333,0.8738023030777926,1.0,2,2,0,0,A0-S0; A1-S0,A0-S0; A1-S0,,,3,3,24472
0.8366761593353321,0.8366761593353321,1.0,1.0,0,0,13.692787074311465,0.4219332719415563,1.3333333333333333,0.8735577801833485,1.0,2,2,0,0,A0-S0; A1-S0,A0-S0; A1-S0,,,3,3,24476
0.8761858641239998,0.8761858641239998,1.0,1.0,0,0,2.838496889616898,0.1937958985367895,1.6666666666666667,0.9261517923745378,1.0,2,2,0,0,A0-S0; A1-S0,A0-S0; A1-S0,,,3,3,24501
0.814970311,0.814970311,1.0,1.0,0,0,10.925120283333522,0.4870083269163487,2.0,0.867997147,1.0,2,2,0,0,A0-S0; A1-S0,A0-S0; A1-S0,,,3,3,24542
0.90691217,0.90691217,1.0,1.0,0,0,9.306608367,0.3049915189241196,1.3333333333333333,0.9225647759662072,1.0,2,2,0,0,A0-S0; A1-S0,A0-S0; A1-S0,,,3,3,24966
0.8240102295911638,0.8240102295911638,1.0,1.0,0,0,21.12753214424486,0.384680324,1.3333333333333333,0.8495692763421472,1.0,2,2,0,0,A0-S0; A1-S0,A0-S0; A1-S0,,,3,3,25184
0.8967628344563717,0.8967628344563717,1.0,1.0,0,0,8.517016883051399,0.1856263639323089,1.0,0.9224482159222496,1.0,2,2,0,0,A0-S0; A1-S0,A0-S0; A1-S0,,,3,3,25307
0.8953923472190964,0.8953923472190964,1.0,1.0,0,0,8.657685617683942,0.1732319765423138,1.0,0.9217211601517804,1.0,2,2,0,0,A0-S0; A1-S0,A0-S0; A1-S0,,,3,3,25320
0.8649976752349534,0.8649976752349534,1.0,1.0,0,0,1.1163952301119766,0.2546311936840165,1.6666666666666667,0.9233420697000962,1.0,2,2,0,0,A0-S0; A1-S0,A0-S0; A1-S0,,,3,3,25947
0.9103466643087942,0.9103466643087942,1.0,1.0,0,0,5.840676044059218,0.3234133871750463,1.3333333333333333,0.9324863073648728,1.0,2,2,0,0,A0-S0; A1-S0,A0-S0; A1-S0,,,3,3,26170
0.8522867006303982,0.5681911337535989,0.6666666666666666,0.6666666666666666,1,1,12.16989121618943,0.4998004154007902,1.6666666666666667,0.5888157412598038,0.0,2,0,2,0,A0-S0; A1-S0,,A0-S0; A1-S0,,3,3,26175
0.8371960864006729,0.8371960864006729,1.0,1.0,0,0,17.26797070909741,0.3293536064575671,1.3333333333333333,0.8671942762661539,1.0,2,2,0,0,A0-S0; A1-S0,A0-S0; A1-S0,,,3,3,26471
0.78559737,0.78559737,1.0,1.0,0,0,6.866186061063286,0.5721992808918359,2.0,0.8613282380508869,1.0,2,2,0,0,A0-S0; A1-S0,A0-S0; A1-S0,,,3,3,26593
0.7860558865258755,0.7860558865258755,1.0,1.0,0,0,6.589661954877425,0.5826614653398753,2.0,0.8619872517422472,1.0,2,2,0,0,A0-S0; A1-S0,A0-S0; A1-S0,,,3,3,26653
0.8366012230894206,0.8366012230894206,1.0,1.0,0,0,16.810808691793582,0.6002276795596809,1.3333333333333333,0.8612678978262344,1.0,2,2,0,0,A0-S0; A1-S0,A0-S0; A1-S0,,,3,3,26838
0.7987737030504821,0.7987737030504821,1.0,1.0,0,0,15.975210707688843,0.8929802567021273,1.6666666666666667,0.8371243183384657,1.0,2,2,0,0,A0-S0; A1-S0,A0-S0; A1-S0,,,3,3,26858
0.8859511567619522,0.8859511567619522,1.0,1.0,0,0,1.5228269104561287,0.1854701262399601,1.6666666666666667,0.9345317579488368,1.0,2,2,0,0,A0-S0; A1-S0,A0-S0; A1-S0,,,3,3,26939
0.7919921730733872,0.5279947820489248,0.6666666666666666,0.6666666666666666,1,1,13.482474414591293,0.775653754493876,2.0,0.5619323710919123,0.0,2,0,2,0,A0-S0; A1-S0,,A0-S0; A1-S0,,3,3,28611
0.7894422702681867,0.7894422702681867,1.0,1.0,0,0,8.168207848499351,0.6763016591050519,2.0,0.8573930740352186,1.0,2,2,0,0,A0-S0; A1-S0,A0-S0; A1-S0,,,3,3,28949
0.7849868670549512,0.7849868670549512,1.0,1.0,0,0,1.085561771336882,0.3760479471263034,1.6666666666666667,0.8803783304209758,1.0,2,2,0,0,A0-S0; A1-S0,A0-S0; A1-S0,,,3,3,29270
0.7794393927633737,0.7794393927633737,1.0,1.0,0,0,1.5488943503092567,0.4202446988691923,1.6666666666666667,0.8753413430341839,1.0,2,2,0,0,A0-S0; A1-S0,A0-S0; A1-S0,,,3,3,29399
0.8234036136158678,0.8234036136158678,1.0,1.0,0,0,20.84843634670484,0.3501962617311029,1.3333333333333333,0.8508258093978941,1.0,2,2,0,0,A0-S0; A1-S0,A0-S0; A1-S0,,,3,3,29686
0.8504611050945466,0.8504611050945466,1.0,1.0,0,0,15.724275379944368,0.2552194377480277,1.3333333333333333,0.8795393781537117,1.0,2,2,0,0,A0-S0; A1-S0,A0-S0; A1-S0,,,3,3,29729
0.7663335593077678,0.5108890395385118,0.6666666666666666,0.6666666666666666,2,2,19.36790830344715,0.933943160131524,1.8333333333333333,0.540932286594652,0.0,4,0,4,0,A0-S0; A1-S0; A2-S1; A3-S1,,A0-S0; A1-S0; A2-S1; A3-S1,,6,6,30405
0.7391145907177885,0.4927430604785257,0.6666666666666666,0.6666666666666666,2,2,11.058284752996908,0.8987532524494078,1.8333333333333333,0.5462951681101113,0.0,4,0,4,0,A0-S1; A1-S0; A2-S1; A3-S0,,A0-S1; A1-S0; A2-S1; A3-S0,,6,6,30453
0.8860569281284055,0.8860569281284055,1.0,1.0,0,0,12.301909496368893,0.08912762,1.0,0.9100454998308268,1.0,2,2,0,0,A0-S0; A1-S0,A0-S0; A1-S0,,,3,3,39307
0.8754277574468868,0.8754277574468868,1.0,1.0,0,0,13.021576719212382,0.1448308839369144,1.0,0.9015391648269896,1.0,2,2,0,0,A0-S0; A1-S0,A0-S0; A1-S0,,,3,3,42392
0.6747951993155809,0.6747951993155809,1.0,1.0,0,0,12.73050087370529,0.7724352391200409,1.6666666666666667,0.7862604664955262,1.0,2,2,0,0,A0-S0; A1-S0,A0-S0; A1-S0,,,3,3,43687
0.8604608476678312,0.8604608476678312,1.0,1.0,0,0,1.6604899548730483,0.2894717423629269,1.3333333333333333,0.9188424053876596,1.0,2,2,0,0,A0-S0; A1-S0,A0-S0; A1-S0,,,3,3,44248
0.9469566703123264,0.9469566703123264,1.0,1.0,0,0,1.347347860651367,0.054348231816718,1.0,0.9687512597091168,1.0,2,2,0,0,A0-S0; A1-S0,A0-S0; A1-S0,,,3,3,44871
0.5622902686523925,0.374860179101595,0.6666666666666666,0.6666666666666666,1,1,4.097803728579437,0.5947827180444385,1.6666666666666667,0.5040207047024244,0.0,2,0,2,0,A0-S0; A1-S0,,A0-S0; A1-S0,,3,3,45570
0.8524723493744798,0.8524723493744798,1.0,1.0,0,0,17.18201630844969,0.4635720758121802,1.3333333333333333,0.8716918320208111,1.0,2,2,0,0,A0-S0; A1-S0,A0-S0; A1-S0,,,3,3,45576
0.5052082381845346,0.3368054921230231,0.6666666666666666,0.6666666666666666,1,1,8.529543859286756,0.6851113907856047,2.0,0.4761016497829402,0.0,2,0,2,0,A0-S0; A1-S0,,A0-S0; A1-S0,,3,3,45631
0.856453461781243,0.856453461781243,1.0,1.0,0,0,17.17802401505072,0.4639209712861117,1.3333333333333333,0.8736836465708419,1.0,2,2,0,0,A0-S0; A1-S0,A0-S0; A1-S0,,,3,3,45644
0.560854310729284,0.3739028738195227,0.6666666666666666,0.6666666666666666,1,1,17.691856773262085,1.009062803801427,2.0,0.4739806288909673,0.0,2,0,2,0,A0-S0; A1-S0,,A0-S0; A1-S0,,3,3,45658
0.8179137274642366,0.8179137274642366,1.0,1.0,0,0,25.87300387443652,0.3282698421108989,1.3333333333333333,0.8360676079932544,1.0,2,2,0,0,A0-S0; A1-S0,A0-S0; A1-S0,,,3,3,45724
0.9029111649427828,0.9029111649427828,1.0,1.0,0,0,11.60673137,0.1290404662431334,1.0,0.9192127423883644,1.0,2,2,0,0,A0-S0; A1-S0,A0-S0; A1-S0,,,3,3,46073
0.758116531479933,0.5054110209866219,0.6666666666666666,0.6666666666666666,1,1,8.291085474400925,0.7041511946666867,2.0,0.5604845147915314,0.0,2,0,2,0,A0-S0; A1-S0,,A0-S0; A1-S0,,3,3,46492
0.8666404363903473,0.8666404363903473,1.0,1.0,0,0,18.31531301901904,0.1589469021858853,1.0,0.8835582630929789,1.0,2,2,0,0,A0-S0; A1-S0,A0-S0; A1-S0,,,3,3,47229
0.9155077773870254,0.9155077773870254,1.0,1.0,0,0,5.259058689887107,0.2773278628744368,1.3333333333333333,0.937673045,1.0,2,2,0,0,A0-S0; A1-S0,A0-S0; A1-S0,,,3,3,47492
0.7446435954927937,0.7446435954927937,1.0,1.0,0,0,5.874721037921735,0.5094410468610607,2.0,0.844898969,1.0,2,2,0,0,A0-S0; A1-S0,A0-S0; A1-S0,,,3,3,48408
0.8490368862221732,0.8490368862221732,1.0,1.0,0,0,16.6056376863142,0.351659870557199,1.3333333333333333,0.8742128521313711,1.0,2,2,0,0,A0-S0; A1-S0,A0-S0; A1-S0,,,3,3,48966
0.8734729326305279,0.8734729326305279,1.0,1.0,0,0,13.377376339076372,0.338428341,1.0,0.8948323169521495,1.0,2,2,0,0,A0-S0; A1-S0,A0-S0; A1-S0,,,3,3,49004
0.8662585990145466,0.8662585990145466,1.0,1.0,0,0,12.799290223000206,0.1467588790198446,1.0,0.8974621019742767,1.0,2,2,0,0,A0-S0; A1-S0,A0-S0; A1-S0,,,3,3,49035
0.8936697800471953,0.8936697800471953,1.0,1.0,0,0,1.6574442231947273,0.1899231715090299,1.6666666666666667,0.9379432001778852,1.0,2,2,0,0,A0-S0; A1-S0,A0-S0; A1-S0,,,3,3,49051
0.7628760602692078,0.7628760602692078,1.0,1.0,0,0,11.054003952262748,0.6314346349447056,1.6666666666666667,0.8380171543803293,1.0,2,2,0,0,A0-S0; A1-S0,A0-S0; A1-S0,,,3,3,49320
0.7229770823058929,0.7229770823058929,1.0,1.0,0,0,4.870898390726575,0.6286495470848619,1.6666666666666667,0.8335950564990083,1.0,2,2,0,0,A0-S0; A1-S0,A0-S0; A1-S0,,,3,3,49951
0.7326922189999893,0.7326922189999893,1.0,1.0,0,0,15.13144637641514,0.5493214567694725,1.6666666666666667,0.8147844571397199,1.0,2,2,0,0,A0-S0; A1-S0,A0-S0; A1-S0,,,3,3,50528
0.8840675725671286,0.8840675725671286,1.0,1.0,0,0,4.086773231006832,0.1644940752956357,1.3333333333333333,0.9277045013236564,1.0,2,2,0,0,A0-S0; A1-S0,A0-S0; A1-S0,,,3,3,50530
0.8980139223771616,0.8980139223771616,1.0,1.0,0,0,12.022143155300428,0.182246799,1.0,0.9143954333291276,1.0,2,2,0,0,A0-S0; A1-S0,A0-S0; A1-S0,,,3,3,50537
0.7144785944619514,0.7144785944619514,1.0,1.0,0,0,5.857391014,0.6463166257113325,2.333333333333333,0.8264379040522338,1.0,2,2,0,0,A0-S0; A1-S0,A0-S0; A1-S0,,,3,3,51001
0.7281636360678428,0.7281636360678428,1.0,1.0,0,0,15.298254034640912,0.7644166159352553,1.8333333333333333,0.8067257675489379,1.0,4,4,0,0,A0-S0; A1-S1; A2-S1; A3-S0,A0-S0; A1-S1; A2-S1; A3-S0,,,6,6,51680
0.8485726500884825,0.8485726500884825,1.0,1.0,0,0,10.798413551691672,0.5682649090024291,1.6666666666666667,0.8830836684399515,1.0,2,2,0,0,A0-S0; A1-S0,A0-S0; A1-S0,,,3,3,51693
