base_building_group,variant,sample_id,annual_heating_kWh_mean,annual_heating_kWh_std,annual_heating_kWh_min,annual_heating_kWh_max,peak_heating_kW_mean,peak_heating_kW_std,peak_heating_kW_min,peak_heating_kW_max,overheating_hours_any_zone_gt_26C_mean,overheating_hours_any_zone_gt_26C_std,overheating_hours_any_zone_gt_26C_min,overheating_hours_any_zone_gt_26C_max,mean_interzone_spread_C_mean,mean_interzone_spread_C_std,mean_interzone_spread_C_min,mean_interzone_spread_C_max
DESHPDHK0000lce9,V2,0,91138.79526050665,1708.063908886191,89496.98909070033,93310.48838257192,48.19339965820312,0.7398683960892123,47.57105712890625,49.0450654296875,2435.5,37.224543874528116,2389.0,2474.0,3.980065841161013,0.09019427902314288,3.8725425564335207,4.076634149602555
DESHPDHK0000lce9,V2,32,73399.42444172253,1482.5250593870107,72058.13865846115,75164.20766873384,44.12274340820312,0.4704039765272622,43.70474609375,44.72712451171875,2362.0,44.90731195102493,2305.0,2404.0,3.824808054326293,0.09604414230054016,3.7140380803641504,3.916921573147331
DESHPDHK0000lce9,V2,33,92574.25577125468,2138.8349975724436,90038.03518268872,95153.61802532962,76.26215795898437,0.14067676247177424,76.05526953125,76.3575439453125,238.5,17.0,215.0,255.0,8.8344937853448,0.015634020602334545,8.812574202197151,8.84615439920172
DESHPDHK0000lce9,V2,34,77745.18293256147,1803.552882951611,76044.36637162179,79694.05293626187,46.11009045410157,0.4899851039828676,45.77044873046875,46.83761865234375,2372.5,41.2270137975899,2330.0,2428.0,4.0990868098060105,0.08931954549858054,4.012634371394043,4.184469779704399
DESHPDHK0000lce9,V2,35,36177.69091094835,1612.4831065000853,34563.483265174895,37935.486144557806,30.31706982421875,1.3385601566891647,29.0982607421875,31.85339990234375,2475.5,43.285871444001984,2423.0,2522.0,4.437805464898816,0.040762786705112304,4.377688190733214,4.468176174784291
DESHPDHK0000lce9,V2,36,45151.719050225445,1984.8649739288996,43434.85159594327,47342.622487697816,35.41513317871094,0.6914139835359218,34.69075830078125,36.34565087890625,2634.25,56.74724662924183,2562.0,2682.0,4.642807929051287,0.04749387491930552,4.578151431615417,4.691811780926285
DESHPDHK0000lce9,V2,37,103805.12878744319,1896.2695475920261,102038.4766438034,106052.12597612178,50.36098999023437,0.9737390746425991,49.529115234375,51.601763671875,2439.0,37.10345895825168,2397.0,2486.0,4.347269353223249,0.08859261621555145,4.262431895048459,4.436191293668319
DESHPDHK0000lce9,V2,38,240312.247676399,2623.1302422654503,237851.90822147284,243250.83009101197,88.1479052734375,0.15426434060016692,87.9806259765625,88.2864111328125,207.0,23.65022903342234,172.0,224.0,6.875336016439549,0.018629700337268795,6.851300573419758,6.89116517959454
DESHPDHK0000lce9,V2,39,117899.50549585882,2028.8782132546792,115781.68177593326,120036.19185163033,52.3791865234375,0.561292622246006,51.9404150390625,53.11383984375,2295.0,35.86084215408225,2268.0,2347.0,4.742419732813015,0.061089621021027614,4.669868092166278,4.797306906808228
DESHPDHK0000lce9,V2,40,73114.43875839819,1394.8077641868897,71595.47575134617,74864.17105986337,43.337001953125,0.4529424107033026,42.9929384765625,43.94795751953125,2412.25,23.386249521175134,2382.0,2437.0,3.420556447125234,0.054894748105215954,3.346704767577904,3.4656440970859865
DESHPDHK0000lce9,V2,41,223379.77426685786,2227.8767975293367,221294.1852542681,226044.34647691488,79.14018701171875,0.16955980471755816,78.9020341796875,79.267103515625,62.5,3.1091263510296057,58.0,65.0,6.419768978833421,0.020926647760517808,6.395314201265288,6.440297738423485
DESHPDHK0000lce9,V2,42,223011.11346775398,2121.486254233987,220552.65078684204,225670.7336997381,76.60344165039062,0.16091500514646376,76.3875556640625,76.7332490234375,117.0,9.273618495495704,109.0,126.0,6.952717490534225,0.015126329461369091,6.937217532139287,6.966542942694589
DESHPDHK0000lce9,V2,43,213339.9269475817,2256.3800299874497,210987.23925823628,216055.2260420587,75.62590844726563,0.16732987218111575,75.38558984375,75.75527734375,35.75,9.429563439877091,25.0,48.0,6.146726009358885,0.024169187977879095,6.112064848805033,6.1637833761496745
DESHPDHK0000lce9,V2,45,69282.62883778452,2133.596492568704,66880.71026346409,71708.98265999473,73.39210766601563,0.1346160967674221,73.22219921875,73.5064296875,474.0,30.133038346638727,437.0,509.0,7.588340822848374,0.030246440026913644,7.546963954159636,7.61966222095348
DESHPDHK0000lce9,V2,46,242836.58272264863,2518.9285579547513,240545.25591809745,245873.9865365965,83.99973315429688,0.17051117224157677,83.7589853515625,84.1267509765625,84.75,8.5,73.0,93.0,7.44148728651838,0.03301073010935294,7.404199320463652,7.477309032902167
DESHPDHK0000lce9,V2,47,102975.60115461863,1678.3052040560306,101615.70765160692,105421.69958647796,49.0683154296875,0.437333662197902,48.78901171875,49.71981494140625,2110.25,9.394147114027968,2098.0,2119.0,5.160452589407972,0.07176611196581766,5.091057796454325,5.249839860219253
DESHPDHK0000lce9,V2,48,202181.4894641235,2378.2161676352193,200237.5933530829,205169.27047800535,74.27210620117188,0.17539978643108003,74.029193359375,74.413390625,87.5,11.090536506409418,71.0,95.0,6.343351791933949,0.02913514763978508,6.309689704120849,6.371728460588166
DESHPDHK0000lce9,V2,49,271862.5355293757,2618.52596279711,268991.1972616287,274768.4265660163,88.53956103515625,0.13004686644569327,88.36103125,88.6458994140625,127.0,9.660917830792961,113.0,135.0,8.072118726281216,0.015490757172191146,8.054557999714424,8.08929198131947
DESHPDHK0000lce9,V2,50,87396.6949675274,1685.74669589717,85722.8482358735,89628.22104993892,47.08733972167969,0.6139698663044545,46.54520166015625,47.7025791015625,2277.5,13.203534880225616,2263.0,2295.0,4.05516426792674,0.08387092926712264,3.968437843597069,4.15208550879787
DESHPDHK0000lce9,V2,51,222275.85230616576,2305.4103201711687,220092.1687616252,225086.90699678488,77.969115234375,0.16654949513159245,77.7386943359375,78.10488671875,96.5,16.62327685305558,72.0,109.0,6.375268009369975,0.025977198848839388,6.342185988925309,6.398170062769307
DESHPDHK0000lce9,V2,52,103608.13616962095,1663.7577665338285,102049.71594609196,105844.41127006018,49.70428112792969,0.6127328399760088,49.166451171875,50.28714453125,2139.75,10.21028892833106,2130.0,2150.0,4.069088962303697,0.06382684248555873,4.002145715614881,4.143023909451334
DESHPDHK0000lce9,V2,53,73850.12712234566,1525.490939018915,72258.3083424046,75719.45799362475,42.38548498535156,0.5588939315347515,41.90103955078125,42.92696435546875,2418.0,33.37663853655733,2379.0,2455.0,3.3549813352318596,0.05957331205148094,3.271335573504471,3.403519674735914
DESHPDHK0000lce9,V2,54,103879.77890948157,1655.0500303048327,102242.49469907474,106023.1863599868,48.27722387695312,0.5981893580306908,47.72493896484375,48.865498046875,2149.0,42.37137398448784,2093.0,2196.0,4.4843314477480565,0.08160790718369344,4.398477307656983,4.568274193302083
DESHPDHK0000lce9,V2,55,31668.152371856766,1685.6441624022357,30182.03473714644,33526.51422515273,29.04731671142578,1.0999563466931304,28.0766328125,30.30960693359375,2772.0,43.3589667773576,2714.0,2816.0,5.29229496325713,0.0361294618505192,5.244150939182039,5.331787851327307
DESHPDHK0000lce9,V2,56,207450.05250096292,2109.5216930910706,205417.86888573316,210065.7643362266,72.82831787109376,0.17305982290493432,72.5874248046875,72.971638671875,124.25,14.568802284333465,108.0,143.0,6.267779874197497,0.02516556681675929,6.236421631890448,6.292353748173059
DESHPDHK0000lce9,V2,57,232377.89382765332,2447.423216919254,229724.1858735396,235161.34531895796,81.68178857421876,0.17101988173140334,81.4517880859375,81.829494140625,187.75,15.819292019556372,165.0,201.0,6.956408005709957,0.01600498430645834,6.941738696882628,6.971466144570043
DESHPDHK0000lce9,V2,58,61171.17454083469,2032.161870495071,59478.79796109367,63555.8588374275,61.78653369140625,0.16505465750580559,61.614673828125,61.9371826171875,376.0,33.990194664540134,332.0,411.0,7.656113689776605,0.029029554420205415,7.624495287815633,7.694763591145019
DESHPDHK0000lce9,V2,59,94880.97452041427,1672.1991200710875,93242.94406917566,96910.48848328076,47.72691003417969,1.0582039160100996,46.8640263671875,49.0601484375,2345.75,39.34780807109845,2302.0,2386.0,3.8054115583656904,0.07696146220566628,3.710990056696584,3.8710910434415946
DESHPDHK0000lce9,V2,31,81868.56487592183,2132.6767498450517,79584.96782713688,84617.47773385304,77.7301689453125,0.1687698576915909,77.4897890625,77.8628232421875,455.0,29.64231210055428,414.0,482.0,8.795197357884856,0.021298252282045876,8.765010994409486,8.810540754764327
DESHPDHK0000lce9,V2,30,125537.05941344105,2343.1556316133806,123520.67511580704,128006.11869966782,53.84036206054687,1.0077642021271094,52.914716796875,55.05116015625,2331.75,27.932955446926798,2312.0,2373.0,4.79607978475079,0.059050865235141685,4.733138639243034,4.854278191735302
DESHPDHK0000lce9,V2,44,89335.7843894794,1771.1233100657603,87730.07859684914,91410.4853868,47.16430847167969,0.6093435677590029,46.570681640625,47.76009375,2289.5,41.1703777004778,2234.0,2333.0,4.426474641874593,0.09681417657292479,4.333369293056133,4.524196719241561
DESHPDHK0000lce9,V2,28,58498.4122107982,2171.469391893212,56155.93411714774,60880.9650208829,39.57313537597656,0.7854763454236595,38.67416259765625,40.58112939453125,2465.0,51.92943930629972,2394.0,2513.0,5.058703209735822,0.03721727236299745,5.005813036072723,5.093173098991395
DESHPDHK0000lce9,V2,29,208807.60540937277,2383.6548319933245,206535.4774144812,211748.7763453272,78.03985717773438,0.18039972978349922,77.7921005859375,78.1884697265625,223.0,32.29034943549955,175.0,245.0,6.7184748184244185,0.036659537655206895,6.676956028715689,6.752912451913133
DESHPDHK0000lce9,V2,1,224877.7442984298,2139.153167754193,222748.56415509165,227729.44838043983,77.90788427734375,0.1737127413688691,77.6734111328125,78.0422734375,114.0,13.638181696985855,96.0,129.0,7.862623795787029,0.019384410616988947,7.84353972444686,7.883356852640835
DESHPDHK0000lce9,V2,2,75932.22428856956,1779.7869175800515,74376.05516851178,77919.37435718674,44.7736142578125,0.5383325668504702,44.27235546875,45.35338671875,2464.0,27.47119703738202,2434.0,2496.0,3.618661390865603,0.0373348245234121,3.5786523086378925,3.655577651878265
DESHPDHK0000lce9,V2,3,90723.50819781207,1690.7909090415583,89199.94013339281,92888.58923342758,46.31632104492188,0.8993011492864929,45.57526123046875,47.45430859375,2227.0,45.28428719397785,2163.0,2261.0,3.859463822663396,0.0988059354748483,3.7496982483460535,3.960628381073169
DESHPDHK0000lce9,V2,4,249427.52111644406,2363.3413428828335,247103.8065182288,252203.38538988208,83.47808251953126,0.15018546114715026,83.2537275390625,83.571033203125,49.25,11.528949070347508,34.0,62.0,6.830058144537941,0.018551928154537458,6.8066791647197125,6.845999672537786
DESHPDHK0000lce9,V2,5,241750.06897270243,2495.372243846372,239345.5318823,244869.95677984905,84.6617294921875,0.13471370750174538,84.46143359375,84.74803125,82.5,3.696845502136472,79.0,87.0,8.014245353622972,0.02407449556488476,7.985823924867224,8.041760475446942
DESHPDHK0000lce9,V2,6,240249.54011085967,2682.8867046186497,237669.13962355183,243306.1244917885,87.86055737304687,0.13408138947068607,87.682607421875,87.9691884765625,206.25,15.063753405664428,186.0,220.0,7.296611302139256,0.019679010651908118,7.274865981120389,7.31847685426491
DESHPDHK0000lce9,V2,7,32486.014731950996,1533.1318915075174,31047.50746495348,34426.222360209635,30.456396545410158,1.336024022556732,29.0757041015625,31.90655517578125,2708.0,51.568724371786935,2640.0,2755.0,4.078103713283882,0.075201777376764,3.971875155357151,4.139623249438431
DESHPDHK0000lce9,V2,9,248915.6862797377,2664.1199299000286,246426.26351682268,252064.6825017437,87.034533203125,0.13655885169002271,86.8503603515625,87.1447333984375,105.75,16.070158679988197,85.0,123.0,7.19312343852132,0.012830105086154361,7.18040342127375,7.205195130530105
DESHPDHK0000lce9,V2,10,105183.3836716536,2072.165481566788,103427.23758876655,107546.92424783391,49.82830810546875,0.7812913508317363,49.1670439453125,50.6984755859375,2256.75,39.00747791556554,2210.0,2305.0,4.096241966990384,0.07155853602182266,4.0338032703641336,4.168922534912585
DESHPDHK0000lce9,V2,11,205006.08042556813,2358.697578779153,202948.84587057435,207840.59158698932,73.19115356445312,0.18350857784337796,72.942052734375,73.3470380859375,181.5,15.0,162.0,198.0,6.98828028075948,0.024794536534037834,6.96347278585826,7.013044256500523
DESHPDHK0000lce9,V2,12,245096.82168093644,2808.927363568809,242440.5094986657,248165.6164060054,87.91594580078126,0.15290150041166248,87.7117490234375,88.0388515625,173.75,22.23173407541571,143.0,195.0,6.946024478999002,0.014954006841126494,6.932818246124515,6.96160793924914
DESHPDHK0000lce9,V2,13,225289.30250144287,2494.6653720675113,223102.6416911497,228089.9877017312,77.33453930664062,0.1783400270222702,77.0863095703125,77.483421875,73.5,5.972157622389638,65.0,79.0,6.832367977041756,0.018526382378977097,6.809630438503429,6.848804645867074
DESHPDHK0000lce9,V2,14,224823.239032887,2563.380645894369,222260.6022186384,227676.8142457632,78.51765161132812,0.17800148135432003,78.2715810546875,78.6651630859375,97.0,10.645812948447542,84.0,110.0,6.339990179338165,0.01918187340944301,6.31760746729781,6.358338210479596
DESHPDHK0000lce9,V2,8,213436.11756940148,2063.882650086889,211289.49542737065,215989.20272288693,78.17812524414063,0.16817343069910284,77.938505859375,78.30319921875,94.75,7.632168761236874,84.0,102.0,7.681950835084391,0.028156893840916967,7.651855503583445,7.7109331388531235
DESHPDHK0000lce9,V2,27,228067.2722905358,2408.8207046260522,225594.22257828875,230859.5687497992,82.2016328125,0.1596903527330307,81.96841015625,82.317833984375,171.0,16.391054470858997,147.0,184.0,6.4294705294593975,0.022807500611841496,6.402163807407744,6.449066412910157
DESHPDHK0000lce9,V2,15,79767.84908932992,2300.8959155032676,77337.89017461496,82727.27445158557,73.60458520507812,0.12924600393923738,73.4179951171875,73.6945390625,304.0,20.558858593479034,281.0,331.0,7.645964743652622,0.03355373174215111,7.596984936431477,7.67267238276011
DESHPDHK0000lce9,V2,26,98860.73623737108,1638.0102111401911,97233.2657656703,100989.63703176516,48.45159350585938,0.7407387897517251,47.8116689453125,49.312693359375,2245.25,33.24028680181128,2198.0,2274.0,4.07403777024202,0.08235268131023325,3.975977329532383,4.15763053288812
DESHPDHK0000lce9,V2,25,212307.62422691152,2679.6029507866842,209248.51729849688,215139.88236384105,80.40315942382813,0.13690505944791445,80.218494140625,80.5220126953125,136.0,17.64464035715473,110.0,149.0,7.270003678550763,0.002757815173869271,7.266177834583848,7.272089048711534
DESHPDHK0000lce9,V2,24,42961.82715010812,2180.3693498830353,40679.55822709274,45096.84927344319,32.87227618408203,1.1461481205133635,31.437373046875,34.10271044921875,2617.0,46.611872593435564,2559.0,2665.0,5.219617863004025,0.02730065571603545,5.188967619975283,5.2507064500609895
DESHPDHK0000lce9,V2,22,32122.90034395639,1523.5802925291246,30594.99911256029,34027.54624926508,29.07668536376953,1.1912410290374835,28.05103515625,30.45514453125,2564.25,53.52491631629765,2492.0,2613.0,3.8022061006049386,0.07703793284683678,3.694298596050675,3.8612834406612
DESHPDHK0000lce9,V2,21,101433.33444910728,1704.5100667810016,99930.90674444169,103605.41166549348,48.11809765625,0.9188807905375647,47.342341796875,49.28712109375,2080.25,25.39520952200759,2061.0,2117.0,3.8951580525261007,0.07099613629875764,3.815537974219688,3.959916183494323
DESHPDHK0000lce9,V2,23,102967.23465487167,1959.4980191759246,101312.10023583614,105190.20515416074,49.41244360351563,0.7536147591740356,48.7315703125,50.2492421875,2213.75,35.975686233899694,2189.0,2266.0,4.171536276131214,0.0724346413345305,4.094603750235198,4.237285024022259
DESHPDHK0000lce9,V2,19,72610.89580555906,2110.078223136654,70289.77887898304,75298.73396984334,69.94381518554687,0.14525222156240422,69.780447265625,70.0718427734375,336.0,24.48128536930472,316.0,371.0,7.4842703690500025,0.029391346430913543,7.44528778218989,7.511896801136384
DESHPDHK0000lce9,V2,18,93597.47560106446,1741.024024292973,91910.33830739536,95753.32059207476,47.90532080078125,0.8322718931677721,47.2096552734375,48.91299609375,2359.5,37.224543874528045,2316.0,2407.0,3.9261804795567197,0.0934683810672571,3.832818363861541,4.010475628072022
DESHPDHK0000lce9,V2,17,117631.36129717308,2010.4753507661646,115795.0668824272,120005.59612353749,50.631017822265626,1.3484312438837096,49.4711708984375,52.1172333984375,2188.25,44.88039661143829,2123.0,2223.0,4.478040282631858,0.0646864232323048,4.400286939777941,4.542069378406434
DESHPDHK0000lce9,V2,16,216956.9462347112,2276.0475916575697,214848.2009405884,219639.8799681903,76.63012280273438,0.17518534602854,76.387224609375,76.779078125,78.0,17.53092505640627,52.0,89.0,6.4173599023713415,0.025409834357589835,6.386341726762252,6.439743061150583
DESHPDHK0000lce9,V2,20,35431.09745085892,1589.5113920450885,34006.55991052368,37613.444604630815,30.883662780761718,1.3039933741220762,29.47200048828125,32.276208984375,2574.0,42.03173404306165,2519.0,2619.0,4.404451060003921,0.054900527533826224,4.327089286832939,4.450241229942628
DESHPDHK0000lce9,V3,43,205060.76379979795,1870.9287121001366,203448.918114147,207393.19253902583,70.661466796875,0.17686536782438433,70.4145712890625,70.80794287109374,45.0,9.41629792788369,36.0,58.0,6.2814912233242755,0.04118640357935109,6.220785976340684,6.31224861053582
DESHPDHK0000lce9,V3,39,109654.12167560811,1511.185955055994,108425.3948869244,111858.37243792263,51.23593170166016,0.6753072432049458,50.48920434570312,52.11283374023437,2415.5,32.989897443510415,2391.0,2464.0,4.97204721339992,0.07864443856959327,4.855764980553467,5.027012097319844
DESHPDHK0000lce9,V3,42,209597.36273317275,1817.4691951084617,207697.95683717576,211869.0529157695,70.30305981445312,0.17539889718352505,70.0508671875,70.4308212890625,165.25,27.82534815595305,132.0,192.0,7.178987703997176,0.029506053218109562,7.135676488145933,7.198669343026805
DESHPDHK0000lce9,V3,41,226079.68047009935,2222.813778019202,223986.7434540644,228729.69267794784,80.87991162109375,0.14937291771675926,80.65701171875,80.97567431640626,90.75,9.7082439194738,79.0,102.0,6.4254003767961265,0.022910722420159062,6.393679460887565,6.445462245481799
DESHPDHK0000lce9,V3,40,72233.98183074096,1472.061414731371,70983.55659641128,74098.94158915048,42.6882041015625,0.43717761117472936,42.39364721679687,43.331150390625,2568.75,42.812576033995725,2524.0,2612.0,3.5976375897253736,0.081688252137968,3.4771137252788478,3.652360776586222
DESHPDHK0000lce9,V3,38,227855.88463512904,1780.5453094570912,226174.97528917587,230056.066992806,81.89527038574218,0.13915296653826925,81.688060546875,81.98417578125,219.25,20.205197351176757,189.0,231.0,7.0775956980184205,0.028416412400230736,7.035765580942667,7.097031181308457
DESHPDHK0000lce9,V3,32,87932.11568637466,1468.040905219102,86899.58587460533,90068.94482975388,46.58792694091797,0.4324904592496882,46.28674609375,47.22018701171875,2482.5,20.95232683975701,2459.0,2510.0,5.235052391133236,0.11346811680091765,5.073039819138085,5.326940502754129
DESHPDHK0000lce9,V3,36,37956.395998295004,1410.934383784557,36413.78837766841,39590.23517781519,31.42510241699219,0.9774571670465512,30.33853076171875,32.56924877929688,2768.75,42.78921203605723,2729.0,2821.0,4.860662604232787,0.04571573241396712,4.806894599105526,4.918329805588138
DESHPDHK0000lce9,V3,35,30996.100797669755,1364.5654429186297,29660.19702848585,32736.949699492638,28.235850616455078,1.1751365984729985,26.976695678710936,29.616052001953125,2615.5,37.598758844763296,2575.0,2648.0,4.613591581130598,0.044904046917637365,4.551478026814284,4.658546941517941
DESHPDHK0000lce9,V3,34,71896.14149322288,1235.8801136951038,70770.2605581289,73562.01185137563,44.78291265869141,0.5848837316379755,44.176138671875,45.58258569335938,2482.75,32.38698298185039,2446.0,2524.0,4.268096555464482,0.10665625663586072,4.115464320997578,4.362802875380773
DESHPDHK0000lce9,V3,33,92151.86913932455,2254.206851186798,89749.8699662657,94605.75206701735,76.66360473632812,0.18316435550951554,76.403203125,76.80562939453125,298.0,27.483328279765043,258.0,317.0,8.865563424751242,0.007819062566105298,8.854405514930788,8.871734096639006
DESHPDHK0000lce9,V3,44,91633.0955216837,1723.1587838893204,89727.33421199658,93632.06003992648,47.72638555908203,0.5066604513460417,47.267712158203125,48.26917626953125,2374.0,25.9358182185692,2339.0,2401.0,4.520224107181275,0.13323574465424756,4.326128671082471,4.627881815901306
DESHPDHK0000lce9,V3,37,90149.8842666291,1493.519948775798,89045.28118501502,92255.90751830448,47.76364892578125,0.48595396224758747,47.33779638671875,48.234886474609375,2566.5,38.99145205469185,2521.0,2608.0,4.629468251874821,0.12215261177269494,4.450826400410245,4.709922874998441
DESHPDHK0000lce9,V3,45,66998.90720091591,2003.3821127660851,64980.00634492534,69414.27309817247,71.78145373535156,0.14826669527439795,71.591041015625,71.89957080078125,606.5,36.1893170240427,563.0,648.0,8.129123138682022,0.03580047398335305,8.076040354374816,8.154382074114642
DESHPDHK0000lce9,V3,59,94600.16422798246,1667.0646073365358,93092.75810661558,96760.90413848626,47.60613983154297,0.8724141385617731,46.89927099609375,48.70997216796875,2495.5,35.632382276051466,2448.0,2531.0,4.174766023250731,0.10818977993780617,4.01348718112631,4.239157373754684
DESHPDHK0000lce9,V3,47,108754.9033438343,2063.8754596431068,106876.43211825458,111231.76417914972,49.75184417724609,0.5013519767868404,49.32168603515625,50.38965673828125,2243.25,67.10874259985306,2174.0,2308.0,5.185812911055512,0.09609876518536012,5.045610615739323,5.252965740111986
DESHPDHK0000lce9,V3,48,205263.49739630037,2090.5247728522227,203307.9028223966,208116.8263074645,74.5546123046875,0.17162884233651152,74.31932373046875,74.6860458984375,135.5,21.42428528562855,117.0,156.0,6.574649660571803,0.04128878829213786,6.514447880477047,6.608424287396963
DESHPDHK0000lce9,V3,49,249895.50278139376,2247.2966037155647,247235.0397220127,252480.58651296055,82.56495239257812,0.1636957861893353,82.32787841796875,82.68998486328125,154.25,29.915157807818208,125.0,182.0,8.273791207473666,0.03220755860578286,8.22555876741561,8.29229803208333
DESHPDHK0000lce9,V3,50,97563.8329358576,2145.241127821632,95282.83598508424,100305.084066131,48.83578643798828,0.6089894943405931,48.227081298828125,49.39653125,2445.0,47.462265713582056,2382.0,2497.0,5.099455505238728,0.13595628172226237,4.9078245272906935,5.226544606061087
DESHPDHK0000lce9,V3,51,221450.7631829624,2103.933018775041,219413.4763413369,224179.4425306077,77.22938720703125,0.16088689516457974,77.0054775390625,77.3578408203125,137.25,18.786076404259266,120.0,154.0,6.4405404291064805,0.038174919116993306,6.385331058839649,6.470510165150643
DESHPDHK0000lce9,V3,52,105872.87581564726,1721.4417822066087,104413.05421753858,108135.29893699654,49.73327221679688,0.4899883945168494,49.23995703125,50.22107568359375,2279.0,43.657759905886145,2229.0,2319.0,4.419582280295176,0.1114754140703873,4.255178095583857,4.50295659285024
DESHPDHK0000lce9,V3,53,79033.13396234743,1606.1989437129048,77774.69634956388,81161.35821953436,43.727542114257815,0.4466806388383603,43.37093359375,44.34092163085938,2535.5,41.10555518012951,2489.0,2580.0,3.7643645336306584,0.06965860293012716,3.6636526218601984,3.8112746675106224
DESHPDHK0000lce9,V3,54,102319.26268960256,1778.3541873843276,101051.9984017244,104895.98774289303,48.22554333496094,0.4873274135566456,47.78447241210937,48.7887841796875,2257.0,37.31844941401862,2221.0,2304.0,4.705294605259918,0.13323037315007064,4.513225707380812,4.811879672139847
DESHPDHK0000lce9,V3,55,40309.261100149044,1938.495609666779,38392.33818852708,42382.77243778542,33.048905563354495,0.5971096395202286,32.17875469970703,33.534823974609374,2934.75,41.314848016986176,2883.0,2977.0,5.328163414319322,0.03428384245651666,5.277872445008866,5.355042994777549
DESHPDHK0000lce9,V3,56,208426.9733301965,2065.273695217698,206733.15609666935,211077.90467652548,73.18784350585938,0.16681781324436207,72.9568359375,73.3270859375,162.0,14.7648230602334,144.0,179.0,6.309332063080802,0.04023689405548551,6.255752422401128,6.351302172274724
DESHPDHK0000lce9,V3,57,218424.368655349,2007.5776423760267,216252.05404465093,220787.79583686183,76.81672351074218,0.1873381336397405,76.560634765625,76.97589306640624,210.25,23.32916629457641,186.0,234.0,7.158256271252583,0.03398487408931749,7.107709519110131,7.180877096861717
DESHPDHK0000lce9,V3,58,61142.51701158007,1751.5147148700896,59511.10602944903,63615.661173714325,60.95339685058594,0.15582380971738125,60.78234790039063,61.08784228515625,473.0,42.949582846247374,433.0,519.0,8.01554298466192,0.030535887178501576,7.976475973731241,8.04722273179677
DESHPDHK0000lce9,V3,31,76025.11461084387,2160.2061745959163,74052.7953299029,78758.077531692,76.07346655273437,0.18142692453823214,75.80730419921875,76.19446044921875,533.25,25.95348403072955,503.0,563.0,8.884757755254725,0.0186659757616499,8.857964437201941,8.900227499993315
DESHPDHK0000lce9,V3,46,252200.73104374326,2170.574254234438,250158.822942721,254881.6187566004,84.69789318847657,0.16892615817354353,84.4530703125,84.8127236328125,137.5,9.53939201416946,127.0,147.0,7.831100196520527,0.03775619440100719,7.77859613762342,7.864155353415085
DESHPDHK0000lce9,V3,30,105902.24106879512,1456.3486064850113,104275.40228879314,107614.29008784091,50.31455615234375,0.5210500503646379,49.75957080078125,50.80964477539062,2446.75,32.325170790989894,2409.0,2488.0,5.108586977856467,0.08402961963488384,4.985607612678661,5.173479595517422
DESHPDHK0000lce9,V3,29,206055.4482279587,1971.104065562927,204351.9681264677,208661.25040147937,74.80163598632812,0.18393201327028447,74.54880126953125,74.94337255859375,271.5,34.92372641438292,225.0,303.0,6.804730156161665,0.047369836101179084,6.736413693349123,6.845282438043293
DESHPDHK0000lce9,V3,28,56840.585076712756,1923.6653768131287,55125.229169714985,58941.94410253748,39.701999450683594,0.6776541788385567,38.92910620117188,40.56758251953125,2574.25,38.309050279709815,2526.0,2607.0,5.33427832309221,0.025434090334797883,5.298896252244948,5.359344461521812
DESHPDHK0000lce9,V3,1,216956.14273738783,2149.783910409725,215284.64228838423,219840.9208082444,75.17240185546875,0.18068839335080603,74.91462109375,75.3044013671875,162.75,18.892238265135944,148.0,189.0,7.977990874007556,0.03484680413641606,7.927951798375349,8.008436506271583
DESHPDHK0000lce9,V3,2,78248.5804103164,1537.0684947319326,76997.92559210458,80227.58420200198,45.04462963867188,0.4679106635213723,44.66063012695312,45.6642802734375,2606.25,54.67098560174918,2543.0,2668.0,3.93296360694686,0.06191792008761976,3.8492947698061295,3.996956650980287
DESHPDHK0000lce9,V3,3,88978.77621957197,1657.525395307739,87605.90790263817,91252.47549370216,45.999937744140624,0.7045919048919436,45.40374072265625,46.82507421875,2357.25,35.817826101910036,2309.0,2395.0,4.069620050369995,0.14300534366969206,3.855732435669045,4.153994478927386
DESHPDHK0000lce9,V3,4,242564.4224091299,1972.7381837985206,240822.11873380453,245010.9515242306,79.28519714355468,0.17666565345168952,79.03888427734375,79.42100341796875,66.0,8.164965809277259,54.0,72.0,6.941639449441018,0.030821465122633715,6.8958209059225135,6.960852293918675
DESHPDHK0000lce9,V3,5,238264.02637579598,2218.471510715246,236418.83436927325,241065.81886924905,81.95116455078124,0.1875584577785632,81.68074169921876,82.0821826171875,131.5,27.477263328068172,98.0,161.0,8.047959046308863,0.03351597654859933,8.000371254819838,8.074319157395216
DESHPDHK0000lce9,V3,6,227691.7544073138,2272.9806669239524,225265.09276283637,230598.38777426112,81.97018127441406,0.1751980645866402,81.71493212890626,82.098123046875,264.5,23.014488190413157,233.0,288.0,7.787729017512196,0.036787859846016624,7.734471342332589,7.817872971272502
DESHPDHK0000lce9,V3,7,37643.15524811914,1717.8123572184493,35968.755775512866,39838.58655380786,32.48632470703125,0.5790232465514287,31.91866613769531,33.25386694335938,2896.25,31.847291878588344,2853.0,2928.0,5.3216723261488035,0.025856807580990803,5.295932466289033,5.353703028915437
DESHPDHK0000lce9,V3,8,233939.57038718092,2466.232490607119,231712.00800516424,236773.36772645265,83.17039562988282,0.15973136371851504,82.9324453125,83.27210107421875,137.25,9.742518497116988,129.0,148.0,8.11906709421744,0.03143003689647238,8.074466624769935,8.148244951185255
DESHPDHK0000lce9,V3,9,260399.46693315072,2307.962963222423,258425.7409588364,263311.61213561235,90.54046716308594,0.14624249274793982,90.389515625,90.676359375,147.0,12.727922061357852,131.0,162.0,7.609734481987436,0.015938091397612934,7.587667562090473,7.625755457229888
DESHPDHK0000lce9,V3,10,104788.16822256603,1732.9828350364044,103082.94519923266,107049.93285041732,49.60887548828125,0.6619966144764213,49.02001000976563,50.281615234375,2377.75,35.81782610191002,2326.0,2405.0,4.483610673305067,0.11975191354386504,4.310004389431636,4.583822319379968
DESHPDHK0000lce9,V3,11,218196.401152533,2337.5439395394806,215959.6324032301,221318.80763540723,78.70338891601563,0.15048838180997884,78.49464013671874,78.8223115234375,240.0,22.28601953392904,218.0,267.0,7.004402406220297,0.03143060336623126,6.95930430971043,7.032020940694648
DESHPDHK0000lce9,V3,12,243168.67172614337,2234.448916576067,240955.9131772353,245886.0609840682,88.89006433105469,0.14217685227004587,88.75791845703125,89.0172060546875,210.25,23.243278598338918,180.0,229.0,6.9849059609242365,0.025493015409672904,6.951212267858801,7.008262488847726
DESHPDHK0000lce9,V3,13,236510.53860508837,2077.674462115311,234533.4177351354,239064.25313298023,80.95149011230468,0.14743807215570723,80.73536669921874,81.05926025390625,106.5,7.32575365861197,100.0,117.0,6.966411508282169,0.022111050553404284,6.9364220791518365,6.989451740719037
DESHPDHK0000lce9,V3,0,88363.08479063507,1671.1497482963755,86692.47687683535,90550.99793667844,47.55587902832031,0.5792013258697128,46.99540380859375,48.1208701171875,2571.75,35.82713124621245,2524.0,2609.0,4.267019316480934,0.13497815942741956,4.066044267842304,4.35363720764432
DESHPDHK0000lce9,V3,15,77733.26058028129,2104.597987718005,75532.00720291985,80380.99918389092,71.87453979492187,0.15188285624405098,71.65366357421875,71.99084912109375,402.5,33.11092468254749,367.0,435.0,8.141022960748623,0.02421439727345599,8.112787360565918,8.171914313022114
DESHPDHK0000lce9,V3,14,217271.6010456203,1874.5265617625532,215474.79697824825,219701.66904101628,75.68956127929687,0.16762709293225336,75.456021484375,75.81748779296875,124.5,11.474609652039005,114.0,140.0,6.4721843186966215,0.027733354727259588,6.433489737343593,6.497936634124248
DESHPDHK0000lce9,V3,27,228279.7139228883,1983.1495362432515,226579.551166052,230672.12231694584,80.324275390625,0.17270558402338929,80.08179052734376,80.45163427734374,197.75,27.25649769626807,162.0,220.0,7.054852083657055,0.03355777533603361,7.006509844237114,7.08313285758841
DESHPDHK0000lce9,V3,26,96834.62459748867,1651.516979259625,95383.66836640712,98981.8705862449,47.827694702148435,0.6321439991560978,47.27652685546875,48.50564990234375,2367.5,37.06300941190106,2322.0,2402.0,4.247530993472605,0.1298290754544425,4.05321877928796,4.324505108756137
DESHPDHK0000lce9,V3,25,211596.15762401576,2171.020508584893,209647.4565134197,214272.19682443404,79.1452052001953,0.15931431516168248,78.92262353515625,79.27865380859375,198.5,16.441816606851365,181.0,217.0,7.349795320265074,0.014770862095264266,7.327650941244181,7.357718272753988
DESHPDHK0000lce9,V3,23,113173.28214833271,1861.0275471926536,111354.2702643298,115584.93419037244,51.009686706542965,0.7474259323182628,50.35663842773437,51.85379248046875,2339.5,32.15068687705859,2309.0,2380.0,4.86849964090902,0.10158406486748313,4.719247066243955,4.94484158670395
DESHPDHK0000lce9,V3,22,36991.13223866484,1796.2274581378472,35105.08398817438,39215.83699275491,30.747802276611328,0.5966268418281719,29.950623046875,31.380052490234377,2749.75,21.219095173922966,2731.0,2777.0,5.064603724771951,0.0155156394861471,5.044318169658146,5.079592992693116
DESHPDHK0000lce9,V3,24,37461.7096734324,1160.6200622330753,36513.77416916402,39147.38057863854,30.367481414794923,0.9320029116070048,29.483780883789063,31.380481201171875,2732.5,39.534794801541594,2678.0,2765.0,5.373010360844912,0.02005606819830138,5.346113138990221,5.393650131129789
DESHPDHK0000lce9,V3,20,33352.52953519723,1481.5779803396997,31943.86842747545,35320.54019559796,29.715751373291013,1.2333203870988763,28.54346203613281,31.005533447265623,2763.25,48.36234761326901,2719.0,2809.0,4.623444607589579,0.035070672619236125,4.589303936156601,4.662502536571213
DESHPDHK0000lce9,V3,19,74896.17258909185,2311.543233628412,72427.2855039998,77864.4919284818,72.32031909179688,0.1596090243524431,72.09126611328125,72.44498876953125,461.25,5.4390562906935775,457.0,469.0,8.130734176644454,0.00836713764228483,8.1189432831037,8.13767614365713
DESHPDHK0000lce9,V3,18,88869.95825026109,1436.2064765455366,87582.68218646159,90822.13212286992,46.93841778564453,0.5450301282782374,46.43715893554688,47.4436767578125,2475.75,36.08670115153226,2432.0,2517.0,4.10761833038521,0.11180275194821962,3.9454963300043273,4.199428429901287
DESHPDHK0000lce9,V3,17,111179.32900329372,1788.9775070325509,109319.76914155977,113323.78509774542,49.93546435546875,0.797763007712664,49.22602490234375,50.87945703125,2292.0,22.788886180182953,2264.0,2317.0,4.857790153302257,0.11544318501115641,4.6865875205823855,4.934295236295578
DESHPDHK0000lce9,V3,16,214340.1074468178,2058.2940228806274,212075.19876526212,216854.84210425615,73.87570458984375,0.17500857791722127,73.6312607421875,74.0237548828125,87.0,6.683312551921141,80.0,96.0,6.538226669828803,0.04594652579179655,6.472686596894265,6.579797360494577
DESHPDHK0000lce9,V3,21,103075.16149803114,1865.4724736391593,101275.27727299248,105255.38366330552,48.753556640625,0.63455442970933,48.1356142578125,49.366142578125,2218.25,35.1887766198258,2185.0,2267.0,4.858897370816422,0.09154258457874018,4.723113877821454,4.915928381162344
DESHPDHK0000lce9,V5,38,229545.54139248384,1849.1265531752083,227886.22146686388,231379.22008463752,92.27494122314454,0.2235136850198781,91.989759765625,92.50187939453124,463.25,29.98193900778712,419.0,485.0,8.014179681264817,0.011864578706129104,7.9993111895938,8.02711592884236
DESHPDHK0000lce9,V5,41,218618.62141088088,1638.3490461947201,216973.7360936289,220123.20653418792,86.87200708007813,0.22049796104876482,86.56690869140625,87.0683056640625,307.75,9.979144919948475,297.0,321.0,6.6766161893059355,0.01089616959247467,6.666769939693005,6.690026622781363
DESHPDHK0000lce9,V5,40,70983.77224951441,917.8716588709877,69814.12698013696,71724.0987072919,44.14667541503906,0.7680042851600742,43.04267395019532,44.804274291992186,2914.75,25.289984842489172,2885.0,2942.0,4.228399900469713,0.02726013825509315,4.207434415735621,4.26740804375504
DESHPDHK0000lce9,V5,39,92807.71384639191,1782.933362292706,90668.70175420283,94315.47086588624,50.790899124145504,0.7914669449279416,49.700609375,51.56189093017578,2833.25,9.287087810503355,2825.0,2846.0,5.616613090453309,0.0497752967736648,5.544021608186986,5.657123957114629
DESHPDHK0000lce9,V5,37,80022.96258557233,1337.9045883005758,78767.29627810915,81274.40354954966,47.718444793701174,0.7471442956417431,46.66916003417969,48.43687487792969,2989.0,6.928203230275553,2979.0,2995.0,5.211278171929007,0.06266095155895489,5.1509252207938605,5.271705623087228
DESHPDHK0000lce9,V5,31,69321.55557522611,1573.2706944189813,67505.6539615328,70982.73915652873,84.01090972900391,0.3261915458932997,83.55926440429687,84.31764501953126,1107.75,48.21738967080929,1047.0,1165.0,9.31302044906242,0.02780163883146846,9.275901328536316,9.3383842706
DESHPDHK0000lce9,V5,35,28249.509029874585,978.9583887793013,27148.65292423011,29229.302842791625,28.844465332031252,0.5267228379957541,28.059407836914065,29.16610278320313,3173.75,33.27035717672217,3134.0,3210.0,5.789300927940591,0.022849839412954105,5.763162927069142,5.816435733024913
DESHPDHK0000lce9,V5,34,73972.97879433256,1419.8027718606465,72212.14987907046,75278.37379374332,46.67680520629883,0.6709140456258712,45.73731909179688,47.32050402832032,2909.0,10.832051206181308,2893.0,2917.0,5.425500724974487,0.059070246297438726,5.365811763676781,5.4804766049410665
DESHPDHK0000lce9,V5,33,79879.37324721034,1336.490975150011,78590.69732223779,81047.76041813269,82.50583428955078,0.29601096352958056,82.09233251953125,82.78388696289062,687.25,49.540387564087546,614.0,719.0,9.142931897786369,0.035797224550795065,9.091910811703906,9.17058246335188
DESHPDHK0000lce9,V5,32,91898.86543330285,1319.2623596500948,90097.5929820241,92924.59438644268,49.14011795043945,0.7466896938699432,48.10508752441406,49.85041625976562,2898.75,39.29694644625712,2859.0,2934.0,5.60851830982234,0.044553150483604795,5.560850695760376,5.665594255307838
DESHPDHK0000lce9,V5,42,209315.7717225173,2013.4287410126701,207537.5776335224,211252.1945887345,79.90037512207032,0.3342403705280629,79.44241357421875,80.18065942382813,394.25,32.52050635112149,354.0,430.0,7.850579048316105,0.012601124727290023,7.836477049109248,7.862721650761814
DESHPDHK0000lce9,V5,36,33595.90843307189,907.0883573017716,32567.59449607412,34379.01525633119,32.69576008605957,0.20216836677653796,32.41791326904297,32.8966826171875,3315.75,42.38218965556172,3284.0,3378.0,5.5306219626284,0.017888482055832555,5.507413110209443,5.550458486814123
DESHPDHK0000lce9,V5,43,193027.33673794416,1754.3554341723127,191127.7605456155,194639.69293026344,73.16103918457031,0.33344759473059293,72.68058227539062,73.40919897460938,192.25,9.42956343987709,179.0,201.0,6.657962738549163,0.015495023464009411,6.641179590189299,6.672844418161145
DESHPDHK0000lce9,V5,50,96357.29454756535,1301.4676950461776,94841.45595480029,97628.18198745752,50.456368286132815,0.5976245191589244,49.64185705566406,50.99027465820313,2943.75,24.2538656712698,2917.0,2974.0,5.517411426082212,0.09358810775136427,5.428502758920038,5.644281654458058
DESHPDHK0000lce9,V5,45,60408.620808717664,1199.077082451387,59351.56496363571,61676.32172717602,80.245919921875,0.30726987349593543,79.80988500976562,80.5302900390625,1115.5,24.447222064411843,1086.0,1141.0,9.210382921131574,0.01593946133568261,9.189045549350686,9.2276581266865
DESHPDHK0000lce9,V5,46,240842.689955669,1752.9393028248608,239233.0374813862,242674.51412395897,88.8511005859375,0.2513569024654175,88.48382666015625,89.053552734375,389.25,20.254629100529094,374.0,419.0,7.949652648410249,0.0049931713299434695,7.94463588478168,7.955250804819703
DESHPDHK0000lce9,V5,47,104662.30933755926,891.215579075851,103653.18960491545,105782.17878912744,50.91336529541016,0.7050925916940279,49.87064770507813,51.427258178710936,2779.0,35.44949458972112,2736.0,2818.0,5.595689587853787,0.0398308481194081,5.555711965448794,5.644014314760999
DESHPDHK0000lce9,V5,48,197154.58443609654,2143.19765225825,194944.6757787449,199235.1352288696,82.14283813476563,0.22118685122241713,81.83740258789062,82.36073852539063,430.75,17.55704986607944,409.0,445.0,7.026466445391633,0.016406007915274978,7.005981128328172,7.046027481467486
DESHPDHK0000lce9,V5,49,222003.07893971953,2020.8160515784955,219795.97987669683,223767.67697045655,83.51783276367188,0.2242473690615967,83.204208984375,83.73659814453126,361.0,23.790754506740633,326.0,379.0,8.467730904126222,0.01148901075445778,8.452737770563884,8.480306990464223
DESHPDHK0000lce9,V5,51,204827.48925989534,1913.6250643910569,202811.165354471,206665.1091678216,80.88371868896485,0.25103743003626133,80.52592309570312,81.10108984375,383.0,13.341664064126338,372.0,399.0,6.799592739070828,0.015585413856287884,6.7851049786574125,6.821454911481817
DESHPDHK0000lce9,V5,52,101703.39591993314,1096.4883684877136,100583.9827292986,102820.36999873527,50.69644192504883,0.6319112302649645,49.82410388183594,51.17905859375,2706.25,30.379543555930308,2662.0,2731.0,5.16658238163959,0.06441284979945935,5.1071131845245015,5.238836146723584
DESHPDHK0000lce9,V5,53,72168.37804438063,1100.2420631098737,70862.82792330782,73179.33310560895,44.09663140869141,0.6069737273772811,43.224060913085935,44.58498986816407,2928.0,27.97618034447638,2895.0,2963.0,4.279238933053359,0.06109338837376067,4.213590979208728,4.335265231995181
DESHPDHK0000lce9,V5,54,99902.03494976762,1579.8900835668053,98154.65476665212,101509.13202295428,49.87841763305664,0.632144930171273,49.10733142089844,50.56425561523437,2745.25,27.95681193078592,2709.0,2771.0,5.0544936693146045,0.08322137343453583,4.995820328384051,5.177855449076074
DESHPDHK0000lce9,V5,55,35179.78869241013,699.1127820746153,34163.02245735333,35698.93816942335,33.780844924926754,0.24343164726244704,33.601720581054686,34.13763171386719,3541.25,56.87632782332794,3485.0,3617.0,5.825827139750041,0.026250711627661478,5.792971432174999,5.847111427107709
DESHPDHK0000lce9,V5,56,199834.44177378557,1752.5550828176308,198087.7485088208,201533.59865365573,78.41369848632812,0.27156455978267974,78.02552172851563,78.60941088867187,365.0,14.944341180973263,346.0,382.0,7.092552117133386,0.024496532976789553,7.059818998889123,7.119198448512944
DESHPDHK0000lce9,V5,57,211693.7937686608,1878.0335350964106,209977.6761271375,213400.9217112,83.66763934326173,0.2704779237262375,83.28091967773437,83.88694458007812,432.25,33.559648389099664,383.0,455.0,7.221947122118191,0.015206755233082644,7.206599789059828,7.239464339974838
DESHPDHK0000lce9,V5,30,99734.30704046038,985.4731318086876,98662.78364715232,100715.81007666956,51.08959698486328,0.5036010538520652,50.43674658203125,51.633436401367184,2813.75,10.996211468804518,2801.0,2826.0,5.459579182139219,0.04598024659793275,5.413641415942059,5.520341078748771
DESHPDHK0000lce9,V5,44,81731.6248210813,861.2837386265224,80580.99014034124,82569.43078388492,47.66803494262695,0.684831488163602,46.69327001953125,48.27385021972656,2755.0,24.097026095903768,2731.0,2786.0,5.202189310189458,0.054344348881037424,5.147757443237655,5.2730892073848254
DESHPDHK0000lce9,V5,29,189226.09725124363,1899.422662921485,187263.75114370268,191099.969349118,78.1414144897461,0.3047638881713295,77.72394604492187,78.43193359375,591.5,55.52476924760697,516.0,641.0,7.101477237314332,0.032533652325097855,7.055316793988007,7.129287279083529
DESHPDHK0000lce9,V5,15,60000.352790886216,1519.1782064297274,58314.95964230544,61607.04192709024,73.36959197998047,0.25489905181781247,73.01158154296876,73.61408862304687,917.5,42.60281680828159,871.0,962.0,8.765336728017092,0.021281124637061735,8.741378785921363,8.79106186987698
DESHPDHK0000lce9,V5,27,215512.44044179498,1740.0158338863503,213876.4874730801,217226.5743096112,84.43713763427735,0.23924559688164748,84.09112353515626,84.63201000976562,435.75,31.721443851123805,389.0,456.0,7.226383666852857,0.012988961177548998,7.209673983092018,7.2408260210044
DESHPDHK0000lce9,V5,0,87371.98887633315,1387.1597922483609,85827.29210508007,88579.30608990416,49.21620114135742,0.6092709414924274,48.38829809570313,49.7250283203125,3012.25,30.630866784993206,2983.0,3043.0,5.0759542574282195,0.07596563904111985,5.022238647892874,5.188186163064649
DESHPDHK0000lce9,V5,1,215846.36913698015,1956.5089894425264,214047.89912998184,217980.02194377035,81.71304577636718,0.3250906691042701,81.25530322265625,81.98270654296876,476.5,13.025615788386615,462.0,493.0,8.443001801885167,0.010701016647118027,8.429272257510204,8.45468399854246
DESHPDHK0000lce9,V5,2,73116.61266296543,1001.8345112708574,71920.87215500654,74086.54038908108,45.770274810791015,0.691782492656834,44.78181811523437,46.37687512207031,2997.75,15.628499608087848,2982.0,3014.0,4.798781815681159,0.026820732322007487,4.768319614019832,4.823135489185249
DESHPDHK0000lce9,V5,3,80106.37946988016,1298.1262173830394,78507.37228977964,81265.59232546018,46.51314303588867,0.5314352606821058,45.87420520019531,47.08346105957031,2841.0,26.394443859772235,2807.0,2868.0,4.7845956841338095,0.08950561647081444,4.705643788740362,4.885838299931873
DESHPDHK0000lce9,V5,4,232618.0617714558,1812.1602596953269,230757.5972956876,234325.0909304078,82.93616839599609,0.3272715840514767,82.4611337890625,83.16715283203125,240.0,9.38083151964686,228.0,250.0,7.2171460105844645,0.014097274531131108,7.201664294462857,7.235885952776558
DESHPDHK0000lce9,V5,5,212104.23567639812,1843.648609605866,210388.2080503784,214081.1567545852,81.77048968505859,0.2747023218912757,81.38182568359375,82.02508520507813,388.5,47.346242371139304,321.0,431.0,8.293014909535048,0.015842311769250984,8.277941234089202,8.310132468512801
DESHPDHK0000lce9,V5,6,210903.46682176046,2178.061490217826,208992.6236907096,213052.37706073333,85.683783203125,0.21600824146356612,85.375927734375,85.8742490234375,547.0,13.856406460551007,535.0,567.0,8.202015161269363,0.011205343064283974,8.189263286227005,8.216073579486684
DESHPDHK0000lce9,V5,7,30730.668640231306,718.3535738292733,29801.40207061428,31332.49440080195,32.4698582611084,0.432147608757667,31.946275634765627,32.98127862548828,3494.75,46.68600789672786,3444.0,3555.0,5.851335377252862,0.03412459681249264,5.8008082772672855,5.875747455988367
DESHPDHK0000lce9,V5,8,214348.6669436728,1506.1751713768601,213014.3550460079,216260.1969979747,84.63815606689452,0.2392685826708492,84.28365185546875,84.807345703125,361.75,17.095320997278762,346.0,383.0,8.392526288484826,0.012945003566818904,8.378990163760651,8.410096089163135
DESHPDHK0000lce9,V5,9,232718.44984410526,2058.4895984689438,230840.6426873321,234905.8852670706,91.41507537841797,0.22764739174640145,91.14357470703123,91.63553149414062,404.0,23.108440016582694,373.0,424.0,7.949617238475261,0.0020442489501784184,7.947689286732619,7.95228327078548
DESHPDHK0000lce9,V5,10,97862.45610931996,1271.6400073328311,96214.30098613376,98988.05701852652,50.676065551757816,0.6194228802699766,49.87481555175781,51.28495751953125,2824.75,25.223996511258886,2802.0,2853.0,5.316623587162573,0.04936372156141713,5.26977250989938,5.37815200149053
DESHPDHK0000lce9,V5,11,211431.6089191477,2090.1100260278517,209413.16924681465,213476.86532008665,87.80433758544922,0.2169421445546927,87.52156225585938,88.00144799804687,520.75,10.045728777279765,510.0,532.0,7.12910522210137,0.006227071445769971,7.122142766058386,7.13665392148197
DESHPDHK0000lce9,V5,12,231519.02354250985,1912.2927472367792,229826.33863640597,233277.00079792272,95.92938183593749,0.2313812760769046,95.67538061523436,96.18756518554687,496.0,40.35674251803118,437.0,526.0,7.138254883000603,0.01531662135301416,7.117941786826252,7.153658186432818
DESHPDHK0000lce9,V5,13,227656.97342502995,1795.5682761757712,225938.50653177025,229273.60496632903,87.99443334960938,0.20910401595892766,87.71022143554687,88.18994677734375,301.75,13.59840676942217,283.0,315.0,7.09804852767263,0.015021955758907463,7.088762885726025,7.120459711697254
DESHPDHK0000lce9,V5,14,216772.42855230143,1971.834071920623,214772.95162903448,218484.26894283228,83.98511511230468,0.23093875428853947,83.64410229492188,84.14407080078125,353.25,15.945218719101975,336.0,372.0,7.667477048976881,0.021248043231993353,7.653136266528332,7.698402578081531
DESHPDHK0000lce9,V5,58,55759.13668734548,2151.7174656336438,53893.20473106237,58092.87003647583,73.76503997802735,0.24094968904943015,73.45733862304688,73.99713500976563,1027.75,16.95828214570489,1005.0,1046.0,9.037916746249472,0.0177786391074715,9.016014302025894,9.057695820510911
DESHPDHK0000lce9,V5,16,211792.61877354927,1868.0862193193082,210099.0225931034,213528.26923797236,80.95033410644531,0.2721356847076705,80.56057006835937,81.16867358398437,260.5,15.198684153570664,240.0,273.0,6.623483920611691,0.035860145481060965,6.576759323574695,6.66413868073663
DESHPDHK0000lce9,V5,17,107183.17279661342,1196.1566365526737,106071.99446511254,108537.79177930324,51.432277008056644,0.6416436499543496,50.66204772949219,52.15072045898437,2725.5,40.533936399022494,2687.0,2771.0,5.606630121324043,0.060097500101519014,5.547331544501423,5.686895545739153
DESHPDHK0000lce9,V5,18,84489.48161702964,1172.037202445437,83177.03314218236,85620.58524754617,48.01395471191407,0.6422924175160757,47.127855102539066,48.52291015625,2906.25,36.98085090061257,2860.0,2947.0,4.846791189346341,0.07922174557945587,4.759946515061871,4.919998574754908
DESHPDHK0000lce9,V5,19,64031.66299657587,1576.7186022422582,62314.592918604205,65407.660050548206,78.88751025390624,0.3373254121713143,78.42060595703126,79.21156030273437,989.25,45.132213181569846,932.0,1038.0,8.81662574770679,0.044206911381330476,8.753679937130377,8.85300471246304
DESHPDHK0000lce9,V5,20,25883.488331826335,780.5919503892707,24891.67027966848,26660.16254351884,28.841647659301756,0.6122849608779194,28.00435119628906,29.427835571289062,3411.5,50.50742519669757,3354.0,3476.0,5.515108347782711,0.055608358879933206,5.447292600017123,5.579076447588658
DESHPDHK0000lce9,V5,21,99455.41391052588,908.2522532254964,98466.44394945235,100352.90303887957,49.90121273803711,0.48773006891953996,49.26063659667969,50.28652624511719,2599.5,33.351661627771065,2561.0,2641.0,5.2836997009632665,0.045189958720835074,5.24483270974971,5.348962023355908
DESHPDHK0000lce9,V5,22,30958.26350639033,1071.0266380634425,29554.085972635672,32001.385463205024,32.07261004638672,0.23905629053722321,31.802189331054688,32.38344696044922,3389.25,54.06400527769531,3321.0,3450.0,5.72180410123228,0.041065529173478714,5.666790630757273,5.764834235593782
DESHPDHK0000lce9,V5,23,101826.86165271007,1158.227172031854,100240.76611048398,102783.15210784548,50.90195413208008,0.6140383820881131,50.40369909667969,51.72932189941406,2726.0,5.2281290471193955,2722.0,2733.0,5.384991689681355,0.03715774135508132,5.33271243188251,5.420633372426674
DESHPDHK0000lce9,V5,24,34354.33107646294,1164.290692602528,33166.78747389036,35807.882526558344,32.01635855102539,0.3677725474164286,31.49668927001953,32.31305615234375,3289.0,43.41274774379833,3236.0,3340.0,5.810285899372707,0.05096800952269606,5.737272180932362,5.846754656032862
DESHPDHK0000lce9,V5,25,194439.99130082096,1972.0577754621786,192707.7763317449,196511.798264135,82.53094152832031,0.22211245673245553,82.20388598632813,82.69920336914062,453.5,24.28305307548181,418.0,471.0,7.595782020132562,0.00792077160551515,7.585694533261983,7.603443686976554
DESHPDHK0000lce9,V5,26,89187.29938954615,1094.1317585673562,87919.37690487006,90186.71287780257,48.32792169189453,0.590889467812317,47.60959338378906,48.98592468261719,2781.5,36.170890690351186,2746.0,2817.0,4.738624831392211,0.0551392863299129,4.687335300521756,4.816491487431427
DESHPDHK0000lce9,V5,28,48346.11571272303,891.6731257050765,47339.952870777066,49126.01054243516,39.50615148925781,0.5435780908861435,38.9441958618164,40.24851733398437,3132.0,52.453153702454664,3070.0,3197.0,5.84168787071142,0.04805133652333358,5.773023932998741,5.884042834571585
DESHPDHK0000lce9,V5,59,88701.87262353106,1053.7549702607796,87416.03516528856,89640.20823202703,48.56312322998047,0.6999982793741254,47.96174609375,49.55088134765625,2875.5,17.253019059476774,2858.0,2896.0,4.815372651222841,0.06349935372030856,4.761555147775166,4.887878059184305
