base_building_group,sample_id,pair,delta,kpi
DESHPDHK0000lce9,43,V3 - V2,-8.279163147783752,annual_heating_kWh
DESHPDHK0000lce9,39,V3 - V2,-8.245383820250703,annual_heating_kWh
DESHPDHK0000lce9,42,V3 - V2,-13.413750734581233,annual_heating_kWh
DESHPDHK0000lce9,41,V3 - V2,2.699906203241495,annual_heating_kWh
DESHPDHK0000lce9,40,V3 - V2,-0.8804569276572293,annual_heating_kWh
DESHPDHK0000lce9,38,V3 - V2,-12.456363041269972,annual_heating_kWh
DESHPDHK0000lce9,32,V3 - V2,14.532691244652131,annual_heating_kWh
DESHPDHK0000lce9,36,V3 - V2,-7.195323051930441,annual_heating_kWh
DESHPDHK0000lce9,35,V3 - V2,-5.181590113278599,annual_heating_kWh
DESHPDHK0000lce9,34,V3 - V2,-5.8490414393385874,annual_heating_kWh
DESHPDHK0000lce9,33,V3 - V2,-0.42238663193013054,annual_heating_kWh
DESHPDHK0000lce9,44,V3 - V2,2.297311132204297,annual_heating_kWh
DESHPDHK0000lce9,37,V3 - V2,-13.655244520814085,annual_heating_kWh
DESHPDHK0000lce9,45,V3 - V2,-2.2837216368686057,annual_heating_kWh
DESHPDHK0000lce9,59,V3 - V2,-0.2808102924318082,annual_heating_kWh
DESHPDHK0000lce9,47,V3 - V2,5.779302189215668,annual_heating_kWh
DESHPDHK0000lce9,48,V3 - V2,3.0820079321768716,annual_heating_kWh
DESHPDHK0000lce9,49,V3 - V2,-21.967032747981953,annual_heating_kWh
DESHPDHK0000lce9,50,V3 - V2,10.167137968330207,annual_heating_kWh
DESHPDHK0000lce9,51,V3 - V2,-0.8250891232033609,annual_heating_kWh
DESHPDHK0000lce9,52,V3 - V2,2.2647396460263116,annual_heating_kWh
DESHPDHK0000lce9,53,V3 - V2,5.183006840001777,annual_heating_kWh
DESHPDHK0000lce9,54,V3 - V2,-1.560516219879006,annual_heating_kWh
DESHPDHK0000lce9,55,V3 - V2,8.641108728292279,annual_heating_kWh
DESHPDHK0000lce9,56,V3 - V2,0.9769208292335679,annual_heating_kWh
DESHPDHK0000lce9,57,V3 - V2,-13.953525172304305,annual_heating_kWh
DESHPDHK0000lce9,58,V3 - V2,-0.028657529254618567,annual_heating_kWh
DESHPDHK0000lce9,31,V3 - V2,-5.843450265077961,annual_heating_kWh
DESHPDHK0000lce9,46,V3 - V2,9.364148321094632,annual_heating_kWh
DESHPDHK0000lce9,30,V3 - V2,-19.63481834464593,annual_heating_kWh
DESHPDHK0000lce9,29,V3 - V2,-2.752157181414077,annual_heating_kWh
DESHPDHK0000lce9,28,V3 - V2,-1.657827134085441,annual_heating_kWh
DESHPDHK0000lce9,1,V3 - V2,-7.921601561041985,annual_heating_kWh
DESHPDHK0000lce9,2,V3 - V2,2.316356121746838,annual_heating_kWh
DESHPDHK0000lce9,3,V3 - V2,-1.7447319782401027,annual_heating_kWh
DESHPDHK0000lce9,4,V3 - V2,-6.863098707314144,annual_heating_kWh
DESHPDHK0000lce9,5,V3 - V2,-3.4860425969064526,annual_heating_kWh
DESHPDHK0000lce9,6,V3 - V2,-12.557785703545873,annual_heating_kWh
DESHPDHK0000lce9,7,V3 - V2,5.157140516168143,annual_heating_kWh
DESHPDHK0000lce9,8,V3 - V2,20.503452817779444,annual_heating_kWh
DESHPDHK0000lce9,9,V3 - V2,11.483780653413007,annual_heating_kWh
DESHPDHK0000lce9,10,V3 - V2,-0.39521544908756917,annual_heating_kWh
DESHPDHK0000lce9,11,V3 - V2,13.190320726964885,annual_heating_kWh
DESHPDHK0000lce9,12,V3 - V2,-1.9281499547930725,annual_heating_kWh
DESHPDHK0000lce9,13,V3 - V2,11.221236103645497,annual_heating_kWh
DESHPDHK0000lce9,0,V3 - V2,-2.775710469871585,annual_heating_kWh
DESHPDHK0000lce9,15,V3 - V2,-2.034588509048626,annual_heating_kWh
DESHPDHK0000lce9,14,V3 - V2,-7.5516379872667025,annual_heating_kWh
DESHPDHK0000lce9,27,V3 - V2,0.21244163235250743,annual_heating_kWh
DESHPDHK0000lce9,26,V3 - V2,-2.0261116398824086,annual_heating_kWh
DESHPDHK0000lce9,25,V3 - V2,-0.7114666028957581,annual_heating_kWh
DESHPDHK0000lce9,23,V3 - V2,10.206047493461039,annual_heating_kWh
DESHPDHK0000lce9,22,V3 - V2,4.868231894708449,annual_heating_kWh
DESHPDHK0000lce9,24,V3 - V2,-5.500117476675718,annual_heating_kWh
DESHPDHK0000lce9,20,V3 - V2,-2.0785679156616896,annual_heating_kWh
DESHPDHK0000lce9,19,V3 - V2,2.285276783532783,annual_heating_kWh
DESHPDHK0000lce9,18,V3 - V2,-4.727517350803377,annual_heating_kWh
DESHPDHK0000lce9,17,V3 - V2,-6.452032293879355,annual_heating_kWh
DESHPDHK0000lce9,16,V3 - V2,-2.6168387878934154,annual_heating_kWh
DESHPDHK0000lce9,21,V3 - V2,1.641827048923864,annual_heating_kWh
DESHPDHK0000lce9,38,V5 - V3,1.6896567573547945,annual_heating_kWh
DESHPDHK0000lce9,41,V5 - V3,-7.461059059218474,annual_heating_kWh
DESHPDHK0000lce9,40,V5 - V3,-1.250209581226547,annual_heating_kWh
DESHPDHK0000lce9,39,V5 - V3,-16.8464078292162,annual_heating_kWh
DESHPDHK0000lce9,37,V5 - V3,-10.126921681056775,annual_heating_kWh
DESHPDHK0000lce9,31,V5 - V3,-6.703559035617756,annual_heating_kWh
DESHPDHK0000lce9,35,V5 - V3,-2.7465917677951692,annual_heating_kWh
DESHPDHK0000lce9,34,V5 - V3,2.0768373011096846,annual_heating_kWh
DESHPDHK0000lce9,33,V5 - V3,-12.27249589211421,annual_heating_kWh
DESHPDHK0000lce9,32,V5 - V3,3.9667497469281954,annual_heating_kWh
DESHPDHK0000lce9,42,V5 - V3,-0.2815910106554511,annual_heating_kWh
DESHPDHK0000lce9,36,V5 - V3,-4.360487565223113,annual_heating_kWh
DESHPDHK0000lce9,43,V5 - V3,-12.033427061853786,annual_heating_kWh
DESHPDHK0000lce9,50,V5 - V3,-1.206538388292247,annual_heating_kWh
DESHPDHK0000lce9,45,V5 - V3,-6.59028639219825,annual_heating_kWh
DESHPDHK0000lce9,46,V5 - V3,-11.358041088074271,annual_heating_kWh
DESHPDHK0000lce9,47,V5 - V3,-4.092594006275045,annual_heating_kWh
DESHPDHK0000lce9,48,V5 - V3,-8.10891296020383,annual_heating_kWh
DESHPDHK0000lce9,49,V5 - V3,-27.89242384167423,annual_heating_kWh
DESHPDHK0000lce9,51,V5 - V3,-16.623273923067057,annual_heating_kWh
DESHPDHK0000lce9,52,V5 - V3,-4.169479895714118,annual_heating_kWh
DESHPDHK0000lce9,53,V5 - V3,-6.864755917966803,annual_heating_kWh
DESHPDHK0000lce9,54,V5 - V3,-2.4172277398349395,annual_heating_kWh
DESHPDHK0000lce9,55,V5 - V3,-5.129472407738911,annual_heating_kWh
DESHPDHK0000lce9,56,V5 - V3,-8.592531556410918,annual_heating_kWh
DESHPDHK0000lce9,57,V5 - V3,-6.730574886688206,annual_heating_kWh
DESHPDHK0000lce9,30,V5 - V3,-6.1679340283347415,annual_heating_kWh
DESHPDHK0000lce9,44,V5 - V3,-9.901470700602397,annual_heating_kWh
DESHPDHK0000lce9,29,V5 - V3,-16.82935097671507,annual_heating_kWh
DESHPDHK0000lce9,15,V5 - V3,-17.732907789395075,annual_heating_kWh
DESHPDHK0000lce9,27,V5 - V3,-12.767273481093317,annual_heating_kWh
DESHPDHK0000lce9,0,V5 - V3,-0.9910959143019136,annual_heating_kWh
DESHPDHK0000lce9,1,V5 - V3,-1.1097736004076724,annual_heating_kWh
DESHPDHK0000lce9,2,V5 - V3,-5.1319677473509655,annual_heating_kWh
DESHPDHK0000lce9,3,V5 - V3,-8.872396749691806,annual_heating_kWh
DESHPDHK0000lce9,4,V5 - V3,-9.946360637674108,annual_heating_kWh
DESHPDHK0000lce9,5,V5 - V3,-26.159790699397856,annual_heating_kWh
DESHPDHK0000lce9,6,V5 - V3,-16.788287585553334,annual_heating_kWh
DESHPDHK0000lce9,7,V5 - V3,-6.912486607887833,annual_heating_kWh
DESHPDHK0000lce9,8,V5 - V3,-19.59090344350811,annual_heating_kWh
DESHPDHK0000lce9,9,V5 - V3,-27.68101708904546,annual_heating_kWh
DESHPDHK0000lce9,10,V5 - V3,-6.925712113246075,annual_heating_kWh
DESHPDHK0000lce9,11,V5 - V3,-6.764792233385321,annual_heating_kWh
DESHPDHK0000lce9,12,V5 - V3,-11.649648183633515,annual_heating_kWh
DESHPDHK0000lce9,13,V5 - V3,-8.853565180058416,annual_heating_kWh
DESHPDHK0000lce9,14,V5 - V3,-0.49917249331888164,annual_heating_kWh
DESHPDHK0000lce9,58,V5 - V3,-5.383380324234589,annual_heating_kWh
DESHPDHK0000lce9,16,V5 - V3,-2.5474886732685262,annual_heating_kWh
DESHPDHK0000lce9,17,V5 - V3,-3.996156206680302,annual_heating_kWh
DESHPDHK0000lce9,18,V5 - V3,-4.380476633231447,annual_heating_kWh
DESHPDHK0000lce9,19,V5 - V3,-10.864509592515978,annual_heating_kWh
DESHPDHK0000lce9,20,V5 - V3,-7.469041203370897,annual_heating_kWh
DESHPDHK0000lce9,21,V5 - V3,-3.6197475875052625,annual_heating_kWh
DESHPDHK0000lce9,22,V5 - V3,-6.03286873227451,annual_heating_kWh
DESHPDHK0000lce9,23,V5 - V3,-11.346420495622645,annual_heating_kWh
DESHPDHK0000lce9,24,V5 - V3,-3.107378596969458,annual_heating_kWh
DESHPDHK0000lce9,25,V5 - V3,-17.156166323194803,annual_heating_kWh
DESHPDHK0000lce9,26,V5 - V3,-7.647325207942515,annual_heating_kWh
DESHPDHK0000lce9,28,V5 - V3,-8.494469363989724,annual_heating_kWh
DESHPDHK0000lce9,59,V5 - V3,-5.898291604451399,annual_heating_kWh
DESHPDHK0000lce9,38,V5 - V2,-10.766706283915177,annual_heating_kWh
DESHPDHK0000lce9,41,V5 - V2,-4.76115285597698,annual_heating_kWh
DESHPDHK0000lce9,40,V5 - V2,-2.130666508883776,annual_heating_kWh
DESHPDHK0000lce9,39,V5 - V2,-25.091791649466906,annual_heating_kWh
DESHPDHK0000lce9,37,V5 - V2,-23.78216620187086,annual_heating_kWh
DESHPDHK0000lce9,31,V5 - V2,-12.547009300695718,annual_heating_kWh
DESHPDHK0000lce9,35,V5 - V2,-7.928181881073768,annual_heating_kWh
DESHPDHK0000lce9,34,V5 - V2,-3.772204138228903,annual_heating_kWh
DESHPDHK0000lce9,33,V5 - V2,-12.69488252404434,annual_heating_kWh
DESHPDHK0000lce9,32,V5 - V2,18.499440991580325,annual_heating_kWh
DESHPDHK0000lce9,42,V5 - V2,-13.695341745236686,annual_heating_kWh
DESHPDHK0000lce9,36,V5 - V2,-11.555810617153554,annual_heating_kWh
DESHPDHK0000lce9,43,V5 - V2,-20.312590209637538,annual_heating_kWh
DESHPDHK0000lce9,50,V5 - V2,8.960599580037961,annual_heating_kWh
DESHPDHK0000lce9,45,V5 - V2,-8.874008029066855,annual_heating_kWh
DESHPDHK0000lce9,46,V5 - V2,-1.9938927669796394,annual_heating_kWh
DESHPDHK0000lce9,47,V5 - V2,1.6867081829406234,annual_heating_kWh
DESHPDHK0000lce9,48,V5 - V2,-5.026905028026959,annual_heating_kWh
DESHPDHK0000lce9,49,V5 - V2,-49.85945658965618,annual_heating_kWh
DESHPDHK0000lce9,51,V5 - V2,-17.448363046270416,annual_heating_kWh
DESHPDHK0000lce9,52,V5 - V2,-1.9047402496878059,annual_heating_kWh
DESHPDHK0000lce9,53,V5 - V2,-1.6817490779650253,annual_heating_kWh
DESHPDHK0000lce9,54,V5 - V2,-3.9777439597139455,annual_heating_kWh
DESHPDHK0000lce9,55,V5 - V2,3.511636320553367,annual_heating_kWh
DESHPDHK0000lce9,56,V5 - V2,-7.6156107271773505,annual_heating_kWh
DESHPDHK0000lce9,57,V5 - V2,-20.68410005899251,annual_heating_kWh
DESHPDHK0000lce9,30,V5 - V2,-25.80275237298067,annual_heating_kWh
DESHPDHK0000lce9,44,V5 - V2,-7.604159568398099,annual_heating_kWh
DESHPDHK0000lce9,29,V5 - V2,-19.581508158129147,annual_heating_kWh
DESHPDHK0000lce9,15,V5 - V2,-19.7674962984437,annual_heating_kWh
DESHPDHK0000lce9,27,V5 - V2,-12.554831848740811,annual_heating_kWh
DESHPDHK0000lce9,0,V5 - V2,-3.7668063841734987,annual_heating_kWh
DESHPDHK0000lce9,1,V5 - V2,-9.031375161449658,annual_heating_kWh
DESHPDHK0000lce9,2,V5 - V2,-2.8156116256041277,annual_heating_kWh
DESHPDHK0000lce9,3,V5 - V2,-10.617128727931908,annual_heating_kWh
DESHPDHK0000lce9,4,V5 - V2,-16.80945934498825,annual_heating_kWh
DESHPDHK0000lce9,5,V5 - V2,-29.645833296304307,annual_heating_kWh
DESHPDHK0000lce9,6,V5 - V2,-29.34607328909921,annual_heating_kWh
DESHPDHK0000lce9,7,V5 - V2,-1.75534609171969,annual_heating_kWh
DESHPDHK0000lce9,8,V5 - V2,0.9125493742713298,annual_heating_kWh
DESHPDHK0000lce9,9,V5 - V2,-16.197236435632455,annual_heating_kWh
DESHPDHK0000lce9,10,V5 - V2,-7.320927562333644,annual_heating_kWh
DESHPDHK0000lce9,11,V5 - V2,6.425528493579565,annual_heating_kWh
DESHPDHK0000lce9,12,V5 - V2,-13.577798138426587,annual_heating_kWh
DESHPDHK0000lce9,13,V5 - V2,2.3676709235870805,annual_heating_kWh
DESHPDHK0000lce9,14,V5 - V2,-8.050810480585584,annual_heating_kWh
DESHPDHK0000lce9,58,V5 - V2,-5.412037853489208,annual_heating_kWh
DESHPDHK0000lce9,16,V5 - V2,-5.164327461161942,annual_heating_kWh
DESHPDHK0000lce9,17,V5 - V2,-10.448188500559656,annual_heating_kWh
DESHPDHK0000lce9,18,V5 - V2,-9.107993984034824,annual_heating_kWh
DESHPDHK0000lce9,19,V5 - V2,-8.579232808983194,annual_heating_kWh
DESHPDHK0000lce9,20,V5 - V2,-9.547609119032586,annual_heating_kWh
DESHPDHK0000lce9,21,V5 - V2,-1.9779205385813985,annual_heating_kWh
DESHPDHK0000lce9,22,V5 - V2,-1.1646368375660605,annual_heating_kWh
DESHPDHK0000lce9,23,V5 - V2,-1.1403730021616065,annual_heating_kWh
DESHPDHK0000lce9,24,V5 - V2,-8.607496073645176,annual_heating_kWh
DESHPDHK0000lce9,25,V5 - V2,-17.86763292609056,annual_heating_kWh
DESHPDHK0000lce9,26,V5 - V2,-9.673436847824924,annual_heating_kWh
DESHPDHK0000lce9,28,V5 - V2,-10.152296498075165,annual_heating_kWh
DESHPDHK0000lce9,59,V5 - V2,-6.179101896883207,annual_heating_kWh
DESHPDHK0000lce9,43,V3 - V2,-4.964441650390626,peak_heating_kW
DESHPDHK0000lce9,39,V3 - V2,-1.1432548217773402,peak_heating_kW
DESHPDHK0000lce9,42,V3 - V2,-6.3003818359375,peak_heating_kW
DESHPDHK0000lce9,41,V3 - V2,1.7397246093750027,peak_heating_kW
DESHPDHK0000lce9,40,V3 - V2,-0.6487978515624988,peak_heating_kW
DESHPDHK0000lce9,38,V3 - V2,-6.252634887695322,peak_heating_kW
DESHPDHK0000lce9,32,V3 - V2,2.465183532714846,peak_heating_kW
DESHPDHK0000lce9,36,V3 - V2,-3.9900307617187494,peak_heating_kW
DESHPDHK0000lce9,35,V3 - V2,-2.08121920776367,peak_heating_kW
DESHPDHK0000lce9,34,V3 - V2,-1.327177795410158,peak_heating_kW
DESHPDHK0000lce9,33,V3 - V2,0.4014467773437502,peak_heating_kW
DESHPDHK0000lce9,44,V3 - V2,0.5620770874023435,peak_heating_kW
DESHPDHK0000lce9,37,V3 - V2,-2.5973410644531256,peak_heating_kW
DESHPDHK0000lce9,45,V3 - V2,-1.6106539306640713,peak_heating_kW
DESHPDHK0000lce9,59,V3 - V2,-0.12077020263672011,peak_heating_kW
DESHPDHK0000lce9,47,V3 - V2,0.68352874755859,peak_heating_kW
DESHPDHK0000lce9,48,V3 - V2,0.28250610351561534,peak_heating_kW
DESHPDHK0000lce9,49,V3 - V2,-5.974608642578133,peak_heating_kW
DESHPDHK0000lce9,50,V3 - V2,1.7484467163085924,peak_heating_kW
DESHPDHK0000lce9,51,V3 - V2,-0.7397280273437445,peak_heating_kW
DESHPDHK0000lce9,52,V3 - V2,0.02899108886718693,peak_heating_kW
DESHPDHK0000lce9,53,V3 - V2,1.342057128906255,peak_heating_kW
DESHPDHK0000lce9,54,V3 - V2,-0.05168054199218375,peak_heating_kW
DESHPDHK0000lce9,55,V3 - V2,4.001588851928716,peak_heating_kW
DESHPDHK0000lce9,56,V3 - V2,0.3595256347656175,peak_heating_kW
DESHPDHK0000lce9,57,V3 - V2,-4.865065063476578,peak_heating_kW
DESHPDHK0000lce9,58,V3 - V2,-0.833136840820309,peak_heating_kW
DESHPDHK0000lce9,31,V3 - V2,-1.6567023925781257,peak_heating_kW
DESHPDHK0000lce9,46,V3 - V2,0.6981600341796934,peak_heating_kW
DESHPDHK0000lce9,30,V3 - V2,-3.5258059082031252,peak_heating_kW
DESHPDHK0000lce9,29,V3 - V2,-3.2382211914062538,peak_heating_kW
DESHPDHK0000lce9,28,V3 - V2,0.12886407470703176,peak_heating_kW
DESHPDHK0000lce9,1,V3 - V2,-2.7354824218750053,peak_heating_kW
DESHPDHK0000lce9,2,V3 - V2,0.2710153808593816,peak_heating_kW
DESHPDHK0000lce9,3,V3 - V2,-0.3163833007812542,peak_heating_kW
DESHPDHK0000lce9,4,V3 - V2,-4.192885375976573,peak_heating_kW
DESHPDHK0000lce9,5,V3 - V2,-2.710564941406261,peak_heating_kW
DESHPDHK0000lce9,6,V3 - V2,-5.890376098632814,peak_heating_kW
DESHPDHK0000lce9,7,V3 - V2,2.0299281616210934,peak_heating_kW
DESHPDHK0000lce9,8,V3 - V2,4.992270385742188,peak_heating_kW
DESHPDHK0000lce9,9,V3 - V2,3.5059339599609416,peak_heating_kW
DESHPDHK0000lce9,10,V3 - V2,-0.2194326171875005,peak_heating_kW
DESHPDHK0000lce9,11,V3 - V2,5.512235351562509,peak_heating_kW
DESHPDHK0000lce9,12,V3 - V2,0.9741185302734294,peak_heating_kW
DESHPDHK0000lce9,13,V3 - V2,3.616950805664061,peak_heating_kW
DESHPDHK0000lce9,0,V3 - V2,-0.6375206298828076,peak_heating_kW
DESHPDHK0000lce9,15,V3 - V2,-1.7300454101562508,peak_heating_kW
DESHPDHK0000lce9,14,V3 - V2,-2.828090332031252,peak_heating_kW
DESHPDHK0000lce9,27,V3 - V2,-1.87735742187499,peak_heating_kW
DESHPDHK0000lce9,26,V3 - V2,-0.6238988037109436,peak_heating_kW
DESHPDHK0000lce9,25,V3 - V2,-1.2579542236328223,peak_heating_kW
DESHPDHK0000lce9,23,V3 - V2,1.5972431030273384,peak_heating_kW
DESHPDHK0000lce9,22,V3 - V2,1.6711169128417964,peak_heating_kW
DESHPDHK0000lce9,24,V3 - V2,-2.504794769287109,peak_heating_kW
DESHPDHK0000lce9,20,V3 - V2,-1.1679114074707044,peak_heating_kW
DESHPDHK0000lce9,19,V3 - V2,2.376503906250008,peak_heating_kW
DESHPDHK0000lce9,18,V3 - V2,-0.9669030151367153,peak_heating_kW
DESHPDHK0000lce9,17,V3 - V2,-0.6955534667968735,peak_heating_kW
DESHPDHK0000lce9,16,V3 - V2,-2.754418212890627,peak_heating_kW
DESHPDHK0000lce9,21,V3 - V2,0.6354589843749991,peak_heating_kW
DESHPDHK0000lce9,38,V5 - V3,10.379670837402358,peak_heating_kW
DESHPDHK0000lce9,41,V5 - V3,5.99209545898438,peak_heating_kW
DESHPDHK0000lce9,40,V5 - V3,1.458471313476565,peak_heating_kW
DESHPDHK0000lce9,39,V5 - V3,-0.4450325775146524,peak_heating_kW
DESHPDHK0000lce9,37,V5 - V3,-0.04520413208007312,peak_heating_kW
DESHPDHK0000lce9,31,V5 - V3,7.937443176269539,peak_heating_kW
DESHPDHK0000lce9,35,V5 - V3,0.6086147155761736,peak_heating_kW
DESHPDHK0000lce9,34,V5 - V3,1.8938925476074218,peak_heating_kW
DESHPDHK0000lce9,33,V5 - V3,5.842229553222651,peak_heating_kW
DESHPDHK0000lce9,32,V5 - V3,2.5521910095214864,peak_heating_kW
DESHPDHK0000lce9,42,V5 - V3,9.597315307617194,peak_heating_kW
DESHPDHK0000lce9,36,V5 - V3,1.2706576690673828,peak_heating_kW
DESHPDHK0000lce9,43,V5 - V3,2.4995723876953093,peak_heating_kW
DESHPDHK0000lce9,50,V5 - V3,1.620581848144532,peak_heating_kW
DESHPDHK0000lce9,45,V5 - V3,8.464466186523438,peak_heating_kW
DESHPDHK0000lce9,46,V5 - V3,4.153207397460932,peak_heating_kW
DESHPDHK0000lce9,47,V5 - V3,1.1615211181640674,peak_heating_kW
DESHPDHK0000lce9,48,V5 - V3,7.58822583007813,peak_heating_kW
DESHPDHK0000lce9,49,V5 - V3,0.9528803710937552,peak_heating_kW
DESHPDHK0000lce9,51,V5 - V3,3.654331481933596,peak_heating_kW
DESHPDHK0000lce9,52,V5 - V3,0.9631697082519537,peak_heating_kW
DESHPDHK0000lce9,53,V5 - V3,0.36908929443359284,peak_heating_kW
DESHPDHK0000lce9,54,V5 - V3,1.6528742980957034,peak_heating_kW
DESHPDHK0000lce9,55,V5 - V3,0.7319393615722589,peak_heating_kW
DESHPDHK0000lce9,56,V5 - V3,5.225854980468739,peak_heating_kW
DESHPDHK0000lce9,57,V5 - V3,6.850915832519547,peak_heating_kW
DESHPDHK0000lce9,30,V5 - V3,0.7750408325195295,peak_heating_kW
DESHPDHK0000lce9,44,V5 - V3,-0.05835061645507977,peak_heating_kW
DESHPDHK0000lce9,29,V5 - V3,3.3397785034179748,peak_heating_kW
DESHPDHK0000lce9,15,V5 - V3,1.4950521850585972,peak_heating_kW
DESHPDHK0000lce9,27,V5 - V3,4.112862243652344,peak_heating_kW
DESHPDHK0000lce9,0,V5 - V3,1.660322113037111,peak_heating_kW
DESHPDHK0000lce9,1,V5 - V3,6.540643920898432,peak_heating_kW
DESHPDHK0000lce9,2,V5 - V3,0.7256451721191368,peak_heating_kW
DESHPDHK0000lce9,3,V5 - V3,0.5132052917480436,peak_heating_kW
DESHPDHK0000lce9,4,V5 - V3,3.6509712524414084,peak_heating_kW
DESHPDHK0000lce9,5,V5 - V3,-0.18067486572265068,peak_heating_kW
DESHPDHK0000lce9,6,V5 - V3,3.7136019287109434,peak_heating_kW
DESHPDHK0000lce9,7,V5 - V3,-0.016466445922851847,peak_heating_kW
DESHPDHK0000lce9,8,V5 - V3,1.4677604370117052,peak_heating_kW
DESHPDHK0000lce9,9,V5 - V3,0.8746082153320316,peak_heating_kW
DESHPDHK0000lce9,10,V5 - V3,1.0671900634765663,peak_heating_kW
DESHPDHK0000lce9,11,V5 - V3,9.100948669433592,peak_heating_kW
DESHPDHK0000lce9,12,V5 - V3,7.039317504882803,peak_heating_kW
DESHPDHK0000lce9,13,V5 - V3,7.042943237304698,peak_heating_kW
DESHPDHK0000lce9,14,V5 - V3,8.295553833007816,peak_heating_kW
DESHPDHK0000lce9,58,V5 - V3,12.811643127441407,peak_heating_kW
DESHPDHK0000lce9,16,V5 - V3,7.074629516601561,peak_heating_kW
DESHPDHK0000lce9,17,V5 - V3,1.4968126525878915,peak_heating_kW
DESHPDHK0000lce9,18,V5 - V3,1.0755369262695353,peak_heating_kW
DESHPDHK0000lce9,19,V5 - V3,6.567191162109367,peak_heating_kW
DESHPDHK0000lce9,20,V5 - V3,-0.8741037139892569,peak_heating_kW
DESHPDHK0000lce9,21,V5 - V3,1.14765609741211,peak_heating_kW
DESHPDHK0000lce9,22,V5 - V3,1.3248077697753935,peak_heating_kW
DESHPDHK0000lce9,23,V5 - V3,-0.10773257446288653,peak_heating_kW
DESHPDHK0000lce9,24,V5 - V3,1.6488771362304675,peak_heating_kW
DESHPDHK0000lce9,25,V5 - V3,3.385736328125006,peak_heating_kW
DESHPDHK0000lce9,26,V5 - V3,0.5002269897460963,peak_heating_kW
DESHPDHK0000lce9,28,V5 - V3,-0.19584796142578398,peak_heating_kW
DESHPDHK0000lce9,59,V5 - V3,0.9569833984375009,peak_heating_kW
DESHPDHK0000lce9,38,V5 - V2,4.127035949707036,peak_heating_kW
DESHPDHK0000lce9,41,V5 - V2,7.731820068359383,peak_heating_kW
DESHPDHK0000lce9,40,V5 - V2,0.8096734619140662,peak_heating_kW
DESHPDHK0000lce9,39,V5 - V2,-1.5882873992919926,peak_heating_kW
DESHPDHK0000lce9,37,V5 - V2,-2.6425451965331987,peak_heating_kW
DESHPDHK0000lce9,31,V5 - V2,6.280740783691414,peak_heating_kW
DESHPDHK0000lce9,35,V5 - V2,-1.4726044921874966,peak_heating_kW
DESHPDHK0000lce9,34,V5 - V2,0.5667147521972637,peak_heating_kW
DESHPDHK0000lce9,33,V5 - V2,6.243676330566402,peak_heating_kW
DESHPDHK0000lce9,32,V5 - V2,5.0173745422363325,peak_heating_kW
DESHPDHK0000lce9,42,V5 - V2,3.2969334716796936,peak_heating_kW
DESHPDHK0000lce9,36,V5 - V2,-2.7193730926513666,peak_heating_kW
DESHPDHK0000lce9,43,V5 - V2,-2.4648692626953164,peak_heating_kW
DESHPDHK0000lce9,50,V5 - V2,3.3690285644531244,peak_heating_kW
DESHPDHK0000lce9,45,V5 - V2,6.853812255859367,peak_heating_kW
DESHPDHK0000lce9,46,V5 - V2,4.851367431640625,peak_heating_kW
DESHPDHK0000lce9,47,V5 - V2,1.8450498657226575,peak_heating_kW
DESHPDHK0000lce9,48,V5 - V2,7.870731933593746,peak_heating_kW
DESHPDHK0000lce9,49,V5 - V2,-5.021728271484378,peak_heating_kW
DESHPDHK0000lce9,51,V5 - V2,2.9146034545898516,peak_heating_kW
DESHPDHK0000lce9,52,V5 - V2,0.9921607971191406,peak_heating_kW
DESHPDHK0000lce9,53,V5 - V2,1.711146423339848,peak_heating_kW
DESHPDHK0000lce9,54,V5 - V2,1.6011937561035197,peak_heating_kW
DESHPDHK0000lce9,55,V5 - V2,4.733528213500975,peak_heating_kW
DESHPDHK0000lce9,56,V5 - V2,5.585380615234357,peak_heating_kW
DESHPDHK0000lce9,57,V5 - V2,1.985850769042969,peak_heating_kW
DESHPDHK0000lce9,30,V5 - V2,-2.7507650756835957,peak_heating_kW
DESHPDHK0000lce9,44,V5 - V2,0.5037264709472637,peak_heating_kW
DESHPDHK0000lce9,29,V5 - V2,0.10155731201172102,peak_heating_kW
DESHPDHK0000lce9,15,V5 - V2,-0.23499322509765364,peak_heating_kW
DESHPDHK0000lce9,27,V5 - V2,2.2355048217773543,peak_heating_kW
DESHPDHK0000lce9,0,V5 - V2,1.0228014831543035,peak_heating_kW
DESHPDHK0000lce9,1,V5 - V2,3.805161499023427,peak_heating_kW
DESHPDHK0000lce9,2,V5 - V2,0.9966605529785184,peak_heating_kW
DESHPDHK0000lce9,3,V5 - V2,0.19682199096678943,peak_heating_kW
DESHPDHK0000lce9,4,V5 - V2,-0.5419141235351645,peak_heating_kW
DESHPDHK0000lce9,5,V5 - V2,-2.891239807128912,peak_heating_kW
DESHPDHK0000lce9,6,V5 - V2,-2.1767741699218703,peak_heating_kW
DESHPDHK0000lce9,7,V5 - V2,2.0134617156982415,peak_heating_kW
DESHPDHK0000lce9,8,V5 - V2,6.460030822753893,peak_heating_kW
DESHPDHK0000lce9,9,V5 - V2,4.380542175292973,peak_heating_kW
DESHPDHK0000lce9,10,V5 - V2,0.8477574462890658,peak_heating_kW
DESHPDHK0000lce9,11,V5 - V2,14.613184020996101,peak_heating_kW
DESHPDHK0000lce9,12,V5 - V2,8.013436035156232,peak_heating_kW
DESHPDHK0000lce9,13,V5 - V2,10.659894042968759,peak_heating_kW
DESHPDHK0000lce9,14,V5 - V2,5.467463500976564,peak_heating_kW
DESHPDHK0000lce9,58,V5 - V2,11.978506286621098,peak_heating_kW
DESHPDHK0000lce9,16,V5 - V2,4.320211303710934,peak_heating_kW
DESHPDHK0000lce9,17,V5 - V2,0.8012591857910181,peak_heating_kW
DESHPDHK0000lce9,18,V5 - V2,0.10863391113282006,peak_heating_kW
DESHPDHK0000lce9,19,V5 - V2,8.943695068359375,peak_heating_kW
DESHPDHK0000lce9,20,V5 - V2,-2.0420151214599613,peak_heating_kW
DESHPDHK0000lce9,21,V5 - V2,1.783115081787109,peak_heating_kW
DESHPDHK0000lce9,22,V5 - V2,2.99592468261719,peak_heating_kW
DESHPDHK0000lce9,23,V5 - V2,1.4895105285644519,peak_heating_kW
DESHPDHK0000lce9,24,V5 - V2,-0.8559176330566416,peak_heating_kW
DESHPDHK0000lce9,25,V5 - V2,2.1277821044921836,peak_heating_kW
DESHPDHK0000lce9,26,V5 - V2,-0.12367181396484739,peak_heating_kW
DESHPDHK0000lce9,28,V5 - V2,-0.06698388671875222,peak_heating_kW
DESHPDHK0000lce9,59,V5 - V2,0.8362131958007808,peak_heating_kW
DESHPDHK0000lce9,43,V3 - V2,9.25,overheating_hours_any_zone_gt_26C
DESHPDHK0000lce9,39,V3 - V2,120.5,overheating_hours_any_zone_gt_26C
DESHPDHK0000lce9,42,V3 - V2,48.25,overheating_hours_any_zone_gt_26C
DESHPDHK0000lce9,41,V3 - V2,28.25,overheating_hours_any_zone_gt_26C
DESHPDHK0000lce9,40,V3 - V2,156.5,overheating_hours_any_zone_gt_26C
DESHPDHK0000lce9,38,V3 - V2,12.25,overheating_hours_any_zone_gt_26C
DESHPDHK0000lce9,32,V3 - V2,120.5,overheating_hours_any_zone_gt_26C
DESHPDHK0000lce9,36,V3 - V2,134.5,overheating_hours_any_zone_gt_26C
DESHPDHK0000lce9,35,V3 - V2,140.0,overheating_hours_any_zone_gt_26C
DESHPDHK0000lce9,34,V3 - V2,110.25,overheating_hours_any_zone_gt_26C
DESHPDHK0000lce9,33,V3 - V2,59.5,overheating_hours_any_zone_gt_26C
DESHPDHK0000lce9,44,V3 - V2,84.5,overheating_hours_any_zone_gt_26C
DESHPDHK0000lce9,37,V3 - V2,127.5,overheating_hours_any_zone_gt_26C
DESHPDHK0000lce9,45,V3 - V2,132.5,overheating_hours_any_zone_gt_26C
DESHPDHK0000lce9,59,V3 - V2,149.75,overheating_hours_any_zone_gt_26C
DESHPDHK0000lce9,47,V3 - V2,133.0,overheating_hours_any_zone_gt_26C
DESHPDHK0000lce9,48,V3 - V2,48.0,overheating_hours_any_zone_gt_26C
DESHPDHK0000lce9,49,V3 - V2,27.25,overheating_hours_any_zone_gt_26C
DESHPDHK0000lce9,50,V3 - V2,167.5,overheating_hours_any_zone_gt_26C
DESHPDHK0000lce9,51,V3 - V2,40.75,overheating_hours_any_zone_gt_26C
DESHPDHK0000lce9,52,V3 - V2,139.25,overheating_hours_any_zone_gt_26C
DESHPDHK0000lce9,53,V3 - V2,117.5,overheating_hours_any_zone_gt_26C
DESHPDHK0000lce9,54,V3 - V2,108.0,overheating_hours_any_zone_gt_26C
DESHPDHK0000lce9,55,V3 - V2,162.75,overheating_hours_any_zone_gt_26C
DESHPDHK0000lce9,56,V3 - V2,37.75,overheating_hours_any_zone_gt_26C
DESHPDHK0000lce9,57,V3 - V2,22.5,overheating_hours_any_zone_gt_26C
DESHPDHK0000lce9,58,V3 - V2,97.0,overheating_hours_any_zone_gt_26C
DESHPDHK0000lce9,31,V3 - V2,78.25,overheating_hours_any_zone_gt_26C
DESHPDHK0000lce9,46,V3 - V2,52.75,overheating_hours_any_zone_gt_26C
DESHPDHK0000lce9,30,V3 - V2,115.0,overheating_hours_any_zone_gt_26C
DESHPDHK0000lce9,29,V3 - V2,48.5,overheating_hours_any_zone_gt_26C
DESHPDHK0000lce9,28,V3 - V2,109.25,overheating_hours_any_zone_gt_26C
DESHPDHK0000lce9,1,V3 - V2,48.75,overheating_hours_any_zone_gt_26C
DESHPDHK0000lce9,2,V3 - V2,142.25,overheating_hours_any_zone_gt_26C
DESHPDHK0000lce9,3,V3 - V2,130.25,overheating_hours_any_zone_gt_26C
DESHPDHK0000lce9,4,V3 - V2,16.75,overheating_hours_any_zone_gt_26C
DESHPDHK0000lce9,5,V3 - V2,49.0,overheating_hours_any_zone_gt_26C
DESHPDHK0000lce9,6,V3 - V2,58.25,overheating_hours_any_zone_gt_26C
DESHPDHK0000lce9,7,V3 - V2,188.25,overheating_hours_any_zone_gt_26C
DESHPDHK0000lce9,8,V3 - V2,42.5,overheating_hours_any_zone_gt_26C
DESHPDHK0000lce9,9,V3 - V2,41.25,overheating_hours_any_zone_gt_26C
DESHPDHK0000lce9,10,V3 - V2,121.0,overheating_hours_any_zone_gt_26C
DESHPDHK0000lce9,11,V3 - V2,58.5,overheating_hours_any_zone_gt_26C
DESHPDHK0000lce9,12,V3 - V2,36.5,overheating_hours_any_zone_gt_26C
DESHPDHK0000lce9,13,V3 - V2,33.0,overheating_hours_any_zone_gt_26C
DESHPDHK0000lce9,0,V3 - V2,136.25,overheating_hours_any_zone_gt_26C
DESHPDHK0000lce9,15,V3 - V2,98.5,overheating_hours_any_zone_gt_26C
DESHPDHK0000lce9,14,V3 - V2,27.5,overheating_hours_any_zone_gt_26C
DESHPDHK0000lce9,27,V3 - V2,26.75,overheating_hours_any_zone_gt_26C
DESHPDHK0000lce9,26,V3 - V2,122.25,overheating_hours_any_zone_gt_26C
DESHPDHK0000lce9,25,V3 - V2,62.5,overheating_hours_any_zone_gt_26C
DESHPDHK0000lce9,23,V3 - V2,125.75,overheating_hours_any_zone_gt_26C
DESHPDHK0000lce9,22,V3 - V2,185.5,overheating_hours_any_zone_gt_26C
DESHPDHK0000lce9,24,V3 - V2,115.5,overheating_hours_any_zone_gt_26C
DESHPDHK0000lce9,20,V3 - V2,189.25,overheating_hours_any_zone_gt_26C
DESHPDHK0000lce9,19,V3 - V2,125.25,overheating_hours_any_zone_gt_26C
DESHPDHK0000lce9,18,V3 - V2,116.25,overheating_hours_any_zone_gt_26C
DESHPDHK0000lce9,17,V3 - V2,103.75,overheating_hours_any_zone_gt_26C
DESHPDHK0000lce9,16,V3 - V2,9.0,overheating_hours_any_zone_gt_26C
DESHPDHK0000lce9,21,V3 - V2,138.0,overheating_hours_any_zone_gt_26C
DESHPDHK0000lce9,38,V5 - V3,244.0,overheating_hours_any_zone_gt_26C
DESHPDHK0000lce9,41,V5 - V3,217.0,overheating_hours_any_zone_gt_26C
DESHPDHK0000lce9,40,V5 - V3,346.0,overheating_hours_any_zone_gt_26C
DESHPDHK0000lce9,39,V5 - V3,417.75,overheating_hours_any_zone_gt_26C
DESHPDHK0000lce9,37,V5 - V3,422.5,overheating_hours_any_zone_gt_26C
DESHPDHK0000lce9,31,V5 - V3,574.5,overheating_hours_any_zone_gt_26C
DESHPDHK0000lce9,35,V5 - V3,558.25,overheating_hours_any_zone_gt_26C
DESHPDHK0000lce9,34,V5 - V3,426.25,overheating_hours_any_zone_gt_26C
DESHPDHK0000lce9,33,V5 - V3,389.25,overheating_hours_any_zone_gt_26C
DESHPDHK0000lce9,32,V5 - V3,416.25,overheating_hours_any_zone_gt_26C
DESHPDHK0000lce9,42,V5 - V3,229.0,overheating_hours_any_zone_gt_26C
DESHPDHK0000lce9,36,V5 - V3,547.0,overheating_hours_any_zone_gt_26C
DESHPDHK0000lce9,43,V5 - V3,147.25,overheating_hours_any_zone_gt_26C
DESHPDHK0000lce9,50,V5 - V3,498.75,overheating_hours_any_zone_gt_26C
DESHPDHK0000lce9,45,V5 - V3,509.0,overheating_hours_any_zone_gt_26C
DESHPDHK0000lce9,46,V5 - V3,251.75,overheating_hours_any_zone_gt_26C
DESHPDHK0000lce9,47,V5 - V3,535.75,overheating_hours_any_zone_gt_26C
DESHPDHK0000lce9,48,V5 - V3,295.25,overheating_hours_any_zone_gt_26C
DESHPDHK0000lce9,49,V5 - V3,206.75,overheating_hours_any_zone_gt_26C
DESHPDHK0000lce9,51,V5 - V3,245.75,overheating_hours_any_zone_gt_26C
DESHPDHK0000lce9,52,V5 - V3,427.25,overheating_hours_any_zone_gt_26C
DESHPDHK0000lce9,53,V5 - V3,392.5,overheating_hours_any_zone_gt_26C
DESHPDHK0000lce9,54,V5 - V3,488.25,overheating_hours_any_zone_gt_26C
DESHPDHK0000lce9,55,V5 - V3,606.5,overheating_hours_any_zone_gt_26C
DESHPDHK0000lce9,56,V5 - V3,203.0,overheating_hours_any_zone_gt_26C
DESHPDHK0000lce9,57,V5 - V3,222.0,overheating_hours_any_zone_gt_26C
DESHPDHK0000lce9,30,V5 - V3,367.0,overheating_hours_any_zone_gt_26C
DESHPDHK0000lce9,44,V5 - V3,381.0,overheating_hours_any_zone_gt_26C
DESHPDHK0000lce9,29,V5 - V3,320.0,overheating_hours_any_zone_gt_26C
DESHPDHK0000lce9,15,V5 - V3,515.0,overheating_hours_any_zone_gt_26C
DESHPDHK0000lce9,27,V5 - V3,238.0,overheating_hours_any_zone_gt_26C
DESHPDHK0000lce9,0,V5 - V3,440.5,overheating_hours_any_zone_gt_26C
DESHPDHK0000lce9,1,V5 - V3,313.75,overheating_hours_any_zone_gt_26C
DESHPDHK0000lce9,2,V5 - V3,391.5,overheating_hours_any_zone_gt_26C
DESHPDHK0000lce9,3,V5 - V3,483.75,overheating_hours_any_zone_gt_26C
DESHPDHK0000lce9,4,V5 - V3,174.0,overheating_hours_any_zone_gt_26C
DESHPDHK0000lce9,5,V5 - V3,257.0,overheating_hours_any_zone_gt_26C
DESHPDHK0000lce9,6,V5 - V3,282.5,overheating_hours_any_zone_gt_26C
DESHPDHK0000lce9,7,V5 - V3,598.5,overheating_hours_any_zone_gt_26C
DESHPDHK0000lce9,8,V5 - V3,224.5,overheating_hours_any_zone_gt_26C
DESHPDHK0000lce9,9,V5 - V3,257.0,overheating_hours_any_zone_gt_26C
DESHPDHK0000lce9,10,V5 - V3,447.0,overheating_hours_any_zone_gt_26C
DESHPDHK0000lce9,11,V5 - V3,280.75,overheating_hours_any_zone_gt_26C
DESHPDHK0000lce9,12,V5 - V3,285.75,overheating_hours_any_zone_gt_26C
DESHPDHK0000lce9,13,V5 - V3,195.25,overheating_hours_any_zone_gt_26C
DESHPDHK0000lce9,14,V5 - V3,228.75,overheating_hours_any_zone_gt_26C
DESHPDHK0000lce9,58,V5 - V3,554.75,overheating_hours_any_zone_gt_26C
DESHPDHK0000lce9,16,V5 - V3,173.5,overheating_hours_any_zone_gt_26C
DESHPDHK0000lce9,17,V5 - V3,433.5,overheating_hours_any_zone_gt_26C
DESHPDHK0000lce9,18,V5 - V3,430.5,overheating_hours_any_zone_gt_26C
DESHPDHK0000lce9,19,V5 - V3,528.0,overheating_hours_any_zone_gt_26C
DESHPDHK0000lce9,20,V5 - V3,648.25,overheating_hours_any_zone_gt_26C
DESHPDHK0000lce9,21,V5 - V3,381.25,overheating_hours_any_zone_gt_26C
DESHPDHK0000lce9,22,V5 - V3,639.5,overheating_hours_any_zone_gt_26C
DESHPDHK0000lce9,23,V5 - V3,386.5,overheating_hours_any_zone_gt_26C
DESHPDHK0000lce9,24,V5 - V3,556.5,overheating_hours_any_zone_gt_26C
DESHPDHK0000lce9,25,V5 - V3,255.0,overheating_hours_any_zone_gt_26C
DESHPDHK0000lce9,26,V5 - V3,414.0,overheating_hours_any_zone_gt_26C
DESHPDHK0000lce9,28,V5 - V3,557.75,overheating_hours_any_zone_gt_26C
DESHPDHK0000lce9,59,V5 - V3,380.0,overheating_hours_any_zone_gt_26C
DESHPDHK0000lce9,38,V5 - V2,256.25,overheating_hours_any_zone_gt_26C
DESHPDHK0000lce9,41,V5 - V2,245.25,overheating_hours_any_zone_gt_26C
DESHPDHK0000lce9,40,V5 - V2,502.5,overheating_hours_any_zone_gt_26C
DESHPDHK0000lce9,39,V5 - V2,538.25,overheating_hours_any_zone_gt_26C
DESHPDHK0000lce9,37,V5 - V2,550.0,overheating_hours_any_zone_gt_26C
DESHPDHK0000lce9,31,V5 - V2,652.75,overheating_hours_any_zone_gt_26C
DESHPDHK0000lce9,35,V5 - V2,698.25,overheating_hours_any_zone_gt_26C
DESHPDHK0000lce9,34,V5 - V2,536.5,overheating_hours_any_zone_gt_26C
DESHPDHK0000lce9,33,V5 - V2,448.75,overheating_hours_any_zone_gt_26C
DESHPDHK0000lce9,32,V5 - V2,536.75,overheating_hours_any_zone_gt_26C
DESHPDHK0000lce9,42,V5 - V2,277.25,overheating_hours_any_zone_gt_26C
DESHPDHK0000lce9,36,V5 - V2,681.5,overheating_hours_any_zone_gt_26C
DESHPDHK0000lce9,43,V5 - V2,156.5,overheating_hours_any_zone_gt_26C
DESHPDHK0000lce9,50,V5 - V2,666.25,overheating_hours_any_zone_gt_26C
DESHPDHK0000lce9,45,V5 - V2,641.5,overheating_hours_any_zone_gt_26C
DESHPDHK0000lce9,46,V5 - V2,304.5,overheating_hours_any_zone_gt_26C
DESHPDHK0000lce9,47,V5 - V2,668.75,overheating_hours_any_zone_gt_26C
DESHPDHK0000lce9,48,V5 - V2,343.25,overheating_hours_any_zone_gt_26C
DESHPDHK0000lce9,49,V5 - V2,234.0,overheating_hours_any_zone_gt_26C
DESHPDHK0000lce9,51,V5 - V2,286.5,overheating_hours_any_zone_gt_26C
DESHPDHK0000lce9,52,V5 - V2,566.5,overheating_hours_any_zone_gt_26C
DESHPDHK0000lce9,53,V5 - V2,510.0,overheating_hours_any_zone_gt_26C
DESHPDHK0000lce9,54,V5 - V2,596.25,overheating_hours_any_zone_gt_26C
DESHPDHK0000lce9,55,V5 - V2,769.25,overheating_hours_any_zone_gt_26C
DESHPDHK0000lce9,56,V5 - V2,240.75,overheating_hours_any_zone_gt_26C
DESHPDHK0000lce9,57,V5 - V2,244.5,overheating_hours_any_zone_gt_26C
DESHPDHK0000lce9,30,V5 - V2,482.0,overheating_hours_any_zone_gt_26C
DESHPDHK0000lce9,44,V5 - V2,465.5,overheating_hours_any_zone_gt_26C
DESHPDHK0000lce9,29,V5 - V2,368.5,overheating_hours_any_zone_gt_26C
DESHPDHK0000lce9,15,V5 - V2,613.5,overheating_hours_any_zone_gt_26C
DESHPDHK0000lce9,27,V5 - V2,264.75,overheating_hours_any_zone_gt_26C
DESHPDHK0000lce9,0,V5 - V2,576.75,overheating_hours_any_zone_gt_26C
DESHPDHK0000lce9,1,V5 - V2,362.5,overheating_hours_any_zone_gt_26C
DESHPDHK0000lce9,2,V5 - V2,533.75,overheating_hours_any_zone_gt_26C
DESHPDHK0000lce9,3,V5 - V2,614.0,overheating_hours_any_zone_gt_26C
DESHPDHK0000lce9,4,V5 - V2,190.75,overheating_hours_any_zone_gt_26C
DESHPDHK0000lce9,5,V5 - V2,306.0,overheating_hours_any_zone_gt_26C
DESHPDHK0000lce9,6,V5 - V2,340.75,overheating_hours_any_zone_gt_26C
DESHPDHK0000lce9,7,V5 - V2,786.75,overheating_hours_any_zone_gt_26C
DESHPDHK0000lce9,8,V5 - V2,267.0,overheating_hours_any_zone_gt_26C
DESHPDHK0000lce9,9,V5 - V2,298.25,overheating_hours_any_zone_gt_26C
DESHPDHK0000lce9,10,V5 - V2,568.0,overheating_hours_any_zone_gt_26C
DESHPDHK0000lce9,11,V5 - V2,339.25,overheating_hours_any_zone_gt_26C
DESHPDHK0000lce9,12,V5 - V2,322.25,overheating_hours_any_zone_gt_26C
DESHPDHK0000lce9,13,V5 - V2,228.25,overheating_hours_any_zone_gt_26C
DESHPDHK0000lce9,14,V5 - V2,256.25,overheating_hours_any_zone_gt_26C
DESHPDHK0000lce9,58,V5 - V2,651.75,overheating_hours_any_zone_gt_26C
DESHPDHK0000lce9,16,V5 - V2,182.5,overheating_hours_any_zone_gt_26C
DESHPDHK0000lce9,17,V5 - V2,537.25,overheating_hours_any_zone_gt_26C
DESHPDHK0000lce9,18,V5 - V2,546.75,overheating_hours_any_zone_gt_26C
DESHPDHK0000lce9,19,V5 - V2,653.25,overheating_hours_any_zone_gt_26C
DESHPDHK0000lce9,20,V5 - V2,837.5,overheating_hours_any_zone_gt_26C
DESHPDHK0000lce9,21,V5 - V2,519.25,overheating_hours_any_zone_gt_26C
DESHPDHK0000lce9,22,V5 - V2,825.0,overheating_hours_any_zone_gt_26C
DESHPDHK0000lce9,23,V5 - V2,512.25,overheating_hours_any_zone_gt_26C
DESHPDHK0000lce9,24,V5 - V2,672.0,overheating_hours_any_zone_gt_26C
DESHPDHK0000lce9,25,V5 - V2,317.5,overheating_hours_any_zone_gt_26C
DESHPDHK0000lce9,26,V5 - V2,536.25,overheating_hours_any_zone_gt_26C
DESHPDHK0000lce9,28,V5 - V2,667.0,overheating_hours_any_zone_gt_26C
DESHPDHK0000lce9,59,V5 - V2,529.75,overheating_hours_any_zone_gt_26C
DESHPDHK0000lce9,43,V3 - V2,0.1347652139653901,mean_interzone_spread_C
DESHPDHK0000lce9,39,V3 - V2,0.22962748058690519,mean_interzone_spread_C
DESHPDHK0000lce9,42,V3 - V2,0.22627021346295173,mean_interzone_spread_C
DESHPDHK0000lce9,41,V3 - V2,0.00563139796270562,mean_interzone_spread_C
DESHPDHK0000lce9,40,V3 - V2,0.17708114260013952,mean_interzone_spread_C
DESHPDHK0000lce9,38,V3 - V2,0.2022596815788713,mean_interzone_spread_C
DESHPDHK0000lce9,32,V3 - V2,1.4102443368069428,mean_interzone_spread_C
DESHPDHK0000lce9,36,V3 - V2,0.21785467518150003,mean_interzone_spread_C
DESHPDHK0000lce9,35,V3 - V2,0.17578611623178197,mean_interzone_spread_C
DESHPDHK0000lce9,34,V3 - V2,0.16900974565847182,mean_interzone_spread_C
DESHPDHK0000lce9,33,V3 - V2,0.031069639406442917,mean_interzone_spread_C
DESHPDHK0000lce9,44,V3 - V2,0.09374946530668193,mean_interzone_spread_C
DESHPDHK0000lce9,37,V3 - V2,0.282198898651572,mean_interzone_spread_C
DESHPDHK0000lce9,45,V3 - V2,0.5407823158336482,mean_interzone_spread_C
DESHPDHK0000lce9,59,V3 - V2,0.36935446488504065,mean_interzone_spread_C
DESHPDHK0000lce9,47,V3 - V2,0.02536032164754065,mean_interzone_spread_C
DESHPDHK0000lce9,48,V3 - V2,0.23129786863785373,mean_interzone_spread_C
DESHPDHK0000lce9,49,V3 - V2,0.20167248119244974,mean_interzone_spread_C
DESHPDHK0000lce9,50,V3 - V2,1.0442912373119881,mean_interzone_spread_C
DESHPDHK0000lce9,51,V3 - V2,0.06527241973650533,mean_interzone_spread_C
DESHPDHK0000lce9,52,V3 - V2,0.35049331799147865,mean_interzone_spread_C
DESHPDHK0000lce9,53,V3 - V2,0.4093831983987988,mean_interzone_spread_C
DESHPDHK0000lce9,54,V3 - V2,0.22096315751186157,mean_interzone_spread_C
DESHPDHK0000lce9,55,V3 - V2,0.03586845106219183,mean_interzone_spread_C
DESHPDHK0000lce9,56,V3 - V2,0.041552188883305696,mean_interzone_spread_C
DESHPDHK0000lce9,57,V3 - V2,0.20184826554262614,mean_interzone_spread_C
DESHPDHK0000lce9,58,V3 - V2,0.35942929488531483,mean_interzone_spread_C
DESHPDHK0000lce9,31,V3 - V2,0.0895603973698691,mean_interzone_spread_C
DESHPDHK0000lce9,46,V3 - V2,0.38961291000214704,mean_interzone_spread_C
DESHPDHK0000lce9,30,V3 - V2,0.31250719310567643,mean_interzone_spread_C
DESHPDHK0000lce9,29,V3 - V2,0.08625533773724658,mean_interzone_spread_C
DESHPDHK0000lce9,28,V3 - V2,0.2755751133563882,mean_interzone_spread_C
DESHPDHK0000lce9,1,V3 - V2,0.11536707822052694,mean_interzone_spread_C
DESHPDHK0000lce9,2,V3 - V2,0.31430221608125697,mean_interzone_spread_C
DESHPDHK0000lce9,3,V3 - V2,0.21015622770659892,mean_interzone_spread_C
DESHPDHK0000lce9,4,V3 - V2,0.11158130490307716,mean_interzone_spread_C
DESHPDHK0000lce9,5,V3 - V2,0.03371369268589142,mean_interzone_spread_C
DESHPDHK0000lce9,6,V3 - V2,0.4911177153729396,mean_interzone_spread_C
DESHPDHK0000lce9,7,V3 - V2,1.2435686128649213,mean_interzone_spread_C
DESHPDHK0000lce9,8,V3 - V2,0.43711625913304974,mean_interzone_spread_C
DESHPDHK0000lce9,9,V3 - V2,0.41661104346611655,mean_interzone_spread_C
DESHPDHK0000lce9,10,V3 - V2,0.38736870631468356,mean_interzone_spread_C
DESHPDHK0000lce9,11,V3 - V2,0.01612212546081704,mean_interzone_spread_C
DESHPDHK0000lce9,12,V3 - V2,0.03888148192523477,mean_interzone_spread_C
DESHPDHK0000lce9,13,V3 - V2,0.13404353124041357,mean_interzone_spread_C
DESHPDHK0000lce9,0,V3 - V2,0.2869534753199212,mean_interzone_spread_C
DESHPDHK0000lce9,15,V3 - V2,0.49505821709600095,mean_interzone_spread_C
DESHPDHK0000lce9,14,V3 - V2,0.13219413935845648,mean_interzone_spread_C
DESHPDHK0000lce9,27,V3 - V2,0.6253815541976575,mean_interzone_spread_C
DESHPDHK0000lce9,26,V3 - V2,0.1734932232305848,mean_interzone_spread_C
DESHPDHK0000lce9,25,V3 - V2,0.07979164171431119,mean_interzone_spread_C
DESHPDHK0000lce9,23,V3 - V2,0.6969633647778064,mean_interzone_spread_C
DESHPDHK0000lce9,22,V3 - V2,1.2623976241670123,mean_interzone_spread_C
DESHPDHK0000lce9,24,V3 - V2,0.15339249784088693,mean_interzone_spread_C
DESHPDHK0000lce9,20,V3 - V2,0.21899354758565792,mean_interzone_spread_C
DESHPDHK0000lce9,19,V3 - V2,0.6464638075944515,mean_interzone_spread_C
DESHPDHK0000lce9,18,V3 - V2,0.18143785082849062,mean_interzone_spread_C
DESHPDHK0000lce9,17,V3 - V2,0.37974987067039834,mean_interzone_spread_C
DESHPDHK0000lce9,16,V3 - V2,0.1208667674574615,mean_interzone_spread_C
DESHPDHK0000lce9,21,V3 - V2,0.9637393182903211,mean_interzone_spread_C
DESHPDHK0000lce9,38,V5 - V3,0.9365839832463969,mean_interzone_spread_C
DESHPDHK0000lce9,41,V5 - V3,0.25121581250980896,mean_interzone_spread_C
DESHPDHK0000lce9,40,V5 - V3,0.630762310744339,mean_interzone_spread_C
DESHPDHK0000lce9,39,V5 - V3,0.6445658770533891,mean_interzone_spread_C
DESHPDHK0000lce9,37,V5 - V3,0.5818099200541864,mean_interzone_spread_C
DESHPDHK0000lce9,31,V5 - V3,0.4282626938076959,mean_interzone_spread_C
DESHPDHK0000lce9,35,V5 - V3,1.1757093468099926,mean_interzone_spread_C
DESHPDHK0000lce9,34,V5 - V3,1.1574041695100048,mean_interzone_spread_C
DESHPDHK0000lce9,33,V5 - V3,0.2773684730351267,mean_interzone_spread_C
DESHPDHK0000lce9,32,V5 - V3,0.3734659186891047,mean_interzone_spread_C
DESHPDHK0000lce9,42,V5 - V3,0.6715913443189283,mean_interzone_spread_C
DESHPDHK0000lce9,36,V5 - V3,0.6699593583956132,mean_interzone_spread_C
DESHPDHK0000lce9,43,V5 - V3,0.3764715152248872,mean_interzone_spread_C
DESHPDHK0000lce9,50,V5 - V3,0.4179559208434842,mean_interzone_spread_C
DESHPDHK0000lce9,45,V5 - V3,1.0812597824495516,mean_interzone_spread_C
DESHPDHK0000lce9,46,V5 - V3,0.1185524518897223,mean_interzone_spread_C
DESHPDHK0000lce9,47,V5 - V3,0.4098766767982749,mean_interzone_spread_C
DESHPDHK0000lce9,48,V5 - V3,0.45181678481983045,mean_interzone_spread_C
DESHPDHK0000lce9,49,V5 - V3,0.1939396966525564,mean_interzone_spread_C
DESHPDHK0000lce9,51,V5 - V3,0.35905230996434767,mean_interzone_spread_C
DESHPDHK0000lce9,52,V5 - V3,0.7470001013444145,mean_interzone_spread_C
DESHPDHK0000lce9,53,V5 - V3,0.514874399422701,mean_interzone_spread_C
DESHPDHK0000lce9,54,V5 - V3,0.3491990640546865,mean_interzone_spread_C
DESHPDHK0000lce9,55,V5 - V3,0.49766372543071924,mean_interzone_spread_C
DESHPDHK0000lce9,56,V5 - V3,0.7832200540525838,mean_interzone_spread_C
DESHPDHK0000lce9,57,V5 - V3,0.06369085086560844,mean_interzone_spread_C
DESHPDHK0000lce9,30,V5 - V3,0.35099220428275224,mean_interzone_spread_C
DESHPDHK0000lce9,44,V5 - V3,0.6819652030081826,mean_interzone_spread_C
DESHPDHK0000lce9,29,V5 - V3,0.2967470811526667,mean_interzone_spread_C
DESHPDHK0000lce9,15,V5 - V3,0.6243137672684682,mean_interzone_spread_C
DESHPDHK0000lce9,27,V5 - V3,0.17153158319580175,mean_interzone_spread_C
DESHPDHK0000lce9,0,V5 - V3,0.8089349409472852,mean_interzone_spread_C
DESHPDHK0000lce9,1,V5 - V3,0.46501092787761067,mean_interzone_spread_C
DESHPDHK0000lce9,2,V5 - V3,0.8658182087342992,mean_interzone_spread_C
DESHPDHK0000lce9,3,V5 - V3,0.7149756337638147,mean_interzone_spread_C
DESHPDHK0000lce9,4,V5 - V3,0.2755065611434464,mean_interzone_spread_C
DESHPDHK0000lce9,5,V5 - V3,0.24505586322618456,mean_interzone_spread_C
DESHPDHK0000lce9,6,V5 - V3,0.41428614375716766,mean_interzone_spread_C
DESHPDHK0000lce9,7,V5 - V3,0.5296630511040581,mean_interzone_spread_C
DESHPDHK0000lce9,8,V5 - V3,0.2734591942673852,mean_interzone_spread_C
DESHPDHK0000lce9,9,V5 - V3,0.3398827564878246,mean_interzone_spread_C
DESHPDHK0000lce9,10,V5 - V3,0.8330129138575053,mean_interzone_spread_C
DESHPDHK0000lce9,11,V5 - V3,0.12470281588107301,mean_interzone_spread_C
DESHPDHK0000lce9,12,V5 - V3,0.15334892207636663,mean_interzone_spread_C
DESHPDHK0000lce9,13,V5 - V3,0.13163701939046124,mean_interzone_spread_C
DESHPDHK0000lce9,14,V5 - V3,1.1952927302802596,mean_interzone_spread_C
DESHPDHK0000lce9,58,V5 - V3,1.022373761587552,mean_interzone_spread_C
DESHPDHK0000lce9,16,V5 - V3,0.08525725078288815,mean_interzone_spread_C
DESHPDHK0000lce9,17,V5 - V3,0.7488399680217865,mean_interzone_spread_C
DESHPDHK0000lce9,18,V5 - V3,0.7391728589611306,mean_interzone_spread_C
DESHPDHK0000lce9,19,V5 - V3,0.6858915710623368,mean_interzone_spread_C
DESHPDHK0000lce9,20,V5 - V3,0.891663740193132,mean_interzone_spread_C
DESHPDHK0000lce9,21,V5 - V3,0.42480233014684465,mean_interzone_spread_C
DESHPDHK0000lce9,22,V5 - V3,0.6572003764603291,mean_interzone_spread_C
DESHPDHK0000lce9,23,V5 - V3,0.516492048772335,mean_interzone_spread_C
DESHPDHK0000lce9,24,V5 - V3,0.4372755385277953,mean_interzone_spread_C
DESHPDHK0000lce9,25,V5 - V3,0.24598669986748778,mean_interzone_spread_C
DESHPDHK0000lce9,26,V5 - V3,0.4910938379196059,mean_interzone_spread_C
DESHPDHK0000lce9,28,V5 - V3,0.5074095476192095,mean_interzone_spread_C
DESHPDHK0000lce9,59,V5 - V3,0.6406066279721099,mean_interzone_spread_C
DESHPDHK0000lce9,38,V5 - V2,1.1388436648252682,mean_interzone_spread_C
DESHPDHK0000lce9,41,V5 - V2,0.2568472104725146,mean_interzone_spread_C
DESHPDHK0000lce9,40,V5 - V2,0.8078434533444785,mean_interzone_spread_C
DESHPDHK0000lce9,39,V5 - V2,0.8741933576402943,mean_interzone_spread_C
DESHPDHK0000lce9,37,V5 - V2,0.8640088187057584,mean_interzone_spread_C
DESHPDHK0000lce9,31,V5 - V2,0.517823091177565,mean_interzone_spread_C
DESHPDHK0000lce9,35,V5 - V2,1.3514954630417746,mean_interzone_spread_C
DESHPDHK0000lce9,34,V5 - V2,1.3264139151684766,mean_interzone_spread_C
DESHPDHK0000lce9,33,V5 - V2,0.3084381124415696,mean_interzone_spread_C
DESHPDHK0000lce9,32,V5 - V2,1.7837102554960476,mean_interzone_spread_C
DESHPDHK0000lce9,42,V5 - V2,0.89786155778188,mean_interzone_spread_C
DESHPDHK0000lce9,36,V5 - V2,0.8878140335771132,mean_interzone_spread_C
DESHPDHK0000lce9,43,V5 - V2,0.5112367291902773,mean_interzone_spread_C
DESHPDHK0000lce9,50,V5 - V2,1.4622471581554723,mean_interzone_spread_C
DESHPDHK0000lce9,45,V5 - V2,1.6220420982831998,mean_interzone_spread_C
DESHPDHK0000lce9,46,V5 - V2,0.5081653618918693,mean_interzone_spread_C
DESHPDHK0000lce9,47,V5 - V2,0.43523699844581554,mean_interzone_spread_C
DESHPDHK0000lce9,48,V5 - V2,0.6831146534576842,mean_interzone_spread_C
DESHPDHK0000lce9,49,V5 - V2,0.39561217784500613,mean_interzone_spread_C
DESHPDHK0000lce9,51,V5 - V2,0.424324729700853,mean_interzone_spread_C
DESHPDHK0000lce9,52,V5 - V2,1.0974934193358932,mean_interzone_spread_C
DESHPDHK0000lce9,53,V5 - V2,0.9242575978214997,mean_interzone_spread_C
DESHPDHK0000lce9,54,V5 - V2,0.570162221566548,mean_interzone_spread_C
DESHPDHK0000lce9,55,V5 - V2,0.5335321764929111,mean_interzone_spread_C
DESHPDHK0000lce9,56,V5 - V2,0.8247722429358895,mean_interzone_spread_C
DESHPDHK0000lce9,57,V5 - V2,0.2655391164082346,mean_interzone_spread_C
DESHPDHK0000lce9,30,V5 - V2,0.6634993973884287,mean_interzone_spread_C
DESHPDHK0000lce9,44,V5 - V2,0.7757146683148646,mean_interzone_spread_C
DESHPDHK0000lce9,29,V5 - V2,0.38300241888991327,mean_interzone_spread_C
DESHPDHK0000lce9,15,V5 - V2,1.1193719843644692,mean_interzone_spread_C
DESHPDHK0000lce9,27,V5 - V2,0.7969131373934593,mean_interzone_spread_C
DESHPDHK0000lce9,0,V5 - V2,1.0958884162672065,mean_interzone_spread_C
DESHPDHK0000lce9,1,V5 - V2,0.5803780060981376,mean_interzone_spread_C
DESHPDHK0000lce9,2,V5 - V2,1.1801204248155561,mean_interzone_spread_C
DESHPDHK0000lce9,3,V5 - V2,0.9251318614704136,mean_interzone_spread_C
DESHPDHK0000lce9,4,V5 - V2,0.38708786604652357,mean_interzone_spread_C
DESHPDHK0000lce9,5,V5 - V2,0.278769555912076,mean_interzone_spread_C
DESHPDHK0000lce9,6,V5 - V2,0.9054038591301072,mean_interzone_spread_C
DESHPDHK0000lce9,7,V5 - V2,1.7732316639689794,mean_interzone_spread_C
DESHPDHK0000lce9,8,V5 - V2,0.7105754534004349,mean_interzone_spread_C
DESHPDHK0000lce9,9,V5 - V2,0.7564937999539412,mean_interzone_spread_C
DESHPDHK0000lce9,10,V5 - V2,1.2203816201721889,mean_interzone_spread_C
DESHPDHK0000lce9,11,V5 - V2,0.14082494134189005,mean_interzone_spread_C
DESHPDHK0000lce9,12,V5 - V2,0.1922304040016014,mean_interzone_spread_C
DESHPDHK0000lce9,13,V5 - V2,0.2656805506308748,mean_interzone_spread_C
DESHPDHK0000lce9,14,V5 - V2,1.327486869638716,mean_interzone_spread_C
DESHPDHK0000lce9,58,V5 - V2,1.381803056472867,mean_interzone_spread_C
DESHPDHK0000lce9,16,V5 - V2,0.20612401824034965,mean_interzone_spread_C
DESHPDHK0000lce9,17,V5 - V2,1.1285898386921849,mean_interzone_spread_C
DESHPDHK0000lce9,18,V5 - V2,0.9206107097896212,mean_interzone_spread_C
DESHPDHK0000lce9,19,V5 - V2,1.3323553786567883,mean_interzone_spread_C
DESHPDHK0000lce9,20,V5 - V2,1.11065728777879,mean_interzone_spread_C
DESHPDHK0000lce9,21,V5 - V2,1.3885416484371658,mean_interzone_spread_C
DESHPDHK0000lce9,22,V5 - V2,1.9195980006273414,mean_interzone_spread_C
DESHPDHK0000lce9,23,V5 - V2,1.2134554135501414,mean_interzone_spread_C
DESHPDHK0000lce9,24,V5 - V2,0.5906680363686823,mean_interzone_spread_C
DESHPDHK0000lce9,25,V5 - V2,0.32577834158179897,mean_interzone_spread_C
DESHPDHK0000lce9,26,V5 - V2,0.6645870611501907,mean_interzone_spread_C
DESHPDHK0000lce9,28,V5 - V2,0.7829846609755977,mean_interzone_spread_C
DESHPDHK0000lce9,59,V5 - V2,1.0099610928571505,mean_interzone_spread_C
