base_building_group,variant,sample_id,annual_heating_kWh_mean,annual_heating_kWh_std,annual_heating_kWh_min,annual_heating_kWh_max
DESHPDHK0000lce9,V1,0,171510.7750939862,2379.608087857698,169927.61894167948,174247.28172920228
DESHPDHK0000lce9,V1,19,28309.815766446194,1831.7064878509307,27114.283432451488,30418.59996325493
DESHPDHK0000lce9,V1,18,179555.13723949107,2371.605147507897,178007.68794302916,182285.53290806388
DESHPDHK0000lce9,V1,17,172120.54960784432,2480.3086475036484,170466.71497076988,174972.4494526743
DESHPDHK0000lce9,V1,16,164281.1558447118,2301.3689352748706,162767.93867548992,166929.57026643373
DESHPDHK0000lce9,V1,15,19726.50882705744,1554.0273546989372,18722.811277314664,21516.55185771203
DESHPDHK0000lce9,V1,13,73058.01085018588,1835.81842263849,71861.55174792481,75171.69198198844
DESHPDHK0000lce9,V1,12,185992.0495834079,2420.115369505763,184391.60924149517,188776.18039643
DESHPDHK0000lce9,V1,11,178881.2534975483,2340.0905253094124,177358.21003744888,181575.7205529058
DESHPDHK0000lce9,V1,10,74121.99602660512,1844.6378960097895,72922.87365908264,76246.11226944947
DESHPDHK0000lce9,V1,14,65865.40409609898,1802.8719142885452,64689.34693983459,67941.05302675057
DESHPDHK0000lce9,V1,8,174447.89664714815,2519.1133766225503,172746.91013139678,177341.895681674
DESHPDHK0000lce9,V1,9,67177.22200663447,1743.1356533850858,66053.53041286659,69185.27311663056
DESHPDHK0000lce9,V1,2,61438.07317036056,1781.9185278601667,60285.93218808985,63490.511504433634
DESHPDHK0000lce9,V1,3,162901.5052000033,2428.0241798114985,161281.33656437017,165693.152439312
DESHPDHK0000lce9,V1,4,70754.8585275782,1826.8749005175725,69564.04772875356,72858.22584069824
DESHPDHK0000lce9,V1,1,166625.37042181334,2392.364572611108,165051.4071284313,169378.41104818915
DESHPDHK0000lce9,V1,6,79869.80561501144,1918.8345512872347,78619.03230871844,82079.04852344513
DESHPDHK0000lce9,V1,7,64352.54955048283,2343.6636697307204,62828.20590799046,67051.2238224144
DESHPDHK0000lce9,V1,5,64197.9033389616,1797.1885576112788,63026.42831426239,66267.09001171017
DESHPDHK0000lce9,V2,11,214218.80063948993,2732.3762973511703,212584.3057335194,217373.1830975816
DESHPDHK0000lce9,V2,19,40609.687685082485,1965.522500037493,38962.1329022073,42785.29758323918
DESHPDHK0000lce9,V2,18,223275.82822217516,2784.8431053392596,221264.1649795908,226454.27563328887
DESHPDHK0000lce9,V2,17,241868.78815080793,3154.431252459146,239693.24930531133,245486.5199399349
DESHPDHK0000lce9,V2,16,207956.6990704505,2684.723655018815,206148.0669131341,211041.4688618617
DESHPDHK0000lce9,V2,15,39769.81978014442,2063.895975342195,38109.040252663806,42080.42071728522
DESHPDHK0000lce9,V2,13,93693.72647146582,2173.076326079617,92421.144897045,96202.89280747843
DESHPDHK0000lce9,V2,12,247592.21872712616,3080.158204469828,245579.89488062583,251138.12258946532
DESHPDHK0000lce9,V2,10,106324.62024281586,2373.47202431725,104946.29672749102,109065.25407329416
DESHPDHK0000lce9,V2,14,93517.17928196357,2152.809608059015,91995.946689653,95980.43404785349
DESHPDHK0000lce9,V2,8,208225.68335572165,2715.226530105551,206202.1171232249,211311.43365753812
DESHPDHK0000lce9,V2,1,227410.62432925074,2522.3992215998724,225451.8743607825,230256.8072184116
DESHPDHK0000lce9,V2,2,82524.85032566874,2160.4240312974757,81226.7419795556,85018.79420716893
DESHPDHK0000lce9,V2,3,204166.00214817465,2789.250967660185,202202.9713087555,207358.8075541163
DESHPDHK0000lce9,V2,4,110413.73599261284,2140.455640577576,108897.35829069864,112862.19090195643
DESHPDHK0000lce9,V2,0,214949.47421192806,2714.4345457101886,212945.3136552272,218038.576351728
DESHPDHK0000lce9,V2,5,101832.2853737989,2230.1772820500223,100135.33002149558,104358.24557104844
DESHPDHK0000lce9,V2,6,117326.76690892463,2309.028809705419,115792.66779996574,119982.33942777816
DESHPDHK0000lce9,V2,7,83517.59468545772,2605.663917185593,81722.06867390919,86506.18269723139
DESHPDHK0000lce9,V2,9,109977.58684096563,2210.000799148096,108567.85641011044,112524.62431122604
DESHPDHK0000lce9,V3,10,106187.02631925147,2097.286141494405,104605.71297117107,108566.13986418604
DESHPDHK0000lce9,V3,18,217218.945642986,2271.774287904314,215493.9431290624,219792.9471659136
DESHPDHK0000lce9,V3,17,236333.32959979345,2889.245415184089,234045.60142906403,239580.1591941004
DESHPDHK0000lce9,V3,16,205423.2006514369,2487.873299635053,203334.6760395179,208175.6966252807
DESHPDHK0000lce9,V3,15,38238.22113624841,1970.4472300090658,36793.312963488366,40482.79301224552
DESHPDHK0000lce9,V3,14,88352.29836206896,1745.0201640961207,87191.72766750428,90359.08366388698
DESHPDHK0000lce9,V3,13,102250.18339102615,2014.2958968556172,100890.84894290828,104564.33688107492
DESHPDHK0000lce9,V3,12,245949.07066050576,2523.9910289444933,244135.75495165135,248831.6954476544
DESHPDHK0000lce9,V3,11,228002.52188108108,2724.2556740719565,225969.77388373212,231097.96313748643
DESHPDHK0000lce9,V3,19,42847.21947758309,2279.514680882272,41093.56168059126,45423.96026457356
DESHPDHK0000lce9,V3,9,117806.03689608896,2166.521604665786,116521.63530782548,120307.41769321484
DESHPDHK0000lce9,V3,7,93866.67564116135,2672.653303279363,91913.4310992432,96912.52542477589
DESHPDHK0000lce9,V3,6,107092.46574479656,2149.068731604577,105414.35369667946,109514.6993895388
DESHPDHK0000lce9,V3,5,98589.63516470969,2149.7025129871336,97148.09361665764,101060.4600431202
DESHPDHK0000lce9,V3,4,103484.79952811867,1949.7272044844085,102344.5399385929,105736.08732356962
DESHPDHK0000lce9,V3,3,202281.0779792145,2612.6720743373025,200434.2439457708,205270.39877097224
DESHPDHK0000lce9,V3,2,85164.86813850305,1962.3477194089041,83993.14678950768,87430.34495429632
DESHPDHK0000lce9,V3,1,219400.53160757254,2567.8519940522315,217885.6632186066,222365.39511835124
DESHPDHK0000lce9,V3,0,211208.16851903443,2575.2777348922905,209101.74010788396,214079.14919018096
DESHPDHK0000lce9,V3,8,228440.96902856193,2975.2095123127947,226646.9112072516,231875.2974963256
DESHPDHK0000lce9,V4,12,248154.26780848476,3438.4012548239293,245742.0668915035,252091.4062090884
DESHPDHK0000lce9,V4,13,104888.38847393806,2617.1202673251646,103050.40653878717,107884.8021953574
DESHPDHK0000lce9,V4,14,88580.39959212054,2320.833243737687,86994.39554333473,91244.15288623484
DESHPDHK0000lce9,V4,11,232013.1678107664,3604.326035742691,229333.14568826975,236110.7642721663
DESHPDHK0000lce9,V4,16,207440.9598783241,3306.670133791081,204723.18395485645,211122.41923746868
DESHPDHK0000lce9,V4,17,238523.95683933378,3842.9971573942903,235522.6521159408,242855.2901473301
DESHPDHK0000lce9,V4,18,217845.01763023844,3054.941053025806,215561.47749387013,221315.2524655296
DESHPDHK0000lce9,V4,15,38886.43902311446,2499.52042224026,37038.355960023895,41730.38786625957
DESHPDHK0000lce9,V4,10,107845.80205117683,2739.34463346309,105750.2236096133,110945.52262249732
DESHPDHK0000lce9,V4,19,43842.47602922077,2862.5249401638102,41581.97538093817,47061.18311551811
DESHPDHK0000lce9,V4,8,234121.36543109477,3828.800925975894,231872.36777613717,238542.2598191443
DESHPDHK0000lce9,V4,0,211895.7581373341,3428.033602572767,209170.4109700793,215744.54847079853
DESHPDHK0000lce9,V4,1,218540.79675274008,3360.9878290009083,216531.93267807295,222420.91793075387
DESHPDHK0000lce9,V4,2,86579.5775858005,2559.4510680475073,85009.48244324414,89533.00951005217
DESHPDHK0000lce9,V4,3,203788.81320633518,3463.7678402635293,201381.5540143653,207758.58000756704
DESHPDHK0000lce9,V4,9,120518.54262833305,2793.112647537963,118777.910924999,123740.26852864063
DESHPDHK0000lce9,V4,5,98531.56829510823,2730.266162419923,96793.66456637275,101678.484445827
DESHPDHK0000lce9,V4,6,106021.221624702,2812.25748321369,103791.1268588732,109180.48038451916
DESHPDHK0000lce9,V4,7,96411.81607749703,3495.9144826411966,93877.67504889762,100400.10231373378
DESHPDHK0000lce9,V4,4,104069.0410245222,2511.2869009141027,102499.57725716772,106965.44274766864
DESHPDHK0000lce9,V5,11,,,,
DESHPDHK0000lce9,V5,19,,,,
DESHPDHK0000lce9,V5,18,,,,
DESHPDHK0000lce9,V5,17,,,,
DESHPDHK0000lce9,V5,16,,,,
DESHPDHK0000lce9,V5,15,,,,
DESHPDHK0000lce9,V5,14,,,,
DESHPDHK0000lce9,V5,13,,,,
DESHPDHK0000lce9,V5,12,,,,
DESHPDHK0000lce9,V5,10,,,,
DESHPDHK0000lce9,V5,9,,,,
DESHPDHK0000lce9,V5,8,,,,
DESHPDHK0000lce9,V5,1,,,,
DESHPDHK0000lce9,V5,2,,,,
DESHPDHK0000lce9,V5,3,,,,
DESHPDHK0000lce9,V5,0,,,,
DESHPDHK0000lce9,V5,5,,,,
DESHPDHK0000lce9,V5,6,,,,
DESHPDHK0000lce9,V5,7,,,,
DESHPDHK0000lce9,V5,4,,,,
DESHPDHK0000lce9,V6,11,,,,
DESHPDHK0000lce9,V6,18,,,,
DESHPDHK0000lce9,V6,17,,,,
DESHPDHK0000lce9,V6,16,,,,
DESHPDHK0000lce9,V6,15,,,,
DESHPDHK0000lce9,V6,19,,,,
DESHPDHK0000lce9,V6,13,,,,
DESHPDHK0000lce9,V6,12,,,,
DESHPDHK0000lce9,V6,10,,,,
DESHPDHK0000lce9,V6,14,,,,
DESHPDHK0000lce9,V6,8,,,,
DESHPDHK0000lce9,V6,7,,,,
DESHPDHK0000lce9,V6,6,,,,
DESHPDHK0000lce9,V6,5,,,,
DESHPDHK0000lce9,V6,4,,,,
DESHPDHK0000lce9,V6,3,,,,
DESHPDHK0000lce9,V6,2,,,,
DESHPDHK0000lce9,V6,1,,,,
DESHPDHK0000lce9,V6,0,,,,
DESHPDHK0000lce9,V6,9,,,,
DESHPDHK0000lce9,V7,12,239759.55009967004,2577.307030482567,237925.0951065612,242706.2092132218
DESHPDHK0000lce9,V7,13,101002.44398680567,2032.49057855762,99622.12922778212,103336.39768169286
DESHPDHK0000lce9,V7,15,37922.838263197984,2020.5862579077136,36429.78925785047,40222.06116748378
DESHPDHK0000lce9,V7,19,42490.807347605354,2315.2002098389826,40697.97771883467,45104.625275208426
DESHPDHK0000lce9,V7,17,240086.61639306016,2952.4814886906015,237762.89087621748,243408.88923589635
DESHPDHK0000lce9,V7,18,219009.78142407103,2328.98812981378,217251.4503949724,221651.1585328664
DESHPDHK0000lce9,V7,11,228472.31400288222,2793.3244986287123,226404.43500776344,231649.98135182555
DESHPDHK0000lce9,V7,16,208640.27435314635,2535.318244566852,206526.3210356877,211451.17222730632
DESHPDHK0000lce9,V7,10,104402.25096117581,2134.7596643092324,102781.66946097404,106821.10800623146
DESHPDHK0000lce9,V7,14,87791.44397152116,1784.278713763373,86604.59563241465,89843.35838559413
DESHPDHK0000lce9,V7,8,231203.29261631265,3047.432299855998,229365.943182278,234720.9967512368
DESHPDHK0000lce9,V7,7,94265.91624387972,2721.55309864033,92270.32833134966,97366.10714916312
DESHPDHK0000lce9,V7,6,107413.83058046119,2223.5838912314366,105683.3707780965,109921.75855969804
DESHPDHK0000lce9,V7,5,98838.04457556568,2165.764173211743,97362.04840905745,101324.35926095664
DESHPDHK0000lce9,V7,4,104223.29731621793,1975.1732568044222,103082.29933772852,106504.0308227753
DESHPDHK0000lce9,V7,3,199943.18155536032,2670.7714744774908,198073.01919597975,203001.91285478545
DESHPDHK0000lce9,V7,2,83229.75073820412,1978.1398023216582,82056.54653209553,85513.62447408741
DESHPDHK0000lce9,V7,1,216766.78090493628,2649.29331265467,215159.72850228843,219824.59013814296
DESHPDHK0000lce9,V7,0,210220.5757436971,2644.1231143601913,208070.431080935,213172.89219633423
DESHPDHK0000lce9,V7,9,116412.751049935,2189.8947904128777,115130.4613444221,118941.33835914654
DESHPDHK0000lce9,V8,11,232389.82413582885,2724.2150061171433,230359.36435190265,235485.7443456787
DESHPDHK0000lce9,V8,12,250051.91856040308,2527.5660091449313,248238.3971965904,252939.06938766743
DESHPDHK0000lce9,V8,13,103585.27494758385,2015.0336661449785,102227.47305877942,105900.52585417844
DESHPDHK0000lce9,V8,17,240395.3442206128,2891.7701792802773,238108.50366890465,243645.92015945716
DESHPDHK0000lce9,V8,15,39782.34632076481,1970.5066833318567,38335.174833908495,42026.51340196418
DESHPDHK0000lce9,V8,16,209818.58354599602,2493.5687138316766,207727.2702320391,212578.20968862763
DESHPDHK0000lce9,V8,10,107529.92366083647,2098.376925644718,105949.85471933974,109910.78254903833
DESHPDHK0000lce9,V8,14,89832.05500913232,1745.5613883649853,88669.42235383451,91839.27404811082
DESHPDHK0000lce9,V8,9,118821.80565800889,2166.3296805874625,117538.90661407787,121322.98952049317
DESHPDHK0000lce9,V8,4,105236.54233274411,1951.982675058464,104094.70591232748,107490.43218724296
DESHPDHK0000lce9,V8,7,97727.50759110467,2670.8248459066567,95775.23923442348,100771.1986743788
DESHPDHK0000lce9,V8,6,108434.7869231812,2146.9888079619154,106757.66314480502,110854.48853279807
DESHPDHK0000lce9,V8,5,99785.71844339588,2150.833661876154,98342.1636257245,102257.69514298187
DESHPDHK0000lce9,V8,3,207108.04273002912,2613.5879300337288,205259.4547377653,210098.2224185849
DESHPDHK0000lce9,V8,2,86726.53894016038,1963.810532313358,85554.98819994563,88993.7284336031
DESHPDHK0000lce9,V8,1,223822.393445453,2569.317446715042,222303.2372836687,226788.89598338457
DESHPDHK0000lce9,V8,0,215729.88492548047,2578.2201436817854,213621.49297460707,218604.30936059076
DESHPDHK0000lce9,V8,18,222055.40945740519,2273.843690934589,220332.2842759448,224632.6336807325
DESHPDHK0000lce9,V8,8,232518.26577906715,2977.2174435249717,230721.4457896642,235954.86452764232
DESHPDHK0000lce9,V8,19,44462.15015945694,2279.546974175042,42706.98672440311,47038.52126789084
