datetime,q_low,q_med,q_high
2021-01-01 00:00:00,20.89659005025228,49.12855747477214,73.69883598632812
2021-01-01 01:00:00,23.618025431315104,55.51700821940104,83.46848530273438
2021-01-01 02:00:00,24.046984865315753,56.20039617919922,84.42548178710938
2021-01-01 03:00:00,23.870708555094403,56.71601617431641,85.61581274414063
2021-01-01 04:00:00,24.132827630615235,56.77797776285807,85.53126965332031
2021-01-01 05:00:00,24.870283923339844,55.35216064453125,83.02611943359375
2021-01-01 06:00:00,23.500549693298343,52.023656311035154,78.05542749023438
2021-01-01 07:00:00,22.19744785054525,48.5850317179362,73.27401194661458
2021-01-01 08:00:00,20.270537313079835,44.1011298828125,67.5934983561198
2021-01-01 09:00:00,29.77532072143555,48.28782255045573,67.39534360758464
2021-01-01 10:00:00,26.84017704671224,45.32721579996745,65.54276381429037
2021-01-01 11:00:00,22.74460870564779,39.86288791910807,60.17540834147135
2021-01-01 12:00:00,14.741633924865722,34.03516325378418,57.18632578938802
2021-01-01 13:00:00,17.30224344804287,34.129381561279295,55.38865734049479
2021-01-01 14:00:00,21.675331595230098,35.57253669230143,54.62332946370443
2021-01-01 15:00:00,28.09197023747762,39.624685201009115,56.66356349283854
2021-01-01 16:00:00,23.28381732177735,36.540846171061204,56.31762246907552
2021-01-01 17:00:00,24.24784575500488,36.58679563395182,55.00177869873047
2021-01-01 18:00:00,22.412473457336425,35.2722973429362,53.816231660970054
2021-01-01 19:00:00,22.74984199473063,35.37386974080404,54.120631583658856
2021-01-01 20:00:00,22.655825028864545,35.26129158528646,54.26616194254558
2021-01-01 21:00:00,24.802028737386067,37.378443074544265,56.09228951416016
2021-01-01 22:00:00,27.93476525878906,40.91852303059896,57.041407348632816
2021-01-01 23:00:00,29.03788303934733,42.3302266031901,56.98577462565104
2021-01-02 00:00:00,27.574811462402344,41.05646555582682,57.04734814046224
2021-01-02 01:00:00,29.550369130452474,43.41006256103516,56.99472736409505
2021-01-02 02:00:00,29.229293076578774,43.3894116414388,56.48753314615885
2021-01-02 03:00:00,30.545764912923175,45.246568501790364,55.86738085123698
2021-01-02 04:00:00,27.942941104125975,42.652388468424476,55.30749743245443
2021-01-02 05:00:00,26.96536292622884,41.84170404052735,54.77027775065105
2021-01-02 06:00:00,23.10107012125651,38.49944378662109,51.1057352742513
2021-01-02 07:00:00,22.16657451477051,37.86096455891927,50.32758144938152
2021-01-02 08:00:00,21.979741278076173,37.762691365559895,50.56210677490235
2021-01-02 09:00:00,18.92317868804932,34.14125575764974,49.27744619954427
2021-01-02 10:00:00,13.508815070343019,27.37586444091797,47.20122198486328
2021-01-02 11:00:00,11.647211921056112,25.01151266225179,46.06044556884766
2021-01-02 12:00:00,10.289984732945761,22.966867829640705,46.604814001464845
2021-01-02 13:00:00,8.732388588523865,21.62776128133138,48.35966766764323
2021-01-02 14:00:00,7.679034063406785,20.2985810139974,47.346808205159505
2021-01-02 15:00:00,7.070411941591899,19.870202301025387,48.147224572753906
2021-01-02 16:00:00,10.37111483561198,22.647771540006005,49.12225552978516
2021-01-02 17:00:00,12.310655582173665,25.16973441060384,49.060135192871094
2021-01-02 18:00:00,13.229040167999267,26.703905095418293,49.22649800618489
2021-01-02 19:00:00,15.545134160359702,28.905318298339846,51.56978078613282
2021-01-02 20:00:00,16.00767799580892,29.3626186319987,53.062583414713544
2021-01-02 21:00:00,18.183099312337237,32.02881097412109,53.09194377848307
2021-01-02 22:00:00,18.804013965861003,32.80842818196615,54.159651806640625
2021-01-02 23:00:00,18.715587020365394,32.795896464029944,55.43099733072917
2021-01-03 00:00:00,25.23241046447754,39.96631591796875,56.52584576822917
2021-01-03 01:00:00,23.17012533569336,38.14499287923177,57.36626827799479
2021-01-03 02:00:00,22.963755123901365,38.245919189453126,58.33519659830729
2021-01-03 03:00:00,22.74350611368815,38.34512703450521,59.27493688964844
2021-01-03 04:00:00,23.473777396647133,39.54207999674479,59.988916487630206
2021-01-03 05:00:00,22.790754372151692,39.167238057454426,61.1026405843099
2021-01-03 06:00:00,24.31879760233561,41.72668391927084,60.17715677897136
2021-01-03 07:00:00,18.09404885559082,35.94484916178385,58.68588516031901
2021-01-03 08:00:00,21.466778786214192,39.72545373535156,59.45068302408854
2021-01-03 09:00:00,20.10313339335124,37.89239998372396,57.96625937906901
2021-01-03 10:00:00,15.538510079956055,32.477244384765626,56.07661551513672
2021-01-03 11:00:00,10.160499617886543,26.397055658976235,52.43499542236328
2021-01-03 12:00:00,8.874603470102947,24.37656730143229,52.46855555419922
2021-01-03 13:00:00,8.298855590566,23.68276328659058,53.492480993652336
2021-01-03 14:00:00,8.17063275604248,22.76030554707845,54.25689455566406
2021-01-03 15:00:00,7.9637576520284,22.36035420735677,55.436558650716144
2021-01-03 16:00:00,9.570807475507259,25.07221865844727,56.36629577636719
2021-01-03 17:00:00,12.290831508255005,28.63710066731771,56.54586298421224
2021-01-03 18:00:00,13.77270940284729,30.772370930989585,56.73955299072266
2021-01-03 19:00:00,15.67285696729024,33.137858235677086,57.050661450195314
2021-01-03 20:00:00,18.577248488362628,36.2498276163737,58.66988863932292
2021-01-03 21:00:00,20.939975512186685,39.08226167805989,59.45269373372396
2021-01-03 22:00:00,21.360885119120283,39.9160463663737,60.08835670572917
2021-01-03 23:00:00,21.100106113688152,40.017124023437496,60.57261062011719
2021-01-04 00:00:00,20.41912130686442,39.63137770589192,60.91890572102864
2021-01-04 01:00:00,20.372581483459474,39.90997049967448,61.215564640299476
2021-01-04 02:00:00,20.78566046142578,40.700750651041666,61.597294799804686
2021-01-04 03:00:00,20.392260330200195,40.60860306803386,61.879481420898436
2021-01-04 04:00:00,21.602126963297522,42.26071712239583,62.25005383300781
2021-01-04 05:00:00,21.177608104451497,42.17098217773437,62.46747895507812
2021-01-04 06:00:00,17.46328803354899,39.003975708007815,59.605066446940114
2021-01-04 07:00:00,17.009489516194662,38.918133138020835,59.32178239746094
2021-01-04 08:00:00,15.927949917093912,37.677131429036464,59.155996284993485
2021-01-04 09:00:00,14.487256675720216,36.30401220703125,58.244783943684894
2021-01-04 10:00:00,14.54317519378662,36.117569274902344,58.55656198730469
2021-01-04 11:00:00,10.4209537109375,32.0402568359375,55.56620897216796
2021-01-04 12:00:00,8.284186719401676,29.36701028442383,52.0022458211263
2021-01-04 13:00:00,10.659601329549153,32.02213126627604,55.62822210286458
2021-01-04 14:00:00,12.596621729278564,34.12134375,56.822109436035156
2021-01-04 15:00:00,11.063412425200145,32.54786216227213,56.00713885091146
2021-01-04 16:00:00,11.654053634643553,32.68821668497721,55.711320475260415
2021-01-04 17:00:00,12.906068695576986,34.64130592854818,56.707438883463546
2021-01-04 18:00:00,11.943917009353637,33.95512660725912,55.871820638020836
2021-01-04 19:00:00,13.782622869618734,35.98247153727213,56.09032704671224
2021-01-04 20:00:00,15.03637135213216,37.318457560221354,56.75268030598958
2021-01-04 21:00:00,15.169935835266113,37.59557108561198,56.54835918375652
2021-01-04 22:00:00,15.60473945719401,37.915894083658856,57.282146411132814
2021-01-04 23:00:00,16.827863029988606,39.153591634114576,57.83898125813802
2021-01-05 00:00:00,16.25469829305013,38.51102478027343,57.822638110351555
2021-01-05 01:00:00,16.64675883890788,38.90508837890625,57.70101673990886
2021-01-05 02:00:00,16.486536515299477,38.71413191731771,57.46487670084636
2021-01-05 03:00:00,13.682193686930338,35.51681392415365,57.13220303548178
2021-01-05 04:00:00,11.61632550048828,32.99107362874349,56.8305516764323
2021-01-05 05:00:00,12.024877591959637,33.162585062662764,56.63990927734374
2021-01-05 06:00:00,8.848255359458923,29.87940517171224,53.87351578369141
2021-01-05 07:00:00,7.6098541879018144,28.271061747233073,52.25622660319011
2021-01-05 08:00:00,8.034136704762778,28.380790852864582,52.02400295003255
2021-01-05 09:00:00,6.183911600875855,25.114907857259112,50.538743359375
2021-01-05 10:00:00,4.31307449385325,21.66193582661947,50.26770764973958
2021-01-05 11:00:00,2.620765999174118,17.325247843424478,48.51618953857421
2021-01-05 12:00:00,1.5215690675735474,16.461603711446124,50.815850663248696
2021-01-05 13:00:00,1.3079988512516025,16.19341985066732,49.98353273111979
2021-01-05 14:00:00,1.0916458343823752,15.97442510477702,50.27580127360025
2021-01-05 15:00:00,1.489133758099874,16.12935234196981,49.7978097290039
2021-01-05 16:00:00,3.111195905049642,18.122106465657552,49.863856652832034
2021-01-05 17:00:00,3.7173785552183785,18.679884724934894,50.05242079264324
2021-01-05 18:00:00,4.59495756670634,19.367992279052736,50.10931952311198
2021-01-05 19:00:00,3.9312276937802637,17.578089848836264,47.44914688313802
2021-01-05 20:00:00,6.025683759435017,20.80775850423177,50.5318469156901
2021-01-05 21:00:00,7.780904058837891,23.043266301472983,51.64752537434896
2021-01-05 22:00:00,7.363243741798401,22.303428822835286,52.11736221923828
2021-01-05 23:00:00,8.518705715052288,23.71542828369141,52.650936181640624
2021-01-06 00:00:00,10.096898422114053,25.308382283528644,52.700486002604165
2021-01-06 01:00:00,10.60022398001353,25.734777801513673,52.68898044840494
2021-01-06 02:00:00,10.486775029118856,25.531901407877605,52.54632682291666
2021-01-06 03:00:00,11.245568866093953,26.28011417643229,52.48622989095052
2021-01-06 04:00:00,11.470089197031657,26.487990193684894,52.46492712809245
2021-01-06 05:00:00,11.204909994633992,26.24568999226888,52.011685123697916
2021-01-06 06:00:00,8.827177240626016,24.11945012919108,49.441414811197916
2021-01-06 07:00:00,7.467012231318156,22.677271830240883,47.77451173502604
2021-01-06 08:00:00,6.913477709887425,21.43081509399414,48.15856461181641
2021-01-06 09:00:00,5.645886068375906,19.515965662638344,46.94037341715495
2021-01-06 10:00:00,5.056455109469097,18.651227177937827,46.03427677408854
2021-01-06 11:00:00,4.988348391850789,18.538070154825846,45.24537814534506
2021-01-06 12:00:00,5.946036421966553,19.10778260087967,45.26955960693359
2021-01-06 13:00:00,4.839638184881211,17.414934427897137,44.35699039306641
2021-01-06 14:00:00,4.828741591326397,17.158145833333332,44.41218650309244
2021-01-06 15:00:00,5.324122030003867,18.061848103841147,44.0625137898763
2021-01-06 16:00:00,6.772542147699992,20.039786084493002,44.800660526529946
2021-01-06 17:00:00,6.087897579320272,19.755612182617188,44.86979770100911
2021-01-06 18:00:00,8.865887385368348,23.180945231119793,45.769507185872385
2021-01-06 19:00:00,10.146732644144693,25.04572950744629,46.48197950439452
2021-01-06 20:00:00,12.123714782714845,26.881430613199868,47.75829365234375
2021-01-06 21:00:00,13.353398592631024,28.40556571451823,47.8250980102539
2021-01-06 22:00:00,14.037527850850422,29.204076873779297,47.753803771972656
2021-01-06 23:00:00,13.918751303609213,29.048905364990237,48.16176941731771
2021-01-07 00:00:00,14.137828747558595,29.295653157552085,48.240644026692706
2021-01-07 01:00:00,16.381504322306316,31.775837931315102,48.20502486979167
2021-01-07 02:00:00,15.475684218851725,30.919819010416667,48.044425431315105
2021-01-07 03:00:00,14.964328429667155,30.432338684082033,47.79620416666667
2021-01-07 04:00:00,14.955919207255045,30.527605021158855,47.47534228922526
2021-01-07 05:00:00,13.906312565612792,29.361865193684896,46.98721778971354
2021-01-07 06:00:00,11.940507804107666,28.14888203938802,44.68125623372396
2021-01-07 07:00:00,14.010141211954753,30.463241963704426,44.60637816975912
2021-01-07 08:00:00,12.987718648529052,29.12176141357422,43.749162693277995
2021-01-07 09:00:00,10.758817757924398,25.78309967041016,44.618052738444
2021-01-07 10:00:00,5.797558838399252,19.17630156326294,43.647763907877604
2021-01-07 11:00:00,3.9053497241973876,16.139921006202698,42.687559549967446
2021-01-07 12:00:00,2.245208406352997,13.597666366577148,40.61110719197591
2021-01-07 13:00:00,2.601402859624227,13.74714067586263,40.41654735107422
2021-01-07 14:00:00,2.547248385492961,13.554099156697593,40.055331640625006
2021-01-07 15:00:00,2.8051522561391202,13.26556588745117,40.28695193684896
2021-01-07 16:00:00,4.193129222488404,15.391918823242186,41.276845332845056
2021-01-07 17:00:00,5.305167679055531,18.434501558939616,41.224442386881506
2021-01-07 18:00:00,7.920415835396448,21.33208805656433,41.50206950276693
2021-01-07 19:00:00,8.896406590270995,22.678551689147948,42.00609130859375
2021-01-07 20:00:00,11.517212380377453,25.799257400512694,43.81066559244791
2021-01-07 21:00:00,12.660136299133303,27.093667460123697,44.473813264973955
2021-01-07 22:00:00,13.935964093271892,28.42021385701498,45.56087388509115
2021-01-07 23:00:00,15.931737114461264,30.59606776936849,46.32115032552084
2021-01-08 00:00:00,18.066499383544922,32.97483123779297,47.07180279947917
2021-01-08 01:00:00,18.429447451782227,33.58013053385417,47.364096455891925
2021-01-08 02:00:00,18.55267473449707,33.94981066894531,47.46045708821615
2021-01-08 03:00:00,14.917560699971517,30.219896626790362,47.459575944010425
2021-01-08 04:00:00,11.47828251291911,26.55004207356771,47.77604864095052
2021-01-08 05:00:00,12.646979833984375,27.777267923990884,48.26721346028646
2021-01-08 06:00:00,8.328643269411725,23.62992426554362,45.41309589436848
2021-01-08 07:00:00,8.859466300710043,23.986168324788412,45.78572411295573
2021-01-08 08:00:00,7.71853073794047,22.836660939534504,45.31494399820964
2021-01-08 09:00:00,6.203960500590006,20.2727654876709,43.64456090901693
2021-01-08 10:00:00,5.921645165061951,19.604154640197756,42.74713026936849
2021-01-08 11:00:00,4.852713618151347,18.200683238983153,41.8254523030599
2021-01-08 12:00:00,5.065072386391958,17.941988955179852,41.0504196492513
2021-01-08 13:00:00,6.226054262097676,19.29498432922363,40.009440669759115
2021-01-08 14:00:00,7.289475118192037,20.58055551656087,40.28549933268229
2021-01-08 15:00:00,7.462210180060069,20.70193322753906,41.28164427083333
2021-01-08 16:00:00,7.806804921531677,21.30995627848307,42.12674438069662
2021-01-08 17:00:00,7.7506778442382815,21.445588663736977,42.77231536865234
2021-01-08 18:00:00,7.7166683355967205,21.340183141072593,43.26851681722005
2021-01-08 19:00:00,8.258379516156513,22.310993375142417,43.77316923014323
2021-01-08 20:00:00,10.597632866446178,24.926539845784504,45.01247073160807
2021-01-08 21:00:00,12.43374535522461,26.739431732177735,46.08362973225912
2021-01-08 22:00:00,13.796023200480143,27.95663507080078,47.00806538085937
2021-01-08 23:00:00,16.50987940076192,30.915810465494793,47.81964586995442
2021-01-09 00:00:00,17.265775430297847,31.78173787434896,47.90944048665365
2021-01-09 01:00:00,17.291048781331384,31.930431213378903,47.54742125244141
2021-01-09 02:00:00,18.83377200724284,33.708849589029946,47.00700667317708
2021-01-09 03:00:00,17.41577052815755,32.263540751139324,47.04930773925781
2021-01-09 04:00:00,17.40013733113607,32.361505839029945,47.09677399495443
2021-01-09 05:00:00,18.2459866414388,33.37892541503906,46.65770752766927
2021-01-09 06:00:00,15.483423462677,31.79226491292318,42.290424019368494
2021-01-09 07:00:00,16.9223369740804,33.54110097249349,41.99891384684245
2021-01-09 08:00:00,16.09550697733561,32.454586608886714,42.40893339436849
2021-01-09 09:00:00,14.050898712158203,29.545731597900392,40.53602600504557
2021-01-09 10:00:00,12.565770162582398,27.475965042114257,39.0828051513672
2021-01-09 11:00:00,12.274986039479572,27.140165049235023,38.87311809895833
2021-01-09 12:00:00,12.293501106897992,27.381776580810545,37.580134212239585
2021-01-09 13:00:00,11.26522747510274,27.142020050048828,35.89195415852865
2021-01-09 14:00:00,10.211121898142498,25.174222086588543,34.53761716918946
2021-01-09 15:00:00,9.054664770507813,23.95303029886881,34.33714959843953
2021-01-09 16:00:00,12.142750734965007,27.676828440348306,37.69453223876953
2021-01-09 17:00:00,13.519236244710285,29.442617970784504,38.03552301025391
2021-01-09 18:00:00,15.833416035970053,33.064555155436196,40.22624672444662
2021-01-09 19:00:00,17.660378087361654,35.22589982096355,39.74224909464518
2021-01-09 20:00:00,17.063337089029947,34.84520314534505,41.44978003336589
2021-01-09 21:00:00,18.15690005900065,36.02062925211588,42.45561098632813
2021-01-09 22:00:00,24.06902396850586,41.08266094970703,44.21740653076172
2021-01-09 23:00:00,22.558898605346677,40.61755743408203,45.07204812825521
2021-01-10 00:00:00,21.6363166788737,40.3606005045573,45.3359753499349
2021-01-10 01:00:00,23.13300897623698,41.50960219319661,45.698688920084635
2021-01-10 02:00:00,23.077619588216148,41.91561364746094,46.31343759765625
2021-01-10 03:00:00,24.07998073425293,43.15005049641927,47.40607701416016
2021-01-10 04:00:00,23.72020168660482,43.307560546874996,47.82764232991536
2021-01-10 05:00:00,23.309046479288735,42.89154956054688,47.06164827880859
2021-01-10 06:00:00,21.762705064900718,41.22304854329427,44.726511637369796
2021-01-10 07:00:00,20.275055593872068,40.55006180826823,44.80109000244141
2021-01-10 08:00:00,18.841625762939454,39.4529599609375,43.366247269694014
2021-01-10 09:00:00,16.898087082417806,37.8930751139323,42.4029218343099
2021-01-10 10:00:00,12.140047509988149,32.16736807250977,41.556144165039065
2021-01-10 11:00:00,7.078574304135641,25.139002522786456,41.19844115804037
2021-01-10 12:00:00,5.721892825031279,23.172879811604815,40.1558332804362
2021-01-10 13:00:00,6.843185811678568,24.125804056803382,40.25481446533203
2021-01-10 14:00:00,6.004793659718832,23.014959533691403,39.971341670735676
2021-01-10 15:00:00,4.77985787700812,21.02536833699544,39.39310802001953
2021-01-10 16:00:00,5.676221791966755,23.137289393107096,39.26454796142579
2021-01-10 17:00:00,8.042799208068848,26.449935124715168,40.6032732828776
2021-01-10 18:00:00,10.477439239374796,30.01538865152995,40.85064897460938
2021-01-10 19:00:00,9.672217302672069,29.738292836507163,39.46667746378581
2021-01-10 20:00:00,13.326837751515708,33.70225270589192,41.94346705729167
2021-01-10 21:00:00,13.476874242401124,33.981256306966145,42.952159122721355
2021-01-10 22:00:00,16.972023016866046,37.57897401936849,45.409137145996105
2021-01-10 23:00:00,17.385378992207844,38.072139363606766,46.811905273437496
2021-01-11 00:00:00,19.00780396270752,39.980969685872395,47.425075142415366
2021-01-11 01:00:00,19.340977176920575,40.54129239908855,47.31842001546224
2021-01-11 02:00:00,19.64006864725749,41.06348645019531,47.2713113688151
2021-01-11 03:00:00,19.499232166544598,41.14778279622396,46.86656365152996
2021-01-11 04:00:00,19.57322018432617,41.439320353190105,47.27159024658203
2021-01-11 05:00:00,19.5796863087972,41.64740197753906,47.92345331624349
2021-01-11 06:00:00,17.57186695251465,40.02791589355469,44.73688801676432
2021-01-11 07:00:00,16.95548879394531,38.885888671875,43.22147069295248
2021-01-11 08:00:00,15.90220676167806,38.00166068522135,41.90558808186849
2021-01-11 09:00:00,12.922996531677246,35.158055521647135,39.5966727742513
2021-01-11 10:00:00,9.29885291519165,31.898193522135415,37.618622070312504
2021-01-11 11:00:00,7.9422745131174715,29.912822428385418,36.43430363972982
2021-01-11 12:00:00,9.316760443369548,30.87890347290039,36.71013776448568
2021-01-11 13:00:00,9.937815580582617,31.39235670979817,36.446346775309244
2021-01-11 14:00:00,10.118441142781576,31.490853291829424,36.451546492513025
2021-01-11 15:00:00,12.067027121607463,33.35423240152995,37.24402489420573
2021-01-11 16:00:00,14.503036093139647,35.62863688151042,39.29705426432292
2021-01-11 17:00:00,15.199657609558106,36.097491231282554,39.5800423055013
2021-01-11 18:00:00,13.327283155695596,34.18568650309245,37.77942440795899
2021-01-11 19:00:00,13.907441375732422,34.81570357259115,37.73051348470052
2021-01-11 20:00:00,15.819021611531577,36.43403641764323,39.38973314615886
2021-01-11 21:00:00,14.71953476969401,35.45525526936849,38.231904923502604
2021-01-11 22:00:00,15.69119918492635,36.29226232910156,39.069603165690104
2021-01-11 23:00:00,16.885578420003256,37.467594645182295,40.46807022705078
2021-01-12 00:00:00,18.062384521993003,38.72791467285156,41.7361913289388
2021-01-12 01:00:00,19.562365002441407,41.30860359700521,44.70453826090495
2021-01-12 02:00:00,19.985233672078447,42.4976161702474,46.4390504679362
2021-01-12 03:00:00,19.727002533976236,42.424208374023436,46.3827875406901
2021-01-12 04:00:00,20.909948765055336,42.924645812988274,45.891955761718755
2021-01-12 05:00:00,22.139878708902994,43.89489318847656,47.05916823323568
2021-01-12 06:00:00,19.901017009480796,41.79590157063802,44.91948906656901
2021-01-12 07:00:00,18.2326981842041,41.023130777994794,44.37254755045573
2021-01-12 08:00:00,16.014333643086754,39.121427876790364,42.66707951660157
2021-01-12 09:00:00,12.727321415456137,36.9729750773112,41.726384220377604
2021-01-12 10:00:00,10.102148309850692,33.24780426025391,41.8355390218099
2021-01-12 11:00:00,5.376720491218567,26.497218205769858,36.6181442565918
2021-01-12 12:00:00,5.451065603383383,25.469854749043783,37.612799123128255
2021-01-12 13:00:00,4.4225117907206215,23.890671755790713,38.78288462320963
2021-01-12 14:00:00,4.588175335286061,23.343168538411454,40.487265374755864
2021-01-12 15:00:00,3.093960313256582,19.922154727300008,39.24148537190755
2021-01-12 16:00:00,3.9702847073872887,21.307037526448568,39.305866072591144
2021-01-12 17:00:00,6.8086057598114005,26.690378957112628,40.48156846923828
2021-01-12 18:00:00,8.66877211748759,28.643048706054685,39.92646970214844
2021-01-12 19:00:00,10.042741865285238,30.48275225830078,39.88828606363932
2021-01-12 20:00:00,12.349678974151612,33.33121053059896,39.23447644246419
2021-01-12 21:00:00,15.467998239644368,35.519085856119794,38.840252532958985
2021-01-12 22:00:00,17.130791569519044,37.002863647460934,39.788637463378905
2021-01-12 23:00:00,18.532414556884767,38.53641884358724,41.48683942464193
2021-01-13 00:00:00,20.161918058268228,40.39620792643229,43.40218060302735
2021-01-13 01:00:00,21.554169403076173,42.03919453938802,45.1244859781901
2021-01-13 02:00:00,21.495489446004232,42.4768612874349,45.47409996337891
2021-01-13 03:00:00,22.31523093770345,42.88482507324218,46.08650215657551
2021-01-13 04:00:00,21.416579253133136,43.32140083821615,46.19128256429036
2021-01-13 05:00:00,20.026993253580727,42.22430934651693,45.070360355631514
2021-01-13 06:00:00,16.291422061157228,38.957480428059895,42.10945151367188
2021-01-13 07:00:00,15.883077197265626,38.7315600789388,41.82263091227214
2021-01-13 08:00:00,13.276475678507488,36.25903255208333,38.848963940429684
2021-01-13 09:00:00,10.495918432617188,33.99649788411459,37.23547109374999
2021-01-13 10:00:00,10.44724217859904,34.09284720865885,37.52145356852214
2021-01-13 11:00:00,9.614384525934854,33.21414432779948,37.32008217366536
2021-01-13 12:00:00,7.959354908625285,30.91666896565755,35.44156962890625
2021-01-13 13:00:00,8.186181761074065,31.06847981770833,34.63700277099609
2021-01-13 14:00:00,8.493668855985005,30.212202799479165,32.897496372477214
2021-01-13 15:00:00,9.717917380015056,30.70385223388672,33.17925645141601
2021-01-13 16:00:00,10.543859554036459,31.409656188964846,34.10500116577148
2021-01-13 17:00:00,10.244980791982014,30.69497859700521,33.61745756632487
2021-01-13 18:00:00,11.156617417271931,30.813400797526043,34.00883743082682
2021-01-13 19:00:00,11.027317862319947,30.83971378580729,34.32947271525065
2021-01-13 20:00:00,13.3900023534139,32.822879903157556,36.1281836324056
2021-01-13 21:00:00,13.937872766240439,33.29812575276693,36.71852784016927
2021-01-13 22:00:00,14.865133613586424,36.416079142252606,39.42433556315104
2021-01-13 23:00:00,16.510121435546875,39.517130859375,44.41966554361979
2021-01-14 00:00:00,17.749579613240563,40.90267842610677,46.13302948404949
2021-01-14 01:00:00,18.252464897664385,41.515943359375,47.0839179280599
2021-01-14 02:00:00,18.322772321573893,41.64759891764323,46.886660542805984
2021-01-14 03:00:00,18.639767881266273,42.06500040690105,46.73643200683595
2021-01-14 04:00:00,19.60978197631836,42.610151896158854,46.5278991373698
2021-01-14 05:00:00,19.34594459737142,42.61336678059896,46.69367643636068
2021-01-14 06:00:00,16.002743662516274,40.1488857014974,45.91631179199218
2021-01-14 07:00:00,16.298508584594728,40.67769246419271,46.770883219401036
2021-01-14 08:00:00,15.012447073745728,39.20875919596354,43.47980005900066
2021-01-14 09:00:00,14.077970262908936,36.41633776855468,39.174014131673175
2021-01-14 10:00:00,8.508362508392334,30.63346962483724,34.58153743693034
2021-01-14 11:00:00,5.185048654937744,25.805422302246093,30.44274018351237
2021-01-14 12:00:00,4.1255535508155825,23.302415802001953,28.942366638183593
2021-01-14 13:00:00,4.466129824701945,23.148565673828124,28.893168935139975
2021-01-14 14:00:00,3.214698868719737,20.54891370646159,27.883623580932618
2021-01-14 15:00:00,2.7814688380559285,18.696720133463543,25.65487548828125
2021-01-14 16:00:00,3.9711886400222784,21.190474466959635,27.769342171223958
2021-01-14 17:00:00,3.8514408667882285,22.286698895772297,31.81099359130859
2021-01-14 18:00:00,6.991396968841554,26.358327789306642,34.34549084879557
2021-01-14 19:00:00,9.670953092575074,29.872633911132816,36.5216082804362
2021-01-14 20:00:00,12.776083341471352,33.10872924804687,40.54263724772136
2021-01-14 21:00:00,14.065668702189127,34.154199625651046,40.66945431722006
2021-01-14 22:00:00,14.127507258383432,35.02764916992187,41.051972462972
2021-01-14 23:00:00,19.61702775065104,39.676053710937495,43.46046765136719
2021-01-15 00:00:00,21.469136518351238,41.577091593424484,44.838060424804695
2021-01-15 01:00:00,20.326498081461587,40.927432454427084,44.55567113444011
2021-01-15 02:00:00,20.31703983968099,41.164317138671876,44.80748333333333
2021-01-15 03:00:00,20.565057149251302,41.70059985351563,45.593827860514324
2021-01-15 04:00:00,20.52043560994466,42.02847082519531,46.02569205729167
2021-01-15 05:00:00,20.119560716756183,41.96376810709636,46.05114888916016
2021-01-15 06:00:00,15.430640351359049,37.795796854654945,42.57458350016276
2021-01-15 07:00:00,13.927823502604168,37.15352095540364,42.49464341227214
2021-01-15 08:00:00,13.30364734624227,36.20653059895834,42.3552980834961
2021-01-15 09:00:00,8.507153673044842,30.270013631184895,39.95698582763673
2021-01-15 10:00:00,6.59445431690216,27.535915476481122,37.76955998942057
2021-01-15 11:00:00,5.8329488423665365,25.75853278096517,38.82312763671875
2021-01-15 12:00:00,5.089980285390219,23.262139638264976,39.53338958333334
2021-01-15 13:00:00,4.317047491455078,21.608308858235674,39.438809427897134
2021-01-15 14:00:00,3.6518144690195724,19.90745096842448,39.551071797688806
2021-01-15 15:00:00,2.339886096986135,17.466915196736654,38.099446746826175
2021-01-15 16:00:00,3.27455866800944,19.51418330891927,38.62332289225261
2021-01-15 17:00:00,4.358817756779988,21.97418942769368,38.33700487060547
2021-01-15 18:00:00,6.441816350746155,25.163101618448895,40.50887626139323
2021-01-15 19:00:00,9.306258814048768,28.59321380615234,42.50355031738282
2021-01-15 20:00:00,10.789795405451455,30.26205762736003,44.244012402343756
2021-01-15 21:00:00,11.814191062037152,31.450403381347655,45.29862802734375
2021-01-15 22:00:00,12.966611453501383,32.71448368326823,46.06504197591146
2021-01-15 23:00:00,14.429836428324382,34.22252327473958,47.845358426920576
2021-01-16 00:00:00,15.836567188008628,35.77645823160807,48.88542513427734
2021-01-16 01:00:00,16.149204700724283,36.19038775634766,49.19243995361329
2021-01-16 02:00:00,16.11711760152181,36.26404018147787,49.31532036946615
2021-01-16 03:00:00,17.91859781748454,38.32339101155599,50.1017403116862
2021-01-16 04:00:00,18.213800480143227,38.7700976155599,50.99618286132812
2021-01-16 05:00:00,18.63045997772217,39.42388541666667,51.41786970214844
2021-01-16 06:00:00,16.95021035003662,38.18034578450521,48.989697896321616
2021-01-16 07:00:00,16.36630659974416,38.10666849772136,46.96419454752604
2021-01-16 08:00:00,12.743186622365316,33.9939360148112,46.42428798014323
2021-01-16 09:00:00,8.997566232999166,28.85913619486491,44.81777885742187
2021-01-16 10:00:00,5.360682581329345,23.143115498860677,43.50574545898437
2021-01-16 11:00:00,4.745046140257517,21.33487355995178,42.49689360758463
2021-01-16 12:00:00,3.3522429019769033,18.946037368774416,40.12426660563151
2021-01-16 13:00:00,3.0877397873858614,17.25114449564616,38.81438725179037
2021-01-16 14:00:00,2.7572512619654335,16.16587662760417,38.537138798014325
2021-01-16 15:00:00,2.041137909380595,15.676814379374186,39.24023825276693
2021-01-16 16:00:00,2.7976937492370606,17.521611074129744,40.150158939615885
2021-01-16 17:00:00,5.530023833211263,22.189101537068687,40.51321936442058
2021-01-16 18:00:00,7.684533149051665,26.241245239257815,40.016365185546874
2021-01-16 19:00:00,9.792892226755619,27.980199038187664,40.96904183146159
2021-01-16 20:00:00,12.686481735229492,31.41724914550781,43.23146837565105
2021-01-16 21:00:00,15.987852936808268,35.5421045328776,43.78044623616536
2021-01-16 22:00:00,15.651652989451092,35.62903556315104,42.8924966389974
2021-01-16 23:00:00,19.333935491943357,39.567997172037764,45.35678483072917
2021-01-17 00:00:00,19.923443238321937,41.371393717447916,45.81726323242187
2021-01-17 01:00:00,21.321965207926432,42.4995399983724,45.94925871988932
2021-01-17 02:00:00,20.188836904907227,41.352162841796876,46.53777268473307
2021-01-17 03:00:00,19.791216832478842,41.14252384440104,47.70534083251953
2021-01-17 04:00:00,22.197218153889978,44.2187392985026,48.2557208170573
2021-01-17 05:00:00,20.426710329182942,42.43064298502604,48.447582604980475
2021-01-17 06:00:00,18.24748109842936,40.72611885579427,46.65025173339844
2021-01-17 07:00:00,17.357460192362467,40.13415055338541,46.32943739827474
2021-01-17 08:00:00,15.551004455566407,38.451623535156244,44.822984375000004
2021-01-17 09:00:00,12.180935620752969,34.87943902587891,43.220422680664065
2021-01-17 10:00:00,9.262242534033458,31.385850850423175,42.10094588623047
2021-01-17 11:00:00,8.395315440368652,29.983344818115235,40.98670795491536
2021-01-17 12:00:00,8.410236443519594,29.639359883626305,38.53773849690755
2021-01-17 13:00:00,7.50228226445516,28.261041076660156,37.263795430501304
2021-01-17 14:00:00,6.2445930516560875,26.740344065348307,37.46104178059896
2021-01-17 15:00:00,6.151820738983154,26.85058853149414,37.48179022623698
2021-01-17 16:00:00,7.626672543334961,28.758337992350263,37.915835620117186
2021-01-17 17:00:00,6.918394146474202,28.154750142415367,37.530644669596356
2021-01-17 18:00:00,8.923639595540363,30.53257725016276,39.6918448445638
2021-01-17 19:00:00,11.983978005472817,33.4980757039388,42.38305651855469
2021-01-17 20:00:00,13.94418350168864,35.87759989420573,44.04795134277344
2021-01-17 21:00:00,14.915269577534993,36.73333935546875,45.54709009602865
2021-01-17 22:00:00,15.967117006937663,37.80609480794271,46.21685198160808
2021-01-17 23:00:00,17.619778595479332,39.470163045247396,47.488792985026045
2021-01-18 00:00:00,18.881069951375327,40.897937215169264,47.66779214274088
2021-01-18 01:00:00,19.056291978963213,41.177789876302086,47.66013703613282
2021-01-18 02:00:00,21.893888479614255,44.13951611328125,48.07003114420573
2021-01-18 03:00:00,21.680217906697592,44.23578120930989,48.74244413248698
2021-01-18 04:00:00,20.606062666829427,43.442423624674475,49.392231656901046
2021-01-18 05:00:00,21.610517438761395,44.70643595377604,49.66997080891927
2021-01-18 06:00:00,18.105842610677087,40.82302714029948,45.20398055826823
2021-01-18 07:00:00,17.593854473876956,41.27102425130208,46.447770503743484
2021-01-18 08:00:00,15.557300136311849,39.37105670166015,45.67968153889975
2021-01-18 09:00:00,10.28463660802841,33.04374231974283,43.53255607910157
2021-01-18 10:00:00,6.428467951679229,27.682286777496337,43.42364604085286
2021-01-18 11:00:00,3.2296778385798137,21.94165942128499,41.057771036783855
2021-01-18 12:00:00,2.8862488414764407,21.09527996826172,42.99662415771484
2021-01-18 13:00:00,3.9000580684026085,21.711035756429037,44.27177814534505
2021-01-18 14:00:00,3.2197322144190474,19.100370340983076,43.356554064941406
2021-01-18 15:00:00,2.9262406387964885,18.617091664632163,44.954858980306
2021-01-18 16:00:00,4.863386960347493,21.773423767089845,45.40169978230795
2021-01-18 17:00:00,6.919765843200683,25.24585508219401,45.27981674397786
2021-01-18 18:00:00,9.860508699417114,28.612012420654295,45.84026925455729
2021-01-18 19:00:00,10.097931501515706,29.236971079508464,44.681219053141284
2021-01-18 20:00:00,12.143423259099324,31.981243693033854,46.09945384114584
2021-01-18 21:00:00,12.24269139465491,31.961613321940106,46.453048970540365
2021-01-18 22:00:00,13.075931002934773,32.897022786458336,47.94171424967448
2021-01-18 23:00:00,15.858787220891319,35.8902681274414,49.20710012207031
2021-01-19 00:00:00,15.23916080423991,35.322824564615885,49.702948380533854
2021-01-19 01:00:00,16.20966593322754,36.57905948893229,50.22109518636068
2021-01-19 02:00:00,19.172741543579104,39.918525390625,50.847904105631514
2021-01-19 03:00:00,17.86328426055908,38.62364676920573,51.07766887207031
2021-01-19 04:00:00,17.97390910542806,38.88045853678385,51.21434467773437
2021-01-19 05:00:00,18.537758889770505,39.668236653645835,51.21895599772135
2021-01-19 06:00:00,18.22512667388916,39.856362996419264,49.299638541666674
2021-01-19 07:00:00,18.398422745259605,40.521805379231765,48.42690557454427
2021-01-19 08:00:00,17.369536572519937,39.65359820556641,47.83293400065104
2021-01-19 09:00:00,12.461987560908,33.87787093098959,46.74774096679687
2021-01-19 10:00:00,7.808810497029622,27.853386962890625,47.301502282714836
2021-01-19 11:00:00,4.628463000488281,22.468058680216473,43.6190619547526
2021-01-19 12:00:00,4.297302824020386,21.12335246785482,42.376883335367836
2021-01-19 13:00:00,4.256328393173217,20.83117879740397,41.764242675781254
2021-01-19 14:00:00,3.522505250167847,18.77599839274088,40.30262294921875
2021-01-19 15:00:00,2.7823419227600104,17.4577144724528,40.55917963256836
2021-01-19 16:00:00,3.7102153909047444,18.51367078781128,38.73159339599609
2021-01-19 17:00:00,5.931626452477774,23.099248847961427,44.1364979695638
2021-01-19 18:00:00,7.728554224141439,25.354730791727704,43.615076057942716
2021-01-19 19:00:00,8.406281530952453,26.93265326436361,42.519231620279946
2021-01-19 20:00:00,12.77094226837158,31.886245402018233,45.6414359375
2021-01-19 21:00:00,14.318826959737143,33.906413208007805,45.77128204345703
2021-01-19 22:00:00,17.985504742940268,37.93694293212891,47.09889810791016
2021-01-19 23:00:00,17.409095997111002,37.43223358154297,47.71400035400391
2021-01-20 00:00:00,19.232521887207035,40.64280883789062,47.555730273437504
2021-01-20 01:00:00,20.704555728149415,42.467793294270834,47.64030970865885
2021-01-20 02:00:00,20.400940774536135,42.5857871500651,47.93428432210286
2021-01-20 03:00:00,21.356149932861328,43.33399507649739,48.04159570719402
2021-01-20 04:00:00,22.311380228678388,44.074478759765626,47.91489168701172
2021-01-20 05:00:00,23.12606330871582,45.054065877278646,47.86880844319662
2021-01-20 06:00:00,17.86006975453695,40.73960717773437,44.39940970052084
2021-01-20 07:00:00,17.401992989603677,40.51074058024089,44.559406815592446
2021-01-20 08:00:00,14.70366047363281,38.00420196533203,43.23173119710286
2021-01-20 09:00:00,7.352316685612997,29.6568092956543,42.22133381347657
2021-01-20 10:00:00,4.391865391159058,24.689780792236327,42.33393780924479
2021-01-20 11:00:00,4.443219160517057,23.68479786682129,43.13400067545574
2021-01-20 12:00:00,2.8442285135904948,20.4379461517334,42.77016221516927
2021-01-20 13:00:00,2.5112768127123513,19.562637568155928,42.31809230957031
2021-01-20 14:00:00,2.491079301452637,20.168226104736327,41.82235995279948
2021-01-20 15:00:00,3.7054399091084798,21.88618582280477,42.45955669352213
2021-01-20 16:00:00,4.382349597422282,23.401522237141926,42.86092033691407
2021-01-20 17:00:00,4.473599155847232,23.601776194254555,43.18261360677083
2021-01-20 18:00:00,5.698950483767192,25.10243989054362,44.14849295247396
2021-01-20 19:00:00,7.6183854006588465,27.897376912434897,44.37198036295573
2021-01-20 20:00:00,10.029377021026612,30.37949892171224,46.2060809733073
2021-01-20 21:00:00,12.584624584070841,33.08857828776041,47.40033573404948
2021-01-20 22:00:00,14.42409433441162,34.916678649902344,48.816772977701824
2021-01-20 23:00:00,16.136294642766316,36.72243495686849,49.81860233561198
2021-01-21 00:00:00,16.06890886077881,36.64873756917318,50.54970236002604
2021-01-21 01:00:00,16.402245447794595,36.99242350260417,51.01813368733725
2021-01-21 02:00:00,17.08346256866455,37.818848571777345,51.14843163248698
2021-01-21 03:00:00,17.12201386958758,38.02155841064453,51.20117222900391
2021-01-21 04:00:00,17.583936116027832,38.571584757486974,51.85541621907552
2021-01-21 05:00:00,18.411553550211586,39.55577478027344,52.41900708821615
2021-01-21 06:00:00,14.71787669881185,36.140763509114585,50.10852243245443
2021-01-21 07:00:00,13.851628516642252,35.43169724527995,49.895871260579426
2021-01-21 08:00:00,11.964892772269248,33.22105611165364,49.8556008992513
2021-01-21 09:00:00,8.269929309590657,28.391127451578775,47.708141735839845
2021-01-21 10:00:00,6.61026920123895,25.024006479899086,45.63287107340494
2021-01-21 11:00:00,4.48794493157069,21.45666416422526,43.793471134440104
2021-01-21 12:00:00,2.5536377507209775,17.199269317785898,43.404184362792975
2021-01-21 13:00:00,2.613630491049091,17.33815711466471,44.74128870442709
2021-01-21 14:00:00,3.1173612667560575,17.621109380086263,44.3871123819987
2021-01-21 15:00:00,3.1812560471018156,17.078517735799153,45.25312124430339
2021-01-21 16:00:00,2.993226838652293,18.69522387186686,46.96341636962891
2021-01-21 17:00:00,5.175424742126465,22.54519926961263,47.93039890950521
2021-01-21 18:00:00,7.404123642412822,25.765101191202803,48.780530769856774
2021-01-21 19:00:00,8.363596413230896,27.735936686197917,49.61907333984375
2021-01-21 20:00:00,12.134072161483765,31.728105723063152,51.58085836181641
2021-01-21 21:00:00,14.13597498626709,34.00660703531901,52.28604826253255
2021-01-21 22:00:00,16.118064061482748,36.17735119628907,53.637567097981766
2021-01-21 23:00:00,18.32380779876709,38.62303051757813,54.99581962890625
2021-01-22 00:00:00,19.4783963567098,40.10129144287109,55.56506197102865
2021-01-22 01:00:00,18.397786006164548,39.142211893717445,56.12101206054687
2021-01-22 02:00:00,19.303119814046223,40.33300276692708,56.855029125976564
2021-01-22 03:00:00,21.375466068522133,42.863037109375,57.545695458984376
2021-01-22 04:00:00,20.983231556193036,42.81112699381511,57.78206446533203
2021-01-22 05:00:00,20.890993861897787,43.02765356445312,57.84705052897136
2021-01-22 06:00:00,18.733801720174156,41.661700846354165,54.716182885742185
2021-01-22 07:00:00,16.87580369466146,40.038812459309895,54.875602392578124
2021-01-22 08:00:00,16.119680921936034,39.3191739095052,54.9018278116862
2021-01-22 09:00:00,10.58944107055664,33.02293836466471,51.30505746663411
2021-01-22 10:00:00,5.399606510543824,24.558686723709105,48.398402998860675
2021-01-22 11:00:00,4.002467897462845,22.682613082885744,49.186260579427085
2021-01-22 12:00:00,3.3615435207366944,20.81707607014974,47.59677455240886
2021-01-22 13:00:00,2.6715735132853187,20.013683756510417,48.125878479003916
2021-01-22 14:00:00,2.9700275630315147,20.642384206136068,49.11337736002604
2021-01-22 15:00:00,3.6609923930486046,22.412591766357423,48.548727282714836
2021-01-22 16:00:00,6.207496625010172,25.79287796020508,48.542568851725264
2021-01-22 17:00:00,6.5921563687642415,26.310191670735676,50.82827114664713
2021-01-22 18:00:00,6.820453681055705,27.05270346069336,50.468759867350265
2021-01-22 19:00:00,10.352578983561198,31.749608764648436,52.273966483561196
2021-01-22 20:00:00,12.660603099123637,34.28925445556641,54.184647090657556
2021-01-22 21:00:00,15.64787869237264,37.64782743326823,55.748713838704425
2021-01-22 22:00:00,18.779614031982423,41.127348144531254,57.50712691243489
2021-01-22 23:00:00,19.46698928527832,42.01926525878906,58.94177732747396
2021-01-23 00:00:00,19.49826531677246,42.29750398763021,59.72792361653646
2021-01-23 01:00:00,20.91297025146484,44.12110241699219,60.685334204101565
2021-01-23 02:00:00,21.139214489746095,44.6173555094401,61.672959838867186
2021-01-23 03:00:00,21.319361836751302,45.10554838053385,62.2347091796875
2021-01-23 04:00:00,21.079535614013672,45.13000948079427,62.68731593424479
2021-01-23 05:00:00,19.852902453613282,44.10456551106771,62.90772841796875
2021-01-23 06:00:00,18.70865328470866,43.58764192708333,61.253747648111975
2021-01-23 07:00:00,15.255648177083332,40.3933915608724,60.17935129394532
2021-01-23 08:00:00,12.211914417266845,37.04780029296875,59.46817086588542
2021-01-23 09:00:00,9.07556644261678,32.91125695800781,56.083210603841145
2021-01-23 10:00:00,5.427117723973592,27.178384826660157,52.287517443847655
2021-01-23 11:00:00,4.260846682878335,24.748869089762373,49.934322412109374
2021-01-23 12:00:00,3.889629017718633,23.0557817179362,47.779032633463544
2021-01-23 13:00:00,3.6498338745752967,22.368655843098956,46.95211645507812
2021-01-23 14:00:00,3.506223043791453,21.31834102376302,45.40995382486979
2021-01-23 15:00:00,3.1920982018788653,19.98989675394694,43.61861283365886
2021-01-23 16:00:00,3.5886671604156497,21.862196172078452,45.93524691162109
2021-01-23 17:00:00,5.71744331817627,26.391738876342774,52.183294213867185
2021-01-23 18:00:00,7.309631951141357,28.280750203450523,53.30981753336588
2021-01-23 19:00:00,7.627381526438395,29.435870869954428,53.94906821289063
2021-01-23 20:00:00,10.942904436238607,33.4159721476237,56.53068127848308
2021-01-23 21:00:00,14.219914544169109,36.989710021972655,58.13491279296875
2021-01-23 22:00:00,17.052765772501626,40.077061065673824,59.736247452799475
2021-01-23 23:00:00,18.68257354838053,42.23869246419271,62.449967749023436
2021-01-24 00:00:00,20.603573105875654,44.689746582031255,63.63963876953125
2021-01-24 01:00:00,21.254908883666992,45.71500541178385,64.88054126790365
2021-01-24 02:00:00,21.786823474121096,46.67343237304688,65.60269579264322
2021-01-24 03:00:00,21.19316286824544,46.37278727213541,66.03837781575521
2021-01-24 04:00:00,21.218820521036786,46.70268806966146,66.86641955566405
2021-01-24 05:00:00,21.811925584920246,47.78491373697916,67.56915956217448
2021-01-24 06:00:00,18.14194981994629,44.66834659830729,65.46264996744792
2021-01-24 07:00:00,16.5135794728597,43.67664892578125,64.17592208658853
2021-01-24 08:00:00,15.347489920043945,42.421227010091144,64.265942195638
2021-01-24 09:00:00,10.011892899068197,36.3325673421224,59.78240817871094
2021-01-24 10:00:00,6.512326834853491,31.00028358968099,55.38706861572266
2021-01-24 11:00:00,5.1458338644981385,28.249859547932942,52.002161486816405
2021-01-24 12:00:00,3.7914731930096943,25.50008255513509,50.31147963867188
2021-01-24 13:00:00,3.2061382839282353,23.96457896931966,48.651699576822914
2021-01-24 14:00:00,2.5739226821899415,21.68722356414795,46.05560599365235
2021-01-24 15:00:00,2.3854536855061848,20.8095073855718,45.55167836507161
2021-01-24 16:00:00,3.00035349000295,21.921707270304363,47.44721607259115
2021-01-24 17:00:00,3.7956574100494387,23.954875995953877,50.520116617838546
2021-01-24 18:00:00,6.00437473080953,27.625599202473957,51.922573506673174
2021-01-24 19:00:00,8.54419500322342,31.489035786946616,53.088139029947925
2021-01-24 20:00:00,11.077733554840089,33.84224556477864,54.687925797526034
2021-01-24 21:00:00,11.505955920155843,35.037709737141924,54.88756981608073
2021-01-24 22:00:00,14.891008876037597,38.7570932820638,54.98392473144532
2021-01-24 23:00:00,18.32511051534017,42.71299544270833,56.578280464680994
2021-01-25 00:00:00,19.752160789998374,44.536501464843745,57.13653102620442
2021-01-25 01:00:00,18.867764929199218,43.85324011230469,56.91613865152995
2021-01-25 02:00:00,19.041494882202148,44.289910074869795,56.55405801188151
2021-01-25 03:00:00,20.10893629760742,45.76882352701823,56.24141075439453
2021-01-25 04:00:00,19.1226931060791,44.96422070312501,55.78208629150391
2021-01-25 05:00:00,19.715218822224937,45.98492081705729,55.040366866048174
2021-01-25 06:00:00,16.97325672607422,43.70187361653646,52.30796775309245
2021-01-25 07:00:00,15.595135571543375,42.72248376464844,50.856795422363284
2021-01-25 08:00:00,13.76068084259033,40.66329675292969,50.252505786132815
2021-01-25 09:00:00,8.622787017949422,34.41951672363281,48.982127750651046
2021-01-25 10:00:00,6.082590421692531,30.149810668945314,48.34512841389974
2021-01-25 11:00:00,3.405203941249847,24.731740163167316,44.93576243896485
2021-01-25 12:00:00,3.621092618032297,23.901312576293947,45.85851898193359
2021-01-25 13:00:00,4.141819649187724,25.134873764038083,47.67850030110677
2021-01-25 14:00:00,4.9174308337847386,26.314471079508465,47.88170329589844
2021-01-25 15:00:00,4.733413410949707,26.093538579305015,47.47651809082031
2021-01-25 16:00:00,5.236966307592392,27.371326009114583,47.745800109863275
2021-01-25 17:00:00,7.271837138096492,29.816205423990887,48.90112443033855
2021-01-25 18:00:00,9.355782844797771,31.7026162109375,49.606224088541666
2021-01-25 19:00:00,8.671540901184082,30.890614013671872,48.22315064697266
2021-01-25 20:00:00,10.257622155952454,32.64694789632161,50.14519423014323
2021-01-25 21:00:00,11.146749342600504,33.59231652832031,50.35729294026692
2021-01-25 22:00:00,12.842596915690104,35.142599690755205,51.53963342692058
2021-01-25 23:00:00,14.641184210205077,36.956981282552086,52.25542242431641
2021-01-26 00:00:00,15.230082948303222,37.561894856770834,52.68919497070313
2021-01-26 01:00:00,15.879404954020183,38.2195517171224,53.3481983601888
2021-01-26 02:00:00,16.045048745218914,38.40444254557292,53.75556211751302
2021-01-26 03:00:00,16.447165229797363,38.819408610026045,53.942939233398434
2021-01-26 04:00:00,16.683891002909345,39.07031469726563,53.95223459472656
2021-01-26 05:00:00,16.89506781463623,39.34214660644531,54.293442647298185
2021-01-26 06:00:00,13.848200086975098,36.516602620442704,52.151392321777344
2021-01-26 07:00:00,13.046315142822266,35.80382198079427,51.57046990152995
2021-01-26 08:00:00,13.018792335510255,35.808242838541666,51.344970304361986
2021-01-26 09:00:00,11.049984701919557,33.15581701660156,49.248708982340496
2021-01-26 10:00:00,8.01463676598867,28.878789759318032,48.27289029134114
2021-01-26 11:00:00,3.505812290255229,21.18448447672526,43.83765173339844
2021-01-26 12:00:00,2.746743792327245,19.50553879801432,45.37551044921876
2021-01-26 13:00:00,3.017217436027527,19.13151616160075,46.89516424560547
2021-01-26 14:00:00,2.520652816963196,17.53440271250407,48.66611665039062
2021-01-26 15:00:00,1.8845039353052775,16.814303113301595,49.16507735188802
2021-01-26 16:00:00,2.8524998719533285,17.885976638793945,49.19856719156901
2021-01-26 17:00:00,4.440590456390381,20.384332968393963,48.84640338948569
2021-01-26 18:00:00,6.080915548642477,22.543137360890707,48.99485401611329
2021-01-26 19:00:00,7.589192767270406,25.291750058492028,49.68562493896484
2021-01-26 20:00:00,9.898322239367166,28.014007253011066,50.551864550781254
2021-01-26 21:00:00,11.641219197591147,30.177973795572917,51.13864957275391
2021-01-26 22:00:00,13.254573012987773,31.931101135253904,52.28751233723958
2021-01-26 23:00:00,14.213278107198079,32.871622009277345,54.10000486653646
2021-01-27 00:00:00,14.440595725250244,33.14508854166667,54.370718143717454
2021-01-27 01:00:00,16.527610617574055,35.400949747721356,54.705524788411466
2021-01-27 02:00:00,15.529175304158528,34.35511279296875,54.84100234781901
2021-01-27 03:00:00,17.194407966105146,36.2095708618164,55.07464753011068
2021-01-27 04:00:00,17.18346322733561,36.318497578938796,55.19160289713542
2021-01-27 05:00:00,17.619054805501303,36.877168701171875,55.51899378255209
2021-01-27 06:00:00,14.551230141194662,34.14621606445313,53.186428743489586
2021-01-27 07:00:00,13.221589298756916,33.00939967854818,51.348584570312504
2021-01-27 08:00:00,10.912333406972884,30.556766825358075,50.210864424641926
2021-01-27 09:00:00,7.111813780816396,26.173143259684245,47.357836356608075
2021-01-27 10:00:00,4.766450592152278,23.219398935953777,44.72827383626302
2021-01-27 11:00:00,4.461255908966065,22.631693389892583,43.04895309244792
2021-01-27 12:00:00,4.845663063812256,22.54520044453939,43.05649343261718
2021-01-27 13:00:00,5.175912587388357,22.850103627522785,41.509207515462236
2021-01-27 14:00:00,5.379456193939845,22.763754318237304,40.05329993693034
2021-01-27 15:00:00,6.804114586957295,24.555912684122724,39.18565704549154
2021-01-27 16:00:00,7.5990829872131345,25.63006768798828,39.976784847005206
2021-01-27 17:00:00,8.243632629394531,26.734577596028647,43.71779380696615
2021-01-27 18:00:00,10.725314507087072,29.7877729288737,44.61708366292318
2021-01-27 19:00:00,11.504830535380046,30.885893717447917,44.22330747680664
2021-01-27 20:00:00,15.672486216227213,34.802897257486975,47.18328918457031
2021-01-27 21:00:00,16.84677366434733,36.48762093098958,48.226551444498696
2021-01-27 22:00:00,15.740973167292276,35.41393497721354,48.85303283691407
2021-01-27 23:00:00,18.516049483235676,38.3327514851888,50.52858573811848
2021-01-28 00:00:00,20.512128527832033,40.65730753580729,51.37701300048828
2021-01-28 01:00:00,20.633815537516277,41.01683703613281,51.92819200439453
2021-01-28 02:00:00,22.189126936848954,43.23820060221354,52.27572435709636
2021-01-28 03:00:00,23.945477093505858,45.93168806966146,52.47713241780599
2021-01-28 04:00:00,22.672219171142576,44.786975301106764,52.755474043782556
2021-01-28 05:00:00,22.275236533610023,44.54617159016928,52.75701588541667
2021-01-28 06:00:00,19.480100505574544,42.286306477864585,50.00884970703125
2021-01-28 07:00:00,20.165732001749674,43.44699763997396,50.00968498942057
2021-01-28 08:00:00,19.198066158040366,42.04990726725261,50.24270080159505
2021-01-28 09:00:00,12.86364159851074,35.34292293294271,48.63694728597005
2021-01-28 10:00:00,9.311864127810797,31.365008544921878,47.53177352701823
2021-01-28 11:00:00,6.746775982030233,27.620898935953775,46.70064075927734
2021-01-28 12:00:00,3.337855243206024,21.682348805745445,46.059892635091146
2021-01-28 13:00:00,3.0550699870109557,20.669959065755208,46.2261262532552
2021-01-28 14:00:00,3.926018995030721,21.616158905029295,45.365244152832034
2021-01-28 15:00:00,3.431753098932902,21.321816075642904,43.47376590779622
2021-01-28 16:00:00,5.676244729804992,24.38806997680664,46.21518548177084
2021-01-28 17:00:00,7.119071330706279,26.323524271647134,46.722137943522135
2021-01-28 18:00:00,7.676722403081258,27.493597666422524,46.45599021809896
2021-01-28 19:00:00,8.911160402679444,29.099035298665363,46.9026996866862
2021-01-28 20:00:00,15.066267198181153,35.11533365885417,49.983613228352866
2021-01-28 21:00:00,15.89855356953939,36.18288144938151,49.94467879638672
2021-01-28 22:00:00,16.521766661580404,36.573185404459636,50.29167125651041
2021-01-28 23:00:00,17.86159014485677,38.21886759440105,51.46359795328775
2021-01-29 00:00:00,18.08723362579346,38.554391316731774,51.69010867513021
2021-01-29 01:00:00,18.357256591796876,38.94926411946615,51.787791495768225
2021-01-29 02:00:00,19.025432423400883,39.80228291829427,51.59368224283853
2021-01-29 03:00:00,20.083697212727866,41.093414510091144,51.801918094889324
2021-01-29 04:00:00,18.673913993326824,39.73182112630208,51.78235037027994
2021-01-29 05:00:00,19.154030196126303,40.33683097330729,51.956426464843744
2021-01-29 06:00:00,15.93706436767578,37.48144476318359,49.252162255859375
2021-01-29 07:00:00,15.181080126778285,36.88593644205729,48.999534541829426
2021-01-29 08:00:00,14.833695279439292,36.211595275878906,49.568078210449215
2021-01-29 09:00:00,7.868806985282899,27.57929149373372,48.07729099527995
2021-01-29 10:00:00,6.720863223934174,25.72941182963053,47.33401752522787
2021-01-29 11:00:00,5.944682187271118,24.89812389628092,46.1577529296875
2021-01-29 12:00:00,5.065323008791606,23.39829958089193,43.89834118245443
2021-01-29 13:00:00,3.543166987657547,20.222060262044273,42.323982611083984
2021-01-29 14:00:00,3.0714988623892268,17.932848271687824,42.75915800374349
2021-01-29 15:00:00,2.53723722076416,16.236739911397297,42.54989529622396
2021-01-29 16:00:00,1.7118884586652117,15.781265329996746,43.10907090250651
2021-01-29 17:00:00,2.923393075561523,18.455942072550457,42.491603141276045
2021-01-29 18:00:00,6.117293348693847,23.72708114624023,42.825253002929685
2021-01-29 19:00:00,11.470746734746298,30.041537434895837,45.57296103922526
2021-01-29 20:00:00,11.523590856297812,29.590285012563072,45.960763867187495
2021-01-29 21:00:00,10.592882929929099,28.92622186279297,46.8545957804362
2021-01-29 22:00:00,12.65049789911906,31.007048441569008,48.5062621866862
2021-01-29 23:00:00,13.778074691263834,32.14558974202474,48.81733243815104
2021-01-30 00:00:00,15.445460667928058,33.95730834960938,48.741682491048174
2021-01-30 01:00:00,14.401922140502931,32.83090388997396,48.44605751139323
2021-01-30 02:00:00,15.76652639872233,34.31337666829427,49.008891446940105
2021-01-30 03:00:00,16.040726892598467,34.67211560058593,49.81936052246094
2021-01-30 04:00:00,17.753577974955242,36.57420815022787,50.32690360514323
2021-01-30 05:00:00,17.791558183288572,36.749935078938805,50.591491971842444
2021-01-30 06:00:00,13.745896123250326,32.99476818847656,48.43411769612631
2021-01-30 07:00:00,12.99341445465088,32.370507812499994,48.09178704427084
2021-01-30 08:00:00,11.632178453826906,30.5421655069987,48.20998558756511
2021-01-30 09:00:00,7.609473454793295,26.039612579345707,44.92959968261719
2021-01-30 10:00:00,6.215135398737589,24.15940483601888,42.7188647664388
2021-01-30 11:00:00,5.606311661148072,23.049847310384113,41.22063404134114
2021-01-30 12:00:00,4.669792553647359,21.133100896199544,40.482519999186195
2021-01-30 13:00:00,5.168290961774191,21.59903200785319,40.19193106282552
2021-01-30 14:00:00,3.247584561920166,18.984080965677897,40.8158487508138
2021-01-30 15:00:00,3.4357503343264266,18.020398361206055,39.820239849853515
2021-01-30 16:00:00,3.6732284115473433,18.747054829915363,40.885213850911455
2021-01-30 17:00:00,5.833509193841616,22.532474853515623,44.7437559366862
2021-01-30 18:00:00,6.288737089538574,23.363228454589844,45.0791346110026
2021-01-30 19:00:00,10.447081799348195,27.724321146647135,47.00047715657552
2021-01-30 20:00:00,12.723325576019288,29.992555399576823,49.070036254882815
2021-01-30 21:00:00,12.613807685089112,29.60940757242839,50.60844623616536
2021-01-30 22:00:00,15.561367009480792,32.85952514648438,52.310800386556
2021-01-30 23:00:00,16.185398351033527,33.44338948567708,53.40834392903646
2021-01-31 00:00:00,18.394516823323567,35.85906138102213,54.390696504720054
2021-01-31 01:00:00,18.575971670023602,36.206699645996096,55.0763428141276
2021-01-31 02:00:00,17.88954655863444,35.604859375000004,55.30351447347006
2021-01-31 03:00:00,18.571502732340495,36.474996948242186,55.42920354410808
2021-01-31 04:00:00,20.170371182250978,38.361610351562504,55.896324617513024
2021-01-31 05:00:00,18.824489907836913,37.089846801757815,56.49242288411459
2021-01-31 06:00:00,17.22116383717855,36.22380959065755,54.01172604573567
2021-01-31 07:00:00,16.444654306030273,35.64424306233724,53.95072798258464
2021-01-31 08:00:00,12.935401857503257,31.490344319661457,53.215429276529946
2021-01-31 09:00:00,6.453412251027425,23.48857534281413,48.3903556640625
2021-01-31 10:00:00,3.746497581831614,18.52234416707357,46.44660471598307
2021-01-31 11:00:00,3.1255844850987193,16.65185970052083,44.75456918538411
2021-01-31 12:00:00,2.8217150015830996,15.64064134089152,43.40330450846354
2021-01-31 13:00:00,3.7098057571887972,16.395133745829263,42.744090277099616
2021-01-31 14:00:00,2.731630240519842,14.370398375193277,41.86502071533203
2021-01-31 15:00:00,2.737972417831421,13.895875864664713,42.91399284261068
2021-01-31 16:00:00,2.7435296618779503,14.818959554036457,46.42375981445313
2021-01-31 17:00:00,5.291649197642009,18.9357004292806,47.808068501790366
2021-01-31 18:00:00,6.921116254806518,21.387498372395832,47.7551962137858
2021-01-31 19:00:00,8.293945713424682,23.958421442667643,48.21567177734376
2021-01-31 20:00:00,13.280437160491942,29.22310841878255,51.934739208984375
2021-01-31 21:00:00,14.902525741322835,30.917337463378907,52.40136885986328
2021-01-31 22:00:00,17.11246428553263,33.221521870930985,53.34756151123047
2021-01-31 23:00:00,18.655460711669924,35.059897928873696,53.91081437581381
