building_id,variant,sample_id,annual_heating_kWh_mean,annual_heating_kWh_std,annual_heating_kWh_min,annual_heating_kWh_max,peak_heating_kW_mean,peak_heating_kW_std,peak_heating_kW_min,peak_heating_kW_max,overheating_hours_meanTair_gt_26C_mean,overheating_hours_meanTair_gt_26C_std,overheating_hours_meanTair_gt_26C_min,overheating_hours_meanTair_gt_26C_max,mean_interzone_spread_C_mean,mean_interzone_spread_C_std,mean_interzone_spread_C_min,mean_interzone_spread_C_max,weather_key,wwr_factor,gains_scale,sa_tabula_year_class,sa_tset_mean_K,sa_tset_spread_K,sa_retrofit_state,sa_retrofit_is_standard,n_zones
DESHPDHK0000lce9_1,V1,0,171510.7750939862,2379.6080878577013,169927.61894167948,174247.28172920228,62.29452864583334,0.08349927674244827,62.19862890625,62.35111328125,53.0,5.5677643628300215,47.0,58.0,0.0,0.0,0.0,0.0,TRY_B,1.129104645308332,0.9773656795309325,5.0,294.16835551224983,0.9950452772842244,standard,True,1.0
DESHPDHK0000lce9_7,V1,3,,,,,,,,,,,,,,,,,,,,,,,,,
DESHPDHK0000lce9_7,V1,2,,,,,,,,,,,,,,,,,,,,,,,,,
DESHPDHK0000lce9_7,V1,1,,,,,,,,,,,,,,,,,,,,,,,,,
DESHPDHK0000lce9_7,V1,0,,,,,,,,,,,,,,,,,,,,,,,,,
DESHPDHK0000lce9_3,V1,1,,,,,,,,,,,,,,,,,,,,,,,,,
DESHPDHK0000lce9_2,V1,0,,,,,,,,,,,,,,,,,,,,,,,,,
DESHPDHK0000lce9_2,V1,1,,,,,,,,,,,,,,,,,,,,,,,,,
DESHPDHK0000lce9_2,V1,2,,,,,,,,,,,,,,,,,,,,,,,,,
DESHPDHK0000lce9_7,V1,4,,,,,,,,,,,,,,,,,,,,,,,,,
DESHPDHK0000lce9_2,V1,3,,,,,,,,,,,,,,,,,,,,,,,,,
DESHPDHK0000lce9_2,V1,5,,,,,,,,,,,,,,,,,,,,,,,,,
DESHPDHK0000lce9_2,V1,6,,,,,,,,,,,,,,,,,,,,,,,,,
DESHPDHK0000lce9_2,V1,7,,,,,,,,,,,,,,,,,,,,,,,,,
DESHPDHK0000lce9_2,V1,8,,,,,,,,,,,,,,,,,,,,,,,,,
DESHPDHK0000lce9_2,V1,9,,,,,,,,,,,,,,,,,,,,,,,,,
DESHPDHK0000lce9_2,V1,10,,,,,,,,,,,,,,,,,,,,,,,,,
DESHPDHK0000lce9_2,V1,11,,,,,,,,,,,,,,,,,,,,,,,,,
DESHPDHK0000lce9_2,V1,12,,,,,,,,,,,,,,,,,,,,,,,,,
DESHPDHK0000lce9_2,V1,4,,,,,,,,,,,,,,,,,,,,,,,,,
DESHPDHK0000lce9_2,V1,13,,,,,,,,,,,,,,,,,,,,,,,,,
DESHPDHK0000lce9_7,V1,5,,,,,,,,,,,,,,,,,,,,,,,,,
DESHPDHK0000lce9_7,V1,7,,,,,,,,,,,,,,,,,,,,,,,,,
DESHPDHK0000lce9_8,V1,5,,,,,,,,,,,,,,,,,,,,,,,,,
DESHPDHK0000lce9_8,V1,4,,,,,,,,,,,,,,,,,,,,,,,,,
DESHPDHK0000lce9_8,V1,3,,,,,,,,,,,,,,,,,,,,,,,,,
DESHPDHK0000lce9_8,V1,2,,,,,,,,,,,,,,,,,,,,,,,,,
DESHPDHK0000lce9_8,V1,1,,,,,,,,,,,,,,,,,,,,,,,,,
DESHPDHK0000lce9_8,V1,0,,,,,,,,,,,,,,,,,,,,,,,,,
DESHPDHK0000lce9_7,V1,19,,,,,,,,,,,,,,,,,,,,,,,,,
DESHPDHK0000lce9_7,V1,18,,,,,,,,,,,,,,,,,,,,,,,,,
DESHPDHK0000lce9_7,V1,6,,,,,,,,,,,,,,,,,,,,,,,,,
DESHPDHK0000lce9_7,V1,17,,,,,,,,,,,,,,,,,,,,,,,,,
DESHPDHK0000lce9_7,V1,15,,,,,,,,,,,,,,,,,,,,,,,,,
DESHPDHK0000lce9_7,V1,14,,,,,,,,,,,,,,,,,,,,,,,,,
DESHPDHK0000lce9_7,V1,13,,,,,,,,,,,,,,,,,,,,,,,,,
DESHPDHK0000lce9_7,V1,12,,,,,,,,,,,,,,,,,,,,,,,,,
DESHPDHK0000lce9_7,V1,11,,,,,,,,,,,,,,,,,,,,,,,,,
DESHPDHK0000lce9_7,V1,10,,,,,,,,,,,,,,,,,,,,,,,,,
DESHPDHK0000lce9_7,V1,9,,,,,,,,,,,,,,,,,,,,,,,,,
DESHPDHK0000lce9_7,V1,8,,,,,,,,,,,,,,,,,,,,,,,,,
DESHPDHK0000lce9_7,V1,16,,,,,,,,,,,,,,,,,,,,,,,,,
DESHPDHK0000lce9_2,V1,14,,,,,,,,,,,,,,,,,,,,,,,,,
DESHPDHK0000lce9_2,V1,15,,,,,,,,,,,,,,,,,,,,,,,,,
DESHPDHK0000lce9_2,V1,16,,,,,,,,,,,,,,,,,,,,,,,,,
DESHPDHK0000lce9_3,V1,19,,,,,,,,,,,,,,,,,,,,,,,,,
DESHPDHK0000lce9_3,V1,18,,,,,,,,,,,,,,,,,,,,,,,,,
DESHPDHK0000lce9_3,V1,17,,,,,,,,,,,,,,,,,,,,,,,,,
DESHPDHK0000lce9_3,V1,16,,,,,,,,,,,,,,,,,,,,,,,,,
DESHPDHK0000lce9_3,V1,15,,,,,,,,,,,,,,,,,,,,,,,,,
DESHPDHK0000lce9_3,V1,14,,,,,,,,,,,,,,,,,,,,,,,,,
DESHPDHK0000lce9_3,V1,13,,,,,,,,,,,,,,,,,,,,,,,,,
DESHPDHK0000lce9_3,V1,12,,,,,,,,,,,,,,,,,,,,,,,,,
DESHPDHK0000lce9_4,V1,0,,,,,,,,,,,,,,,,,,,,,,,,,
DESHPDHK0000lce9_3,V1,11,,,,,,,,,,,,,,,,,,,,,,,,,
DESHPDHK0000lce9_3,V1,9,,,,,,,,,,,,,,,,,,,,,,,,,
DESHPDHK0000lce9_3,V1,8,,,,,,,,,,,,,,,,,,,,,,,,,
DESHPDHK0000lce9_3,V1,7,,,,,,,,,,,,,,,,,,,,,,,,,
DESHPDHK0000lce9_3,V1,6,,,,,,,,,,,,,,,,,,,,,,,,,
DESHPDHK0000lce9_3,V1,5,,,,,,,,,,,,,,,,,,,,,,,,,
DESHPDHK0000lce9_3,V1,4,,,,,,,,,,,,,,,,,,,,,,,,,
DESHPDHK0000lce9_3,V1,3,,,,,,,,,,,,,,,,,,,,,,,,,
DESHPDHK0000lce9_3,V1,2,,,,,,,,,,,,,,,,,,,,,,,,,
DESHPDHK0000lce9_3,V1,10,,,,,,,,,,,,,,,,,,,,,,,,,
DESHPDHK0000lce9_4,V1,1,,,,,,,,,,,,,,,,,,,,,,,,,
DESHPDHK0000lce9_4,V1,2,,,,,,,,,,,,,,,,,,,,,,,,,
DESHPDHK0000lce9_4,V1,3,,,,,,,,,,,,,,,,,,,,,,,,,
DESHPDHK0000lce9_2,V1,17,,,,,,,,,,,,,,,,,,,,,,,,,
DESHPDHK0000lce9_2,V1,18,,,,,,,,,,,,,,,,,,,,,,,,,
DESHPDHK0000lce9_2,V1,19,,,,,,,,,,,,,,,,,,,,,,,,,
DESHPDHK0000lce9_4,V1,19,,,,,,,,,,,,,,,,,,,,,,,,,
DESHPDHK0000lce9_4,V1,18,,,,,,,,,,,,,,,,,,,,,,,,,
DESHPDHK0000lce9_4,V1,17,,,,,,,,,,,,,,,,,,,,,,,,,
DESHPDHK0000lce9_4,V1,16,,,,,,,,,,,,,,,,,,,,,,,,,
DESHPDHK0000lce9_4,V1,15,,,,,,,,,,,,,,,,,,,,,,,,,
DESHPDHK0000lce9_4,V1,14,,,,,,,,,,,,,,,,,,,,,,,,,
DESHPDHK0000lce9_4,V1,13,,,,,,,,,,,,,,,,,,,,,,,,,
DESHPDHK0000lce9_4,V1,12,,,,,,,,,,,,,,,,,,,,,,,,,
DESHPDHK0000lce9_4,V1,11,,,,,,,,,,,,,,,,,,,,,,,,,
DESHPDHK0000lce9_4,V1,10,,,,,,,,,,,,,,,,,,,,,,,,,
DESHPDHK0000lce9_4,V1,9,,,,,,,,,,,,,,,,,,,,,,,,,
DESHPDHK0000lce9_4,V1,8,,,,,,,,,,,,,,,,,,,,,,,,,
DESHPDHK0000lce9_4,V1,7,,,,,,,,,,,,,,,,,,,,,,,,,
DESHPDHK0000lce9_4,V1,6,,,,,,,,,,,,,,,,,,,,,,,,,
DESHPDHK0000lce9_4,V1,5,,,,,,,,,,,,,,,,,,,,,,,,,
DESHPDHK0000lce9_4,V1,4,,,,,,,,,,,,,,,,,,,,,,,,,
DESHPDHK0000lce9_8,V1,6,,,,,,,,,,,,,,,,,,,,,,,,,
DESHPDHK0000lce9_8,V1,7,,,,,,,,,,,,,,,,,,,,,,,,,
DESHPDHK0000lce9_3,V1,0,,,,,,,,,,,,,,,,,,,,,,,,,
DESHPDHK0000lce9_8,V1,9,,,,,,,,,,,,,,,,,,,,,,,,,
DESHPDHK0000lce9_8,V1,19,,,,,,,,,,,,,,,,,,,,,,,,,
DESHPDHK0000lce9_8,V1,18,,,,,,,,,,,,,,,,,,,,,,,,,
DESHPDHK0000lce9_8,V1,17,,,,,,,,,,,,,,,,,,,,,,,,,
DESHPDHK0000lce9_8,V1,16,,,,,,,,,,,,,,,,,,,,,,,,,
DESHPDHK0000lce9_8,V1,8,,,,,,,,,,,,,,,,,,,,,,,,,
DESHPDHK0000lce9_1,V1,18,179555.13723949107,2371.605147507908,178007.68794302916,182285.53290806388,61.53807682291667,0.08156559438474736,61.44502734375,61.59722265625,7.0,1.0,6.0,8.0,0.0,0.0,0.0,0.0,TRY_B,0.855900993443724,0.8799632809900434,5.0,294.1546509747472,0.8129223162871597,standard,True,1.0
DESHPDHK0000lce9_1,V1,17,172120.54960784432,2480.3086475036484,170466.71497076988,174972.4494526743,60.29283723958333,0.0835295181028286,60.19691015625,60.3495,10.0,2.6457513110645907,8.0,13.0,0.0,0.0,0.0,0.0,TRY_B,0.9153312415720977,1.0729982015899902,5.0,294.00382413415696,1.8559371822267299,standard,True,1.0
DESHPDHK0000lce9_1,V1,16,164281.1558447118,2301.3689352748743,162767.93867548992,166929.57026643373,58.893071614583334,0.08302157903612903,58.798421875,58.95357421875,44.666666666666664,7.767453465154029,36.0,51.0,0.0,0.0,0.0,0.0,TRY_B,1.1219057429987207,0.9549913516120698,5.0,293.7795466999801,0.8393237984710207,standard,True,1.0
DESHPDHK0000lce9_1,V1,15,19726.50882705744,1554.0273546989372,18722.811277314664,21516.55185771203,22.292283203125,1.0665418808319562,21.661185546875,23.52369140625,2572.3333333333335,26.633312473917634,2543.0,2595.0,0.0,0.0,0.0,0.0,TRY_A,0.9249466565528164,1.1329039205580804,5.0,293.7933835247956,1.0197474106288174,retrofit,False,1.0
DESHPDHK0000lce9_1,V1,14,65865.40409609898,1802.8719142885452,64689.34693983459,67941.05302675057,39.08160286458333,0.03821383260230092,39.0387421875,39.1121171875,2132.3333333333335,20.231987873991322,2109.0,2145.0,0.0,0.0,0.0,0.0,TRY_A,1.133071278423135,1.0801060408008996,5.0,294.0836738213191,0.9687277729782862,standard,True,1.0
DESHPDHK0000lce9_1,V1,13,73058.01085018588,1835.81842263849,71861.55174792481,75171.69198198844,40.042661458333335,0.1420604195980207,39.936578125,40.20405859375,2056.6666666666665,18.82374387132737,2035.0,2069.0,0.0,0.0,0.0,0.0,TRY_A,1.0679255978730042,0.9748607675489322,5.0,294.41331053736974,0.925296360898044,standard,True,1.0
DESHPDHK0000lce9_1,V1,12,185992.0495834079,2420.115369505798,184391.60924149514,188776.18039643002,66.05254166666667,0.05105032936958914,65.9945390625,66.0906484375,18.0,1.0,17.0,19.0,0.0,0.0,0.0,0.0,TRY_B,0.9902819704903735,0.8907637396203537,5.0,294.6250130173052,1.1492705082649117,standard,True,1.0
DESHPDHK0000lce9_1,V1,11,178881.2534975483,2340.0905253094124,177358.21003744888,181575.7205529058,61.34668098958334,0.08278805149622039,61.25218359375,61.40644140625,7.333333333333333,1.5275252316519465,6.0,9.0,0.0,0.0,0.0,0.0,TRY_B,0.8757885436337143,0.8519686021341887,5.0,294.11782458525266,1.316099493250095,standard,True,1.0
DESHPDHK0000lce9_1,V1,10,74121.99602660512,1844.6378960097895,72922.87365908264,76246.11226944947,39.67110286458333,0.09130484495424082,39.604203125,39.77512109375,1971.6666666666667,17.21433511156713,1952.0,1984.0,0.0,0.0,0.0,0.0,TRY_A,0.9481838824139476,0.9878223245103231,5.0,294.28653069195923,1.598985319869216,standard,True,1.0
DESHPDHK0000lce9_1,V1,19,28309.815766446194,1831.7064878509304,27114.283432451488,30418.59996325493,25.324532552083337,0.9267008917137141,24.307580078125,26.12133203125,2416.3333333333335,25.42308662089119,2387.0,2432.0,0.0,0.0,0.0,0.0,TRY_A,0.8029449079004023,1.1147697510008554,5.0,294.6235494851678,1.0958892754048333,retrofit,False,1.0
DESHPDHK0000lce9_1,V1,8,174447.89664714815,2519.113376622541,172746.91013139678,177341.895681674,63.513824218749996,0.08251390300702521,63.41902734375,63.56951171875,42.666666666666664,9.073771725877467,33.0,51.0,0.0,0.0,0.0,0.0,TRY_B,1.0732195812969818,1.097904862363127,5.0,294.3277485562038,1.5074822679197077,standard,True,1.0
DESHPDHK0000lce9_8,V1,14,,,,,,,,,,,,,,,,,,,,,,,,,
DESHPDHK0000lce9_1,V1,9,67177.22200663447,1743.1356533850817,66053.53041286659,69185.27311663056,39.434891927083335,0.0739402202020891,39.3565234375,39.50341796875,2155.6666666666665,15.275252316519516,2139.0,2169.0,0.0,0.0,0.0,0.0,TRY_A,1.187003892973684,0.9303301432552608,5.0,294.16986718220073,1.7309759242710185,standard,True,1.0
DESHPDHK0000lce9_8,V1,13,,,,,,,,,,,,,,,,,,,,,,,,,
DESHPDHK0000lce9_8,V1,12,,,,,,,,,,,,,,,,,,,,,,,,,
DESHPDHK0000lce9_8,V1,11,,,,,,,,,,,,,,,,,,,,,,,,,
DESHPDHK0000lce9_8,V1,15,,,,,,,,,,,,,,,,,,,,,,,,,
DESHPDHK0000lce9_8,V1,10,,,,,,,,,,,,,,,,,,,,,,,,,
DESHPDHK0000lce9_1,V1,2,61438.07317036056,1781.9185278601667,60285.93218808985,63490.511504433634,36.24039973958333,0.021851721128277372,36.2219140625,36.264515625,2104.0,19.28730152198591,2082.0,2118.0,0.0,0.0,0.0,0.0,TRY_A,0.8255269024416702,1.1310524687970327,6.0,293.9038403001458,1.1324462823746604,standard,True,1.0
DESHPDHK0000lce9_1,V1,7,64352.54955048283,2343.6636697307204,62828.20590799046,67051.2238224144,59.4813125,0.06035248191552836,59.41248828125,59.525203125,68.66666666666667,7.767453465154029,60.0,75.0,0.0,0.0,0.0,0.0,TRY_B,0.8175215063148915,0.8617157968270192,5.0,294.5658139132884,1.0379203880565346,retrofit,False,1.0
DESHPDHK0000lce9_1,V1,6,79869.80561501144,1918.8345512872347,78619.03230871844,82079.04852344513,40.33128515625,0.1955829653493319,40.2113515625,40.5569765625,1923.3333333333333,19.347695814575285,1901.0,1935.0,0.0,0.0,0.0,0.0,TRY_A,0.8778554831407871,0.9866884014908137,5.0,294.55712551775713,1.7607089583956002,standard,True,1.0
DESHPDHK0000lce9_1,V1,3,162901.5052000033,2428.0241798114985,161281.33656437017,165693.152439312,58.244434895833336,0.08271993613800846,58.150109375,58.30462109375,28.666666666666668,6.110100926607786,22.0,34.0,0.0,0.0,0.0,0.0,TRY_B,1.0526657596488258,1.1032350960341495,5.0,293.7251811832662,0.5116085777850673,standard,True,1.0
DESHPDHK0000lce9_1,V1,4,70754.8585275782,1826.8749005175725,69564.04772875356,72858.22584069824,40.3594765625,0.5166037455057882,39.765125,40.7006875,1913.6666666666667,19.629909152447258,1891.0,1925.0,0.0,0.0,0.0,0.0,TRY_A,0.9418103872519473,1.1882792097579613,4.0,293.6704711861492,1.2285480631851473,standard,True,1.0
DESHPDHK0000lce9_1,V1,5,64197.9033389616,1797.1885576112788,63026.42831426239,66267.09001171017,38.898256510416665,0.041972635406967704,38.8666171875,38.94587109375,2165.6666666666665,17.243356208503467,2147.0,2181.0,0.0,0.0,0.0,0.0,TRY_A,1.157248448528879,1.1113533988295048,5.0,294.02229928267036,1.3248120574773004,standard,True,1.0
DESHPDHK0000lce9_1,V1,1,166625.37042181334,2392.364572611108,165051.4071284313,169378.41104818915,57.316299479166666,0.08312589123088093,57.22149609375,57.37670703125,9.0,2.0,7.0,11.0,0.0,0.0,0.0,0.0,TRY_B,0.8908954887139108,1.021833914806334,5.0,293.6614166166424,1.9434068520031045,standard,True,1.0
DESHPDHK0000lce9_2,V2,19,40609.68768508249,1965.5225000374871,38962.132902207304,42785.29758323918,31.583593343098958,1.507961247457532,30.35902001953125,33.26791650390625,2144.0,14.0,2130.0,2158.0,4.21622411336537,0.042089105326778356,4.167962445147083,4.245314919530848,TRY_A,0.8029449079004023,1.1147697510008554,5.0,294.6235494851678,1.0958892754048333,retrofit,False,6.0
DESHPDHK0000lce9_4,V2,19,,,,,,,,,,,,,,,,,,,,,,,,,
DESHPDHK0000lce9_4,V2,18,,,,,,,,,,,,,,,,,,,,,,,,,
DESHPDHK0000lce9_4,V2,16,,,,,,,,,,,,,,,,,,,,,,,,,
DESHPDHK0000lce9_2,V2,18,223275.82822217516,2784.8431053392533,221264.16497959077,226454.27563328887,78.73710677083334,0.044185466782528604,78.6905888671875,78.778515625,8.0,1.0,7.0,9.0,6.34432180023163,0.02820653686564921,6.311781034283452,6.361789110765202,TRY_B,0.855900993443724,0.8799632809900434,5.0,294.1546509747472,0.8129223162871597,standard,True,6.0
DESHPDHK0000lce9_4,V2,15,,,,,,,,,,,,,,,,,,,,,,,,,
DESHPDHK0000lce9_4,V2,14,,,,,,,,,,,,,,,,,,,,,,,,,
DESHPDHK0000lce9_4,V2,13,,,,,,,,,,,,,,,,,,,,,,,,,
DESHPDHK0000lce9_4,V2,17,,,,,,,,,,,,,,,,,,,,,,,,,
DESHPDHK0000lce9_2,V2,17,241868.78815080793,3154.43125245914,239693.24930531133,245486.51993993492,88.73227018229166,0.13236315284765154,88.579509765625,88.812916015625,20.0,3.0,17.0,23.0,7.191279747712627,0.017174566045307597,7.17148686141106,7.202247151989957,TRY_B,0.9153312415720977,1.0729982015899902,5.0,294.00382413415696,1.8559371822267299,standard,True,6.0
DESHPDHK0000lce9_2,V2,12,247592.21872712622,3080.158204469837,245579.89488062586,251138.12258946535,87.97074283854168,0.08438120683422565,87.876587890625,88.0395302734375,35.333333333333336,3.214550253664319,33.0,39.0,6.9608617349424415,0.012436777959602855,6.946722338262479,6.970106644113917,TRY_B,0.9902819704903735,0.8907637396203537,5.0,294.6250130173052,1.1492705082649117,standard,True,6.0
DESHPDHK0000lce9_2,V2,15,39769.81978014442,2063.895975342195,38109.040252663806,42080.42071728522,31.98163557942708,1.3707985280805768,31.01002587890625,33.54960009765625,2267.6666666666665,13.203534880225561,2256.0,2282.0,4.2981500351659845,0.058706608898309275,4.230693188830469,4.337679004876012,TRY_A,0.9249466565528164,1.1329039205580804,5.0,293.7933835247956,1.0197474106288174,retrofit,False,6.0
DESHPDHK0000lce9_2,V2,14,93517.17928196357,2152.809608059017,91995.946689653,95980.43404785347,48.256007161458335,0.830212204737878,47.7734794921875,49.214646484375,1954.3333333333333,15.011106998930241,1939.0,1969.0,3.8610089914587298,0.0705385696218204,3.7795835333237338,3.9034854891963957,TRY_A,1.133071278423135,1.0801060408008996,5.0,294.0836738213191,0.9687277729782862,standard,True,6.0
DESHPDHK0000lce9_2,V2,13,93693.72647146582,2173.0763260796166,92421.14489704501,96202.89280747843,48.18148763020833,0.6848525832893226,47.7425625,48.970626953125,1887.3333333333333,11.37248140615463,1878.0,1900.0,4.182208228963056,0.06859732235438402,4.103404182370513,4.228540931495274,TRY_A,1.0679255978730042,0.9748607675489322,5.0,294.41331053736974,0.925296360898044,standard,True,6.0
DESHPDHK0000lce9_2,V2,11,214218.8006394899,2732.376297351166,212584.3057335194,217373.1830975816,72.88138769531251,0.08087552309530241,72.7916298828125,72.94859375,9.666666666666666,1.5275252316519468,8.0,11.0,7.104262536425551,0.0166081051552868,7.0855413497194935,7.117224106463694,TRY_B,0.8757885436337143,0.8519686021341887,5.0,294.11782458525266,1.316099493250095,standard,True,6.0
DESHPDHK0000lce9_2,V2,10,106324.62024281586,2373.472024317248,104946.29672749102,109065.25407329416,49.6988994140625,0.8977988854395422,49.17557421875,50.735572265625,1806.0,12.489995996796797,1796.0,1820.0,4.1305446014444955,0.06922833259673514,4.051534551039855,4.180567277782709,TRY_A,0.9481838824139476,0.9878223245103231,5.0,294.28653069195923,1.598985319869216,standard,True,6.0
DESHPDHK0000lce9_2,V2,9,109977.58684096563,2210.000799148089,108567.85641011044,112524.62431122604,51.261638671875005,1.127806601967085,50.5857001953125,52.5635986328125,1983.0,5.5677643628300215,1978.0,1989.0,4.376086700036548,0.06984544405566508,4.295501506950416,4.419191065913345,TRY_A,1.187003892973684,0.9303301432552608,5.0,294.16986718220073,1.7309759242710185,standard,True,6.0
DESHPDHK0000lce9_2,V2,8,208225.68335572165,2715.2265301055786,206202.11712322486,211311.43365753815,78.24021516927083,0.06864143333477733,78.161505859375,78.2876494140625,37.333333333333336,2.5166114784235836,35.0,40.0,7.659206345532806,0.028729786870363358,7.62690970859848,7.681919424899326,TRY_B,1.0732195812969818,1.097904862363127,5.0,294.3277485562038,1.5074822679197077,standard,True,6.0
DESHPDHK0000lce9_2,V2,7,83517.59468545772,2605.663917185593,81722.06867390919,86506.18269723139,70.9528857421875,0.050739245811516634,70.8950849609375,70.9900791015625,19.666666666666668,1.5275252316519463,18.0,21.0,7.36962696138285,0.04978360481372154,7.3135647433572375,7.408666162454925,TRY_B,0.8175215063148915,0.8617157968270192,5.0,294.5658139132884,1.0379203880565346,retrofit,False,6.0
DESHPDHK0000lce9_2,V2,6,117326.76690892463,2309.0288097054117,115792.66779996574,119982.33942777815,50.986955078125,1.2950150286141193,50.174279296875,52.4803681640625,1760.3333333333333,10.263202878893736,1749.0,1769.0,4.7311028951252965,0.0833781670329603,4.637167073809222,4.7963455107886706,TRY_A,0.8778554831407871,0.9866884014908137,5.0,294.55712551775713,1.7607089583956002,standard,True,6.0
DESHPDHK0000lce9_2,V2,5,101832.2853737989,2230.1772820500196,100135.33002149558,104358.24557104844,50.10237060546874,1.1859760311760865,49.3593623046875,51.4701142578125,1980.6666666666667,16.258331197676274,1968.0,1999.0,4.779564201924799,0.06248450073696764,4.713269065958823,4.837370014832917,TRY_A,1.157248448528879,1.1113533988295048,5.0,294.02229928267036,1.3248120574773004,standard,True,6.0
DESHPDHK0000lce9_4,V2,12,,,,,,,,,,,,,,,,,,,,,,,,,
DESHPDHK0000lce9_2,V2,4,110413.73599261284,2140.45564057757,108897.35829069864,112862.19090195643,50.964575520833336,0.7649118344771796,50.5180966796875,51.8478017578125,1745.3333333333333,21.501937897160158,1724.0,1767.0,4.517776614077646,0.10406735217693887,4.399689274554846,4.5960958894699795,TRY_A,0.9418103872519473,1.1882792097579613,4.0,293.6704711861492,1.2285480631851473,standard,True,6.0
DESHPDHK0000lce9_2,V2,3,204166.0021481746,2789.250967660193,202202.9713087555,207358.8075541163,76.97860970052083,0.04108184050477571,76.931849609375,77.00890625,22.0,3.4641016151377544,20.0,26.0,6.068768438037272,0.03600372376818968,6.027195122671678,6.089667844603616,TRY_B,1.0526657596488258,1.1032350960341495,5.0,293.7251811832662,0.5116085777850673,standard,True,6.0
DESHPDHK0000lce9_2,V2,2,82524.85032566874,2160.4240312974757,81226.7419795556,85018.79420716893,44.59458837890625,0.5132417009356695,44.26438134765625,45.1858837890625,1947.3333333333333,5.686240703077296,1941.0,1952.0,3.755972507051405,0.05754964606819285,3.6905676732119375,3.7988541943476433,TRY_A,0.8255269024416702,1.1310524687970327,6.0,293.9038403001458,1.1324462823746604,standard,True,6.0
DESHPDHK0000lce9_2,V2,16,207956.6990704505,2684.723655018827,206148.0669131341,211041.4688618617,77.18773209635417,0.0795953888521593,77.0973603515625,77.2474140625,37.0,4.58257569495584,33.0,42.0,6.340222783127331,0.036761690248622726,6.298222176384513,6.36655071682207,TRY_B,1.1219057429987207,0.9549913516120698,5.0,293.7795466999801,0.8393237984710207,standard,True,6.0
DESHPDHK0000lce9_4,V2,11,,,,,,,,,,,,,,,,,,,,,,,,,
DESHPDHK0000lce9_4,V2,0,,,,,,,,,,,,,,,,,,,,,,,,,
DESHPDHK0000lce9_4,V2,9,,,,,,,,,,,,,,,,,,,,,,,,,
DESHPDHK0000lce9_1,V2,0,,,,,,,,,,,,,,,,,,,,,,,,,
DESHPDHK0000lce9_1,V2,1,,,,,,,,,,,,,,,,,,,,,,,,,
DESHPDHK0000lce9_1,V2,2,,,,,,,,,,,,,,,,,,,,,,,,,
DESHPDHK0000lce9_1,V2,3,,,,,,,,,,,,,,,,,,,,,,,,,
DESHPDHK0000lce9_1,V2,4,,,,,,,,,,,,,,,,,,,,,,,,,
DESHPDHK0000lce9_1,V2,5,,,,,,,,,,,,,,,,,,,,,,,,,
DESHPDHK0000lce9_1,V2,6,,,,,,,,,,,,,,,,,,,,,,,,,
DESHPDHK0000lce9_1,V2,7,,,,,,,,,,,,,,,,,,,,,,,,,
DESHPDHK0000lce9_1,V2,8,,,,,,,,,,,,,,,,,,,,,,,,,
DESHPDHK0000lce9_1,V2,9,,,,,,,,,,,,,,,,,,,,,,,,,
DESHPDHK0000lce9_1,V2,10,,,,,,,,,,,,,,,,,,,,,,,,,
DESHPDHK0000lce9_1,V2,11,,,,,,,,,,,,,,,,,,,,,,,,,
DESHPDHK0000lce9_1,V2,12,,,,,,,,,,,,,,,,,,,,,,,,,
DESHPDHK0000lce9_4,V2,10,,,,,,,,,,,,,,,,,,,,,,,,,
DESHPDHK0000lce9_1,V2,13,,,,,,,,,,,,,,,,,,,,,,,,,
DESHPDHK0000lce9_1,V2,15,,,,,,,,,,,,,,,,,,,,,,,,,
DESHPDHK0000lce9_1,V2,16,,,,,,,,,,,,,,,,,,,,,,,,,
DESHPDHK0000lce9_1,V2,17,,,,,,,,,,,,,,,,,,,,,,,,,
DESHPDHK0000lce9_1,V2,18,,,,,,,,,,,,,,,,,,,,,,,,,
DESHPDHK0000lce9_2,V2,1,227410.62432925068,2522.399221599864,225451.8743607825,230256.80721841156,77.95800553385418,0.09069298524959685,77.853287109375,78.011234375,19.0,3.0,16.0,22.0,7.889910476708376,0.01650406867703641,7.8714224906044485,7.903158225529873,TRY_B,0.8908954887139108,1.021833914806334,5.0,293.6614166166424,1.9434068520031045,standard,True,6.0
DESHPDHK0000lce9_4,V2,1,,,,,,,,,,,,,,,,,,,,,,,,,
DESHPDHK0000lce9_4,V2,2,,,,,,,,,,,,,,,,,,,,,,,,,
DESHPDHK0000lce9_4,V2,3,,,,,,,,,,,,,,,,,,,,,,,,,
DESHPDHK0000lce9_4,V2,4,,,,,,,,,,,,,,,,,,,,,,,,,
DESHPDHK0000lce9_4,V2,5,,,,,,,,,,,,,,,,,,,,,,,,,
DESHPDHK0000lce9_4,V2,6,,,,,,,,,,,,,,,,,,,,,,,,,
DESHPDHK0000lce9_4,V2,7,,,,,,,,,,,,,,,,,,,,,,,,,
DESHPDHK0000lce9_4,V2,8,,,,,,,,,,,,,,,,,,,,,,,,,
DESHPDHK0000lce9_1,V2,14,,,,,,,,,,,,,,,,,,,,,,,,,
DESHPDHK0000lce9_2,V2,0,214949.47421192806,2714.4345457101717,212945.3136552272,218038.57635172797,79.15701757812501,0.08887931305175754,79.0544462890625,79.211283203125,43.0,2.6457513110645907,41.0,46.0,6.343620965321427,0.02653711704397388,6.313059661938388,6.3608312886567635,TRY_B,1.129104645308332,0.9773656795309325,5.0,294.16835551224983,0.9950452772842244,standard,True,6.0
DESHPDHK0000lce9_3,V2,15,,,,,,,,,,,,,,,,,,,,,,,,,
DESHPDHK0000lce9_8,V2,13,,,,,,,,,,,,,,,,,,,,,,,,,
DESHPDHK0000lce9_7,V2,12,,,,,,,,,,,,,,,,,,,,,,,,,
DESHPDHK0000lce9_7,V2,11,,,,,,,,,,,,,,,,,,,,,,,,,
DESHPDHK0000lce9_7,V2,10,,,,,,,,,,,,,,,,,,,,,,,,,
DESHPDHK0000lce9_7,V2,9,,,,,,,,,,,,,,,,,,,,,,,,,
DESHPDHK0000lce9_7,V2,8,,,,,,,,,,,,,,,,,,,,,,,,,
DESHPDHK0000lce9_7,V2,7,,,,,,,,,,,,,,,,,,,,,,,,,
DESHPDHK0000lce9_8,V2,14,,,,,,,,,,,,,,,,,,,,,,,,,
DESHPDHK0000lce9_1,V2,19,,,,,,,,,,,,,,,,,,,,,,,,,
DESHPDHK0000lce9_8,V2,12,,,,,,,,,,,,,,,,,,,,,,,,,
DESHPDHK0000lce9_8,V2,11,,,,,,,,,,,,,,,,,,,,,,,,,
DESHPDHK0000lce9_8,V2,10,,,,,,,,,,,,,,,,,,,,,,,,,
DESHPDHK0000lce9_8,V2,9,,,,,,,,,,,,,,,,,,,,,,,,,
DESHPDHK0000lce9_7,V2,13,,,,,,,,,,,,,,,,,,,,,,,,,
DESHPDHK0000lce9_8,V2,8,,,,,,,,,,,,,,,,,,,,,,,,,
DESHPDHK0000lce9_8,V2,6,,,,,,,,,,,,,,,,,,,,,,,,,
DESHPDHK0000lce9_8,V2,5,,,,,,,,,,,,,,,,,,,,,,,,,
DESHPDHK0000lce9_8,V2,4,,,,,,,,,,,,,,,,,,,,,,,,,
DESHPDHK0000lce9_8,V2,3,,,,,,,,,,,,,,,,,,,,,,,,,
DESHPDHK0000lce9_8,V2,2,,,,,,,,,,,,,,,,,,,,,,,,,
DESHPDHK0000lce9_8,V2,1,,,,,,,,,,,,,,,,,,,,,,,,,
DESHPDHK0000lce9_8,V2,0,,,,,,,,,,,,,,,,,,,,,,,,,
DESHPDHK0000lce9_7,V2,0,,,,,,,,,,,,,,,,,,,,,,,,,
DESHPDHK0000lce9_7,V2,1,,,,,,,,,,,,,,,,,,,,,,,,,
DESHPDHK0000lce9_7,V2,2,,,,,,,,,,,,,,,,,,,,,,,,,
DESHPDHK0000lce9_7,V2,3,,,,,,,,,,,,,,,,,,,,,,,,,
DESHPDHK0000lce9_7,V2,4,,,,,,,,,,,,,,,,,,,,,,,,,
DESHPDHK0000lce9_8,V2,7,,,,,,,,,,,,,,,,,,,,,,,,,
DESHPDHK0000lce9_7,V2,14,,,,,,,,,,,,,,,,,,,,,,,,,
DESHPDHK0000lce9_7,V2,15,,,,,,,,,,,,,,,,,,,,,,,,,
DESHPDHK0000lce9_7,V2,16,,,,,,,,,,,,,,,,,,,,,,,,,
DESHPDHK0000lce9_3,V2,19,,,,,,,,,,,,,,,,,,,,,,,,,
DESHPDHK0000lce9_3,V2,18,,,,,,,,,,,,,,,,,,,,,,,,,
DESHPDHK0000lce9_3,V2,17,,,,,,,,,,,,,,,,,,,,,,,,,
DESHPDHK0000lce9_3,V2,16,,,,,,,,,,,,,,,,,,,,,,,,,
DESHPDHK0000lce9_3,V2,14,,,,,,,,,,,,,,,,,,,,,,,,,
DESHPDHK0000lce9_3,V2,13,,,,,,,,,,,,,,,,,,,,,,,,,
DESHPDHK0000lce9_3,V2,12,,,,,,,,,,,,,,,,,,,,,,,,,
DESHPDHK0000lce9_3,V2,11,,,,,,,,,,,,,,,,,,,,,,,,,
DESHPDHK0000lce9_3,V2,10,,,,,,,,,,,,,,,,,,,,,,,,,
DESHPDHK0000lce9_3,V2,9,,,,,,,,,,,,,,,,,,,,,,,,,
DESHPDHK0000lce9_3,V2,8,,,,,,,,,,,,,,,,,,,,,,,,,
DESHPDHK0000lce9_3,V2,7,,,,,,,,,,,,,,,,,,,,,,,,,
DESHPDHK0000lce9_3,V2,6,,,,,,,,,,,,,,,,,,,,,,,,,
DESHPDHK0000lce9_3,V2,5,,,,,,,,,,,,,,,,,,,,,,,,,
DESHPDHK0000lce9_8,V2,19,,,,,,,,,,,,,,,,,,,,,,,,,
DESHPDHK0000lce9_8,V2,18,,,,,,,,,,,,,,,,,,,,,,,,,
DESHPDHK0000lce9_8,V2,17,,,,,,,,,,,,,,,,,,,,,,,,,
DESHPDHK0000lce9_8,V2,16,,,,,,,,,,,,,,,,,,,,,,,,,
DESHPDHK0000lce9_3,V2,4,,,,,,,,,,,,,,,,,,,,,,,,,
DESHPDHK0000lce9_3,V2,0,,,,,,,,,,,,,,,,,,,,,,,,,
DESHPDHK0000lce9_3,V2,1,,,,,,,,,,,,,,,,,,,,,,,,,
DESHPDHK0000lce9_3,V2,2,,,,,,,,,,,,,,,,,,,,,,,,,
DESHPDHK0000lce9_8,V2,15,,,,,,,,,,,,,,,,,,,,,,,,,
DESHPDHK0000lce9_3,V2,3,,,,,,,,,,,,,,,,,,,,,,,,,
DESHPDHK0000lce9_7,V2,19,,,,,,,,,,,,,,,,,,,,,,,,,
DESHPDHK0000lce9_7,V2,18,,,,,,,,,,,,,,,,,,,,,,,,,
DESHPDHK0000lce9_7,V2,17,,,,,,,,,,,,,,,,,,,,,,,,,
DESHPDHK0000lce9_7,V2,5,,,,,,,,,,,,,,,,,,,,,,,,,
DESHPDHK0000lce9_7,V2,6,,,,,,,,,,,,,,,,,,,,,,,,,
DESHPDHK0000lce9_3,V3,0,211208.16851903443,2575.277734892303,209101.74010788393,214079.14919018096,77.91431038411459,0.06404114501317697,77.84215673828125,77.96441064453126,34.333333333333336,5.033222956847167,29.0,39.0,6.5901264373114,0.007100849437590906,6.5854491107663335,6.59829725499105,TRY_B,1.129104645308332,0.9773656795309325,5.0,294.16835551224983,0.9950452772842244,standard,True,11.0
DESHPDHK0000lce9_3,V3,16,205423.2006514369,2487.873299635053,203334.6760395179,208175.6966252807,74.41074169921875,0.08345651222387067,74.3149052734375,74.46740771484374,32.333333333333336,3.785938897200182,28.0,35.0,6.503001390978279,0.01792771416864059,6.486284224413642,6.5219337716792225,TRY_B,1.1219057429987207,0.9549913516120698,5.0,293.7795466999801,0.8393237984710207,standard,True,11.0
DESHPDHK0000lce9_3,V3,1,219400.53160757254,2567.8519940522315,217885.6632186066,222365.39511835124,75.2298251953125,0.07243080865928296,75.147818359375,75.2850546875,13.0,1.0,12.0,14.0,8.009527206348332,0.012098681297309836,8.000768498870396,8.023332156706127,TRY_B,0.8908954887139108,1.021833914806334,5.0,293.6614166166424,1.9434068520031045,standard,True,11.0
DESHPDHK0000lce9_3,V3,2,85164.86813850305,1962.3477194088998,83993.14678950768,87430.34495429632,44.887281087239586,0.358606037933674,44.65996801757812,45.300678955078126,1960.3333333333333,12.423096769056167,1946.0,1968.0,4.0879828221530445,0.02963023259134057,4.066427986067516,4.121770943453455,TRY_A,0.8255269024416702,1.1310524687970327,6.0,293.9038403001458,1.1324462823746604,standard,True,11.0
DESHPDHK0000lce9_3,V3,3,202281.0779792145,2612.6720743373094,200434.24394577078,205270.39877097224,76.03765332031249,0.05504592801355849,75.97430810546875,76.07386376953124,17.666666666666668,1.5275252316519463,16.0,19.0,6.211979900026724,0.008522559432874983,6.203300146027363,6.220336046709807,TRY_B,1.0526657596488258,1.1032350960341495,5.0,293.7251811832662,0.5116085777850673,standard,True,11.0
DESHPDHK0000lce9_3,V3,4,103484.79952811867,1949.7272044844126,102344.5399385929,105736.08732356962,50.3077870279948,0.11870280362508753,50.22238134765625,50.44333251953125,1748.3333333333333,14.1891977691952,1733.0,1761.0,4.74943078208749,0.05914182059228873,4.685104709743244,4.801452626268719,TRY_A,0.9418103872519473,1.1882792097579613,4.0,293.6704711861492,1.2285480631851473,standard,True,11.0
DESHPDHK0000lce9_3,V3,5,98589.6351647097,2149.7025129871404,97148.09361665764,101060.46004312021,49.67104549153646,0.5985861941777723,49.23513159179687,50.3535341796875,1984.0,14.106735979665885,1969.0,1997.0,4.968497387882022,0.027783733890197674,4.937612564266308,4.9914585510191225,TRY_A,1.157248448528879,1.1113533988295048,5.0,294.02229928267036,1.3248120574773004,standard,True,11.0
DESHPDHK0000lce9_3,V3,6,107092.46574479656,2149.0687316045646,105414.35369667946,109514.69938953879,49.362461018880204,0.6694661111636906,48.89511791992187,50.1294033203125,1769.6666666666667,12.662279942148361,1756.0,1781.0,5.204228420088484,0.024572381965383677,5.178649505242519,5.227652316468452,TRY_A,0.8778554831407871,0.9866884014908137,5.0,294.55712551775713,1.7607089583956002,standard,True,11.0
DESHPDHK0000lce9_3,V3,7,93866.67564116133,2672.6533032793527,91913.4310992432,96912.52542477587,75.91807356770833,0.06777379049393978,75.839826171875,75.95833544921875,30.666666666666668,4.041451884327381,26.0,33.0,9.388885248407213,0.013653667322572553,9.379211223747292,9.404503381574774,TRY_B,0.8175215063148915,0.8617157968270192,5.0,294.5658139132884,1.0379203880565346,retrofit,False,11.0
DESHPDHK0000lce9_3,V3,8,228440.96902856193,2975.2095123128074,226646.91120725157,231875.29749632557,83.24755745442708,0.00290964598139393,83.2443125,83.24993408203125,36.333333333333336,2.5166114784235836,34.0,39.0,8.1049516963273,0.015321155187952091,8.091921867838249,8.12183027177107,TRY_B,1.0732195812969818,1.097904862363127,5.0,294.3277485562038,1.5074822679197077,standard,True,11.0
DESHPDHK0000lce9_3,V3,9,117806.03689608896,2166.521604665786,116521.63530782548,120307.41769321484,52.42281225585938,0.9863214061896163,51.823452392578126,53.56118505859375,2013.0,8.54400374531753,2005.0,2022.0,4.774639879573642,0.02389242232429625,4.757880428694331,4.80199823639679,TRY_A,1.187003892973684,0.9303301432552608,5.0,294.16986718220073,1.7309759242710185,standard,True,11.0
DESHPDHK0000lce9_3,V3,10,106187.02631925147,2097.286141494395,104605.71297117109,108566.13986418604,49.477446614583336,0.7285282365854383,49.044101318359374,50.318548828125,1828.0,17.349351572897472,1808.0,1839.0,4.553679802208847,0.035068141166485926,4.528306957358518,4.593696401783518,TRY_A,0.9481838824139476,0.9878223245103231,5.0,294.28653069195923,1.598985319869216,standard,True,11.0
DESHPDHK0000lce9_3,V3,11,228002.52188108108,2724.2556740719447,225969.77388373215,231097.96313748643,78.32864176432291,0.07083894572874784,78.247439453125,78.37777490234375,8.0,1.0,7.0,9.0,7.105142947015793,0.007966678230023812,7.100348575462725,7.114339284436399,TRY_B,0.8757885436337143,0.8519686021341887,5.0,294.11782458525266,1.316099493250095,standard,True,11.0
DESHPDHK0000lce9_3,V3,12,245949.0706605057,2523.9910289444833,244135.75495165138,248831.69544765438,88.93094628906249,0.10862991505050587,88.80627685546875,89.0052646484375,23.666666666666668,0.5773502691896255,23.0,24.0,6.998474197727323,0.012907488396499764,6.983934886432951,7.008582792792634,TRY_B,0.9902819704903735,0.8907637396203537,5.0,294.6250130173052,1.1492705082649117,standard,True,11.0
DESHPDHK0000lce9_3,V3,13,102250.18339102615,2014.2958968556172,100890.84894290828,104564.33688107492,49.41937150065104,0.61684774053614,49.044259765625,50.131302734375,1914.3333333333333,13.316656236958753,1899.0,1923.0,4.42868936979412,0.02904688700979151,4.405838293104519,4.461377383666339,TRY_A,1.0679255978730042,0.9748607675489322,5.0,294.41331053736974,0.925296360898044,standard,True,11.0
DESHPDHK0000lce9_3,V3,14,88352.29836206896,1745.0201640961207,87191.72766750428,90359.08366388698,47.148497802734376,0.4467457962716909,46.866780029296876,47.66360009765625,1975.0,15.620499351813308,1957.0,1985.0,4.130491085667157,0.03922197222364996,4.087478573253447,4.164277648751615,TRY_A,1.133071278423135,1.0801060408008996,5.0,294.0836738213191,0.9687277729782862,standard,True,11.0
DESHPDHK0000lce9_3,V3,15,38238.22113624841,1970.4472300090658,36793.312963488366,40482.79301224552,31.015239664713544,1.2263900581817155,30.1819482421875,32.423475830078125,2290.3333333333335,12.013880860626792,2278.0,2302.0,4.753518279772692,0.03731919991398776,4.723512616226656,4.795306700928655,TRY_A,0.9249466565528164,1.1329039205580804,5.0,293.7933835247956,1.0197474106288174,retrofit,False,11.0
DESHPDHK0000lce9_3,V3,17,236333.32959979345,2889.245415184099,234045.60142906403,239580.1591941004,85.47990804036459,0.07611004603970402,85.3929599609375,85.5344619140625,16.0,2.0,14.0,18.0,7.563121216112916,0.016357893528790808,7.552210713423441,7.5819294214003765,TRY_B,0.9153312415720977,1.0729982015899902,5.0,294.00382413415696,1.8559371822267299,standard,True,11.0
DESHPDHK0000lce9_3,V3,18,217218.945642986,2271.7742879042835,215493.94312906242,219792.94716591356,75.49721565755209,0.07969661031119347,75.405541015625,75.5500078125,4.666666666666667,0.5773502691896257,4.0,5.0,6.459642268404604,0.0079761483094482,6.452179832880839,6.468048203686782,TRY_B,0.855900993443724,0.8799632809900434,5.0,294.1546509747472,0.8129223162871597,standard,True,11.0
DESHPDHK0000lce9_4,V3,14,,,,,,,,,,,,,,,,,,,,,,,,,
DESHPDHK0000lce9_8,V3,16,,,,,,,,,,,,,,,,,,,,,,,,,
DESHPDHK0000lce9_8,V3,2,,,,,,,,,,,,,,,,,,,,,,,,,
DESHPDHK0000lce9_8,V3,1,,,,,,,,,,,,,,,,,,,,,,,,,
DESHPDHK0000lce9_8,V3,0,,,,,,,,,,,,,,,,,,,,,,,,,
DESHPDHK0000lce9_4,V3,19,,,,,,,,,,,,,,,,,,,,,,,,,
DESHPDHK0000lce9_7,V3,0,,,,,,,,,,,,,,,,,,,,,,,,,
DESHPDHK0000lce9_7,V3,1,,,,,,,,,,,,,,,,,,,,,,,,,
DESHPDHK0000lce9_7,V3,2,,,,,,,,,,,,,,,,,,,,,,,,,
DESHPDHK0000lce9_7,V3,3,,,,,,,,,,,,,,,,,,,,,,,,,
DESHPDHK0000lce9_7,V3,4,,,,,,,,,,,,,,,,,,,,,,,,,
DESHPDHK0000lce9_7,V3,5,,,,,,,,,,,,,,,,,,,,,,,,,
DESHPDHK0000lce9_7,V3,6,,,,,,,,,,,,,,,,,,,,,,,,,
DESHPDHK0000lce9_7,V3,7,,,,,,,,,,,,,,,,,,,,,,,,,
DESHPDHK0000lce9_8,V3,3,,,,,,,,,,,,,,,,,,,,,,,,,
DESHPDHK0000lce9_7,V3,8,,,,,,,,,,,,,,,,,,,,,,,,,
DESHPDHK0000lce9_7,V3,10,,,,,,,,,,,,,,,,,,,,,,,,,
DESHPDHK0000lce9_7,V3,11,,,,,,,,,,,,,,,,,,,,,,,,,
DESHPDHK0000lce9_7,V3,12,,,,,,,,,,,,,,,,,,,,,,,,,
DESHPDHK0000lce9_7,V3,13,,,,,,,,,,,,,,,,,,,,,,,,,
DESHPDHK0000lce9_7,V3,14,,,,,,,,,,,,,,,,,,,,,,,,,
DESHPDHK0000lce9_7,V3,15,,,,,,,,,,,,,,,,,,,,,,,,,
DESHPDHK0000lce9_7,V3,16,,,,,,,,,,,,,,,,,,,,,,,,,
DESHPDHK0000lce9_7,V3,17,,,,,,,,,,,,,,,,,,,,,,,,,
DESHPDHK0000lce9_7,V3,18,,,,,,,,,,,,,,,,,,,,,,,,,
DESHPDHK0000lce9_7,V3,19,,,,,,,,,,,,,,,,,,,,,,,,,
DESHPDHK0000lce9_8,V3,19,,,,,,,,,,,,,,,,,,,,,,,,,
DESHPDHK0000lce9_8,V3,18,,,,,,,,,,,,,,,,,,,,,,,,,
DESHPDHK0000lce9_7,V3,9,,,,,,,,,,,,,,,,,,,,,,,,,
DESHPDHK0000lce9_3,V3,19,42847.21947758309,2279.514680882272,41093.56168059126,45423.96026457356,31.630588419596354,1.3119740282435302,30.575801025390625,33.09970581054687,2158.0,15.588457268119896,2140.0,2167.0,4.771110803756306,0.008620363052968132,4.763850107270281,4.780637962498932,TRY_A,0.8029449079004023,1.1147697510008554,5.0,294.6235494851678,1.0958892754048333,retrofit,False,11.0
DESHPDHK0000lce9_8,V3,4,,,,,,,,,,,,,,,,,,,,,,,,,
DESHPDHK0000lce9_8,V3,6,,,,,,,,,,,,,,,,,,,,,,,,,
DESHPDHK0000lce9_4,V3,0,,,,,,,,,,,,,,,,,,,,,,,,,
DESHPDHK0000lce9_4,V3,1,,,,,,,,,,,,,,,,,,,,,,,,,
DESHPDHK0000lce9_4,V3,2,,,,,,,,,,,,,,,,,,,,,,,,,
DESHPDHK0000lce9_4,V3,3,,,,,,,,,,,,,,,,,,,,,,,,,
DESHPDHK0000lce9_4,V3,4,,,,,,,,,,,,,,,,,,,,,,,,,
DESHPDHK0000lce9_4,V3,5,,,,,,,,,,,,,,,,,,,,,,,,,
DESHPDHK0000lce9_4,V3,6,,,,,,,,,,,,,,,,,,,,,,,,,
DESHPDHK0000lce9_4,V3,7,,,,,,,,,,,,,,,,,,,,,,,,,
DESHPDHK0000lce9_4,V3,8,,,,,,,,,,,,,,,,,,,,,,,,,
DESHPDHK0000lce9_4,V3,9,,,,,,,,,,,,,,,,,,,,,,,,,
DESHPDHK0000lce9_4,V3,10,,,,,,,,,,,,,,,,,,,,,,,,,
DESHPDHK0000lce9_4,V3,11,,,,,,,,,,,,,,,,,,,,,,,,,
DESHPDHK0000lce9_8,V3,5,,,,,,,,,,,,,,,,,,,,,,,,,
DESHPDHK0000lce9_4,V3,12,,,,,,,,,,,,,,,,,,,,,,,,,
DESHPDHK0000lce9_4,V3,15,,,,,,,,,,,,,,,,,,,,,,,,,
DESHPDHK0000lce9_4,V3,16,,,,,,,,,,,,,,,,,,,,,,,,,
DESHPDHK0000lce9_4,V3,17,,,,,,,,,,,,,,,,,,,,,,,,,
DESHPDHK0000lce9_8,V3,15,,,,,,,,,,,,,,,,,,,,,,,,,
DESHPDHK0000lce9_8,V3,14,,,,,,,,,,,,,,,,,,,,,,,,,
DESHPDHK0000lce9_8,V3,13,,,,,,,,,,,,,,,,,,,,,,,,,
DESHPDHK0000lce9_8,V3,12,,,,,,,,,,,,,,,,,,,,,,,,,
DESHPDHK0000lce9_8,V3,11,,,,,,,,,,,,,,,,,,,,,,,,,
DESHPDHK0000lce9_8,V3,10,,,,,,,,,,,,,,,,,,,,,,,,,
DESHPDHK0000lce9_8,V3,9,,,,,,,,,,,,,,,,,,,,,,,,,
DESHPDHK0000lce9_8,V3,8,,,,,,,,,,,,,,,,,,,,,,,,,
DESHPDHK0000lce9_8,V3,7,,,,,,,,,,,,,,,,,,,,,,,,,
DESHPDHK0000lce9_4,V3,13,,,,,,,,,,,,,,,,,,,,,,,,,
DESHPDHK0000lce9_4,V3,18,,,,,,,,,,,,,,,,,,,,,,,,,
DESHPDHK0000lce9_8,V3,17,,,,,,,,,,,,,,,,,,,,,,,,,
DESHPDHK0000lce9_2,V3,16,,,,,,,,,,,,,,,,,,,,,,,,,
DESHPDHK0000lce9_2,V3,13,,,,,,,,,,,,,,,,,,,,,,,,,
DESHPDHK0000lce9_2,V3,12,,,,,,,,,,,,,,,,,,,,,,,,,
DESHPDHK0000lce9_2,V3,11,,,,,,,,,,,,,,,,,,,,,,,,,
DESHPDHK0000lce9_2,V3,10,,,,,,,,,,,,,,,,,,,,,,,,,
DESHPDHK0000lce9_2,V3,9,,,,,,,,,,,,,,,,,,,,,,,,,
DESHPDHK0000lce9_2,V3,8,,,,,,,,,,,,,,,,,,,,,,,,,
DESHPDHK0000lce9_2,V3,7,,,,,,,,,,,,,,,,,,,,,,,,,
DESHPDHK0000lce9_2,V3,6,,,,,,,,,,,,,,,,,,,,,,,,,
DESHPDHK0000lce9_2,V3,4,,,,,,,,,,,,,,,,,,,,,,,,,
DESHPDHK0000lce9_2,V3,3,,,,,,,,,,,,,,,,,,,,,,,,,
DESHPDHK0000lce9_2,V3,2,,,,,,,,,,,,,,,,,,,,,,,,,
DESHPDHK0000lce9_2,V3,1,,,,,,,,,,,,,,,,,,,,,,,,,
DESHPDHK0000lce9_2,V3,0,,,,,,,,,,,,,,,,,,,,,,,,,
DESHPDHK0000lce9_2,V3,19,,,,,,,,,,,,,,,,,,,,,,,,,
DESHPDHK0000lce9_2,V3,15,,,,,,,,,,,,,,,,,,,,,,,,,
DESHPDHK0000lce9_2,V3,18,,,,,,,,,,,,,,,,,,,,,,,,,
DESHPDHK0000lce9_2,V3,17,,,,,,,,,,,,,,,,,,,,,,,,,
DESHPDHK0000lce9_2,V3,14,,,,,,,,,,,,,,,,,,,,,,,,,
DESHPDHK0000lce9_1,V3,19,,,,,,,,,,,,,,,,,,,,,,,,,
DESHPDHK0000lce9_2,V3,5,,,,,,,,,,,,,,,,,,,,,,,,,
DESHPDHK0000lce9_1,V3,17,,,,,,,,,,,,,,,,,,,,,,,,,
DESHPDHK0000lce9_1,V3,2,,,,,,,,,,,,,,,,,,,,,,,,,
DESHPDHK0000lce9_1,V3,3,,,,,,,,,,,,,,,,,,,,,,,,,
DESHPDHK0000lce9_1,V3,1,,,,,,,,,,,,,,,,,,,,,,,,,
DESHPDHK0000lce9_1,V3,18,,,,,,,,,,,,,,,,,,,,,,,,,
DESHPDHK0000lce9_1,V3,0,,,,,,,,,,,,,,,,,,,,,,,,,
DESHPDHK0000lce9_1,V3,4,,,,,,,,,,,,,,,,,,,,,,,,,
DESHPDHK0000lce9_1,V3,6,,,,,,,,,,,,,,,,,,,,,,,,,
DESHPDHK0000lce9_1,V3,7,,,,,,,,,,,,,,,,,,,,,,,,,
DESHPDHK0000lce9_1,V3,8,,,,,,,,,,,,,,,,,,,,,,,,,
DESHPDHK0000lce9_1,V3,5,,,,,,,,,,,,,,,,,,,,,,,,,
DESHPDHK0000lce9_1,V3,9,,,,,,,,,,,,,,,,,,,,,,,,,
DESHPDHK0000lce9_1,V3,10,,,,,,,,,,,,,,,,,,,,,,,,,
DESHPDHK0000lce9_1,V3,11,,,,,,,,,,,,,,,,,,,,,,,,,
DESHPDHK0000lce9_1,V3,12,,,,,,,,,,,,,,,,,,,,,,,,,
DESHPDHK0000lce9_1,V3,16,,,,,,,,,,,,,,,,,,,,,,,,,
DESHPDHK0000lce9_1,V3,15,,,,,,,,,,,,,,,,,,,,,,,,,
DESHPDHK0000lce9_1,V3,14,,,,,,,,,,,,,,,,,,,,,,,,,
DESHPDHK0000lce9_1,V3,13,,,,,,,,,,,,,,,,,,,,,,,,,
DESHPDHK0000lce9_8,V4,6,,,,,,,,,,,,,,,,,,,,,,,,,
DESHPDHK0000lce9_8,V4,7,,,,,,,,,,,,,,,,,,,,,,,,,
DESHPDHK0000lce9_8,V4,8,,,,,,,,,,,,,,,,,,,,,,,,,
DESHPDHK0000lce9_8,V4,9,,,,,,,,,,,,,,,,,,,,,,,,,
DESHPDHK0000lce9_8,V4,10,,,,,,,,,,,,,,,,,,,,,,,,,
DESHPDHK0000lce9_8,V4,11,,,,,,,,,,,,,,,,,,,,,,,,,
DESHPDHK0000lce9_8,V4,5,,,,,,,,,,,,,,,,,,,,,,,,,
DESHPDHK0000lce9_8,V4,12,,,,,,,,,,,,,,,,,,,,,,,,,
DESHPDHK0000lce9_8,V4,4,,,,,,,,,,,,,,,,,,,,,,,,,
DESHPDHK0000lce9_2,V4,1,,,,,,,,,,,,,,,,,,,,,,,,,
DESHPDHK0000lce9_8,V4,2,,,,,,,,,,,,,,,,,,,,,,,,,
DESHPDHK0000lce9_8,V4,1,,,,,,,,,,,,,,,,,,,,,,,,,
DESHPDHK0000lce9_8,V4,0,,,,,,,,,,,,,,,,,,,,,,,,,
DESHPDHK0000lce9_2,V4,0,,,,,,,,,,,,,,,,,,,,,,,,,
DESHPDHK0000lce9_2,V4,2,,,,,,,,,,,,,,,,,,,,,,,,,
DESHPDHK0000lce9_2,V4,3,,,,,,,,,,,,,,,,,,,,,,,,,
DESHPDHK0000lce9_2,V4,4,,,,,,,,,,,,,,,,,,,,,,,,,
DESHPDHK0000lce9_2,V4,5,,,,,,,,,,,,,,,,,,,,,,,,,
DESHPDHK0000lce9_2,V4,6,,,,,,,,,,,,,,,,,,,,,,,,,
DESHPDHK0000lce9_8,V4,13,,,,,,,,,,,,,,,,,,,,,,,,,
DESHPDHK0000lce9_8,V4,3,,,,,,,,,,,,,,,,,,,,,,,,,
DESHPDHK0000lce9_8,V4,14,,,,,,,,,,,,,,,,,,,,,,,,,
DESHPDHK0000lce9_4,V4,6,106021.221624702,2812.257483213703,103791.12685887319,109180.48038451916,48.842074951171874,0.691465360658818,48.35263818359375,49.633111083984375,1774.6666666666667,17.897858344878376,1755.0,1790.0,4.677453733572738,0.01982204884020734,4.6563037062001555,4.695606403679574,TRY_A,0.8778554831407871,0.9866884014908137,5.0,294.55712551775713,1.7607089583956002,standard,True,11.0
DESHPDHK0000lce9_8,V4,16,,,,,,,,,,,,,,,,,,,,,,,,,
DESHPDHK0000lce9_8,V4,18,,,,,,,,,,,,,,,,,,,,,,,,,
DESHPDHK0000lce9_7,V4,19,,,,,,,,,,,,,,,,,,,,,,,,,
DESHPDHK0000lce9_4,V4,0,211895.75813733414,3428.033602572766,209170.4109700793,215744.54847079853,77.84328987630208,0.06534828215257137,77.7696181640625,77.89425927734375,15.666666666666666,1.1547005383792515,15.0,17.0,5.8354597721216726,0.007143462218874146,5.827682044024123,5.8417275564513576,TRY_B,1.129104645308332,0.9773656795309325,5.0,294.16835551224983,0.9950452772842244,standard,True,11.0
DESHPDHK0000lce9_4,V4,1,218540.79675274008,3360.9878290008996,216531.93267807298,222420.91793075387,74.57894921875,0.07174336967670017,74.49783984375,74.6341005859375,8.0,1.0,7.0,9.0,7.416802066576129,0.015826144858878743,7.403087872428014,7.434118968631402,TRY_B,0.8908954887139108,1.021833914806334,5.0,293.6614166166424,1.9434068520031045,standard,True,11.0
DESHPDHK0000lce9_4,V4,2,86579.5775858005,2559.451068047516,85009.48244324414,89533.00951005217,44.83411857096354,0.47913390754422774,44.528939453125,45.38635620117188,1954.6666666666667,16.196707484341776,1936.0,1965.0,3.4770673143624666,0.03868650991737619,3.4438233599245343,3.5195306473814627,TRY_A,0.8255269024416702,1.1310524687970327,6.0,293.9038403001458,1.1324462823746604,standard,True,11.0
DESHPDHK0000lce9_4,V4,3,203788.81320633518,3463.767840263526,201381.5540143653,207758.58000756704,75.91709440104167,0.04654137917666002,75.86369775390625,75.9490556640625,8.666666666666666,1.5275252316519468,7.0,10.0,5.453988071664152,0.007282658657753507,5.44696753434076,5.461507225319646,TRY_B,1.0526657596488258,1.1032350960341495,5.0,293.7251811832662,0.5116085777850673,standard,True,11.0
DESHPDHK0000lce9_4,V4,4,104069.0410245222,2511.2869009140954,102499.57725716772,106965.44274766863,50.32232364908854,0.10210449052796411,50.24250732421875,50.437380615234375,1751.6666666666667,20.984120980716167,1728.0,1768.0,4.163086379884709,0.05371446353607303,4.104260757597816,4.209525735448206,TRY_A,0.9418103872519473,1.1882792097579613,4.0,293.6704711861492,1.2285480631851473,standard,True,11.0
DESHPDHK0000lce9_4,V4,5,98531.56829510823,2730.266162419932,96793.66456637275,101678.48444582701,49.35838427734375,0.6132390943734393,48.8987431640625,50.05469140625,1966.3333333333333,18.58314648635515,1945.0,1979.0,4.469318046347764,0.024868375607928924,4.4460051873682485,4.4954940853373655,TRY_A,1.157248448528879,1.1113533988295048,5.0,294.02229928267036,1.3248120574773004,standard,True,11.0
DESHPDHK0000lce9_2,V4,15,,,,,,,,,,,,,,,,,,,,,,,,,
DESHPDHK0000lce9_4,V4,7,96411.81607749703,3495.9144826411966,93877.67504889762,100400.10231373378,76.9863798828125,0.0688867848884068,76.90683642578125,77.02628564453126,17.666666666666668,2.886751345948129,16.0,21.0,7.955793112737517,0.022955480731521382,7.932198238732026,7.978050737889335,TRY_B,0.8175215063148915,0.8617157968270192,5.0,294.5658139132884,1.0379203880565346,retrofit,False,11.0
DESHPDHK0000lce9_4,V4,8,234121.36543109477,3828.800925975911,231872.36777613714,238542.2598191443,84.46392220052083,0.029340123442339154,84.4304091796875,84.48497998046875,18.666666666666668,2.081665999466133,17.0,21.0,7.502843138008946,0.02810571201754842,7.472224074974276,7.527468558221008,TRY_B,1.0732195812969818,1.097904862363127,5.0,294.3277485562038,1.5074822679197077,standard,True,11.0
DESHPDHK0000lce9_8,V4,15,,,,,,,,,,,,,,,,,,,,,,,,,
DESHPDHK0000lce9_4,V4,9,120518.54262833305,2793.1126475379538,118777.910924999,123740.26852864063,52.55398950195312,1.1880536377232036,51.8329921875,53.925227294921875,1990.0,22.516660498395403,1964.0,2003.0,4.130025612193556,0.01614068902065744,4.11701359404316,4.14808745874606,TRY_A,1.187003892973684,0.9303301432552608,5.0,294.16986718220073,1.7309759242710185,standard,True,11.0
DESHPDHK0000lce9_4,V4,11,232013.1678107664,3604.326035742679,229333.14568826978,236110.7642721663,79.22120507812501,0.05750178592230791,79.1555810546875,79.262767578125,4.333333333333333,1.1547005383792517,3.0,5.0,6.4311635206402755,0.010326647247708525,6.419368301947198,6.438575809941613,TRY_B,0.8757885436337143,0.8519686021341887,5.0,294.11782458525266,1.316099493250095,standard,True,11.0
DESHPDHK0000lce9_4,V4,12,248154.26780848476,3438.4012548239143,245742.0668915035,252091.4062090884,89.91595572916667,0.10924518550846074,89.79064453125,89.99115478515625,13.0,1.7320508075688772,12.0,15.0,6.179166381264671,0.007420576399952609,6.173965229425867,6.1876640724762995,TRY_B,0.9902819704903735,0.8907637396203537,5.0,294.6250130173052,1.1492705082649117,standard,True,11.0
DESHPDHK0000lce9_4,V4,13,104888.38847393806,2617.1202673251764,103050.40653878715,107884.8021953574,49.53345027669271,0.7969689072266822,49.04658251953125,50.45318237304687,1907.0,17.320508075688775,1887.0,1917.0,3.826248974178373,0.03253905392364547,3.8052889585848804,3.863734506224545,TRY_A,1.0679255978730042,0.9748607675489322,5.0,294.41331053736974,0.925296360898044,standard,True,11.0
DESHPDHK0000lce9_4,V4,14,88580.39959212054,2320.8332437376985,86994.39554333473,91244.15288623485,46.86557446289063,0.5386908702866623,46.53329321289063,47.48710473632813,1956.0,19.467922333931785,1934.0,1971.0,3.4907636877218953,0.03366236488217033,3.4600138703977517,3.526729646875849,TRY_A,1.133071278423135,1.0801060408008996,5.0,294.0836738213191,0.9687277729782862,standard,True,11.0
DESHPDHK0000lce9_4,V4,15,38886.43902311446,2499.520422240255,37038.355960023895,41730.38786625957,30.929068929036458,1.491804456490497,29.794690063476562,32.618919921875,2248.6666666666665,31.5647482697602,2216.0,2279.0,3.516515396176802,0.042439310952858134,3.46972739153591,3.55252910849575,TRY_A,0.9249466565528164,1.1329039205580804,5.0,293.7933835247956,1.0197474106288174,retrofit,False,11.0
DESHPDHK0000lce9_4,V4,16,207440.9598783241,3306.670133791079,204723.18395485645,211122.41923746868,73.95498160807291,0.08515538211531977,73.8571337890625,74.0123193359375,15.666666666666666,1.1547005383792515,15.0,17.0,5.82655658365607,0.017063291295928675,5.8091904189866685,5.843299948452083,TRY_B,1.1219057429987207,0.9549913516120698,5.0,293.7795466999801,0.8393237984710207,standard,True,11.0
DESHPDHK0000lce9_4,V4,17,238523.95683933378,3842.9971573942557,235522.65211594081,242855.29014733006,85.54951643880209,0.08145759915087891,85.45644091796875,85.6078037109375,8.0,2.0,6.0,10.0,6.904118449984679,0.03459693830983412,6.873332272353152,6.941559363875595,TRY_B,0.9153312415720977,1.0729982015899902,5.0,294.00382413415696,1.8559371822267299,standard,True,11.0
DESHPDHK0000lce9_4,V4,18,217845.0176302384,3054.9410530257965,215561.47749387013,221315.25246552957,75.01652734375,0.08050716381154456,74.9239267578125,75.06991650390626,2.6666666666666665,1.5275252316519468,1.0,4.0,5.765839216376484,0.0071893646458737435,5.760374729525282,5.7739836221796494,TRY_B,0.855900993443724,0.8799632809900434,5.0,294.1546509747472,0.8129223162871597,standard,True,11.0
DESHPDHK0000lce9_4,V4,19,43842.47602922077,2862.524940163807,41581.97538093817,47061.18311551811,31.866819051106773,1.4332773594522366,30.788741088867187,33.493329833984376,2119.6666666666665,28.041635710730745,2089.0,2144.0,3.639950040531265,0.037026675133691185,3.5989539872809457,3.6709584137196285,TRY_A,0.8029449079004023,1.1147697510008554,5.0,294.6235494851678,1.0958892754048333,retrofit,False,11.0
DESHPDHK0000lce9_8,V4,19,,,,,,,,,,,,,,,,,,,,,,,,,
DESHPDHK0000lce9_8,V4,17,,,,,,,,,,,,,,,,,,,,,,,,,
DESHPDHK0000lce9_4,V4,10,107845.80205117683,2739.3446334631003,105750.2236096133,110945.52262249733,49.446949055989585,0.8855567885710245,48.927461669921875,50.469457763671876,1827.6666666666667,17.097758137642867,1808.0,1839.0,3.9372368066436003,0.026915364970458468,3.912908217281313,3.966150031924155,TRY_A,0.9481838824139476,0.9878223245103231,5.0,294.28653069195923,1.598985319869216,standard,True,11.0
DESHPDHK0000lce9_2,V4,7,,,,,,,,,,,,,,,,,,,,,,,,,
DESHPDHK0000lce9_2,V4,14,,,,,,,,,,,,,,,,,,,,,,,,,
DESHPDHK0000lce9_2,V4,9,,,,,,,,,,,,,,,,,,,,,,,,,
DESHPDHK0000lce9_7,V4,8,,,,,,,,,,,,,,,,,,,,,,,,,
DESHPDHK0000lce9_7,V4,7,,,,,,,,,,,,,,,,,,,,,,,,,
DESHPDHK0000lce9_7,V4,6,,,,,,,,,,,,,,,,,,,,,,,,,
DESHPDHK0000lce9_7,V4,5,,,,,,,,,,,,,,,,,,,,,,,,,
DESHPDHK0000lce9_7,V4,4,,,,,,,,,,,,,,,,,,,,,,,,,
DESHPDHK0000lce9_7,V4,3,,,,,,,,,,,,,,,,,,,,,,,,,
DESHPDHK0000lce9_7,V4,2,,,,,,,,,,,,,,,,,,,,,,,,,
DESHPDHK0000lce9_7,V4,1,,,,,,,,,,,,,,,,,,,,,,,,,
DESHPDHK0000lce9_7,V4,0,,,,,,,,,,,,,,,,,,,,,,,,,
DESHPDHK0000lce9_2,V4,17,,,,,,,,,,,,,,,,,,,,,,,,,
DESHPDHK0000lce9_2,V4,16,,,,,,,,,,,,,,,,,,,,,,,,,
DESHPDHK0000lce9_1,V4,19,,,,,,,,,,,,,,,,,,,,,,,,,
DESHPDHK0000lce9_1,V4,18,,,,,,,,,,,,,,,,,,,,,,,,,
DESHPDHK0000lce9_1,V4,17,,,,,,,,,,,,,,,,,,,,,,,,,
DESHPDHK0000lce9_1,V4,16,,,,,,,,,,,,,,,,,,,,,,,,,
DESHPDHK0000lce9_1,V4,15,,,,,,,,,,,,,,,,,,,,,,,,,
DESHPDHK0000lce9_1,V4,14,,,,,,,,,,,,,,,,,,,,,,,,,
DESHPDHK0000lce9_1,V4,0,,,,,,,,,,,,,,,,,,,,,,,,,
DESHPDHK0000lce9_1,V4,1,,,,,,,,,,,,,,,,,,,,,,,,,
DESHPDHK0000lce9_1,V4,2,,,,,,,,,,,,,,,,,,,,,,,,,
DESHPDHK0000lce9_1,V4,3,,,,,,,,,,,,,,,,,,,,,,,,,
DESHPDHK0000lce9_1,V4,4,,,,,,,,,,,,,,,,,,,,,,,,,
DESHPDHK0000lce9_1,V4,5,,,,,,,,,,,,,,,,,,,,,,,,,
DESHPDHK0000lce9_7,V4,9,,,,,,,,,,,,,,,,,,,,,,,,,
DESHPDHK0000lce9_1,V4,6,,,,,,,,,,,,,,,,,,,,,,,,,
DESHPDHK0000lce9_1,V4,8,,,,,,,,,,,,,,,,,,,,,,,,,
DESHPDHK0000lce9_1,V4,9,,,,,,,,,,,,,,,,,,,,,,,,,
DESHPDHK0000lce9_1,V4,10,,,,,,,,,,,,,,,,,,,,,,,,,
DESHPDHK0000lce9_1,V4,11,,,,,,,,,,,,,,,,,,,,,,,,,
DESHPDHK0000lce9_1,V4,12,,,,,,,,,,,,,,,,,,,,,,,,,
DESHPDHK0000lce9_1,V4,13,,,,,,,,,,,,,,,,,,,,,,,,,
DESHPDHK0000lce9_1,V4,7,,,,,,,,,,,,,,,,,,,,,,,,,
DESHPDHK0000lce9_2,V4,8,,,,,,,,,,,,,,,,,,,,,,,,,
DESHPDHK0000lce9_7,V4,10,,,,,,,,,,,,,,,,,,,,,,,,,
DESHPDHK0000lce9_7,V4,12,,,,,,,,,,,,,,,,,,,,,,,,,
DESHPDHK0000lce9_2,V4,10,,,,,,,,,,,,,,,,,,,,,,,,,
DESHPDHK0000lce9_2,V4,11,,,,,,,,,,,,,,,,,,,,,,,,,
DESHPDHK0000lce9_2,V4,12,,,,,,,,,,,,,,,,,,,,,,,,,
DESHPDHK0000lce9_2,V4,13,,,,,,,,,,,,,,,,,,,,,,,,,
DESHPDHK0000lce9_2,V4,19,,,,,,,,,,,,,,,,,,,,,,,,,
DESHPDHK0000lce9_2,V4,18,,,,,,,,,,,,,,,,,,,,,,,,,
DESHPDHK0000lce9_7,V4,18,,,,,,,,,,,,,,,,,,,,,,,,,
DESHPDHK0000lce9_7,V4,17,,,,,,,,,,,,,,,,,,,,,,,,,
DESHPDHK0000lce9_3,V4,18,,,,,,,,,,,,,,,,,,,,,,,,,
DESHPDHK0000lce9_3,V4,17,,,,,,,,,,,,,,,,,,,,,,,,,
DESHPDHK0000lce9_3,V4,16,,,,,,,,,,,,,,,,,,,,,,,,,
DESHPDHK0000lce9_3,V4,15,,,,,,,,,,,,,,,,,,,,,,,,,
DESHPDHK0000lce9_3,V4,14,,,,,,,,,,,,,,,,,,,,,,,,,
DESHPDHK0000lce9_3,V4,13,,,,,,,,,,,,,,,,,,,,,,,,,
DESHPDHK0000lce9_3,V4,12,,,,,,,,,,,,,,,,,,,,,,,,,
DESHPDHK0000lce9_3,V4,11,,,,,,,,,,,,,,,,,,,,,,,,,
DESHPDHK0000lce9_3,V4,10,,,,,,,,,,,,,,,,,,,,,,,,,
DESHPDHK0000lce9_7,V4,13,,,,,,,,,,,,,,,,,,,,,,,,,
DESHPDHK0000lce9_7,V4,14,,,,,,,,,,,,,,,,,,,,,,,,,
DESHPDHK0000lce9_7,V4,15,,,,,,,,,,,,,,,,,,,,,,,,,
DESHPDHK0000lce9_7,V4,16,,,,,,,,,,,,,,,,,,,,,,,,,
DESHPDHK0000lce9_3,V4,0,,,,,,,,,,,,,,,,,,,,,,,,,
DESHPDHK0000lce9_3,V4,1,,,,,,,,,,,,,,,,,,,,,,,,,
DESHPDHK0000lce9_7,V4,11,,,,,,,,,,,,,,,,,,,,,,,,,
DESHPDHK0000lce9_3,V4,2,,,,,,,,,,,,,,,,,,,,,,,,,
DESHPDHK0000lce9_3,V4,4,,,,,,,,,,,,,,,,,,,,,,,,,
DESHPDHK0000lce9_3,V4,5,,,,,,,,,,,,,,,,,,,,,,,,,
DESHPDHK0000lce9_3,V4,6,,,,,,,,,,,,,,,,,,,,,,,,,
DESHPDHK0000lce9_3,V4,7,,,,,,,,,,,,,,,,,,,,,,,,,
DESHPDHK0000lce9_3,V4,8,,,,,,,,,,,,,,,,,,,,,,,,,
DESHPDHK0000lce9_3,V4,9,,,,,,,,,,,,,,,,,,,,,,,,,
DESHPDHK0000lce9_3,V4,3,,,,,,,,,,,,,,,,,,,,,,,,,
DESHPDHK0000lce9_3,V4,19,,,,,,,,,,,,,,,,,,,,,,,,,
DESHPDHK0000lce9_2,V5,17,,,,,,,,,,,,,,,,,,,,,,,,,
DESHPDHK0000lce9_4,V5,0,,,,,,,,,,,,,,,,,,,,,,,,,
DESHPDHK0000lce9_1,V5,19,,,,,,,,,,,,,,,,,,,,,,,,,
DESHPDHK0000lce9_1,V5,18,,,,,,,,,,,,,,,,,,,,,,,,,
DESHPDHK0000lce9_4,V5,19,,,,,,,,,,,,,,,,,,,,,,,,,
DESHPDHK0000lce9_4,V5,18,,,,,,,,,,,,,,,,,,,,,,,,,
DESHPDHK0000lce9_4,V5,17,,,,,,,,,,,,,,,,,,,,,,,,,
DESHPDHK0000lce9_4,V5,16,,,,,,,,,,,,,,,,,,,,,,,,,
DESHPDHK0000lce9_4,V5,15,,,,,,,,,,,,,,,,,,,,,,,,,
DESHPDHK0000lce9_4,V5,14,,,,,,,,,,,,,,,,,,,,,,,,,
DESHPDHK0000lce9_4,V5,13,,,,,,,,,,,,,,,,,,,,,,,,,
DESHPDHK0000lce9_7,V5,0,,,,,,,,,,,,,,,,,,,,,,,,,
DESHPDHK0000lce9_4,V5,12,,,,,,,,,,,,,,,,,,,,,,,,,
DESHPDHK0000lce9_4,V5,9,,,,,,,,,,,,,,,,,,,,,,,,,
DESHPDHK0000lce9_4,V5,8,,,,,,,,,,,,,,,,,,,,,,,,,
DESHPDHK0000lce9_4,V5,7,,,,,,,,,,,,,,,,,,,,,,,,,
DESHPDHK0000lce9_4,V5,6,,,,,,,,,,,,,,,,,,,,,,,,,
DESHPDHK0000lce9_4,V5,5,,,,,,,,,,,,,,,,,,,,,,,,,
DESHPDHK0000lce9_4,V5,4,,,,,,,,,,,,,,,,,,,,,,,,,
DESHPDHK0000lce9_4,V5,3,,,,,,,,,,,,,,,,,,,,,,,,,
DESHPDHK0000lce9_4,V5,2,,,,,,,,,,,,,,,,,,,,,,,,,
DESHPDHK0000lce9_4,V5,1,,,,,,,,,,,,,,,,,,,,,,,,,
DESHPDHK0000lce9_4,V5,11,,,,,,,,,,,,,,,,,,,,,,,,,
DESHPDHK0000lce9_4,V5,10,,,,,,,,,,,,,,,,,,,,,,,,,
DESHPDHK0000lce9_7,V5,14,,,,,,,,,,,,,,,,,,,,,,,,,
DESHPDHK0000lce9_2,V5,1,,,,,,,,,,,,,,,,,,,,,,,,,
DESHPDHK0000lce9_3,V5,6,,,,,,,,,,,,,,,,,,,,,,,,,
DESHPDHK0000lce9_3,V5,7,,,,,,,,,,,,,,,,,,,,,,,,,
DESHPDHK0000lce9_3,V5,8,,,,,,,,,,,,,,,,,,,,,,,,,
DESHPDHK0000lce9_3,V5,9,,,,,,,,,,,,,,,,,,,,,,,,,
DESHPDHK0000lce9_3,V5,10,,,,,,,,,,,,,,,,,,,,,,,,,
DESHPDHK0000lce9_3,V5,11,,,,,,,,,,,,,,,,,,,,,,,,,
DESHPDHK0000lce9_3,V5,12,,,,,,,,,,,,,,,,,,,,,,,,,
DESHPDHK0000lce9_3,V5,13,,,,,,,,,,,,,,,,,,,,,,,,,
DESHPDHK0000lce9_3,V5,14,,,,,,,,,,,,,,,,,,,,,,,,,
DESHPDHK0000lce9_3,V5,5,,,,,,,,,,,,,,,,,,,,,,,,,
DESHPDHK0000lce9_3,V5,15,,,,,,,,,,,,,,,,,,,,,,,,,
DESHPDHK0000lce9_3,V5,17,,,,,,,,,,,,,,,,,,,,,,,,,
DESHPDHK0000lce9_3,V5,18,,,,,,,,,,,,,,,,,,,,,,,,,
DESHPDHK0000lce9_3,V5,19,,,,,,,,,,,,,,,,,,,,,,,,,
DESHPDHK0000lce9_2,V5,18,,,,,,,,,,,,,,,,,,,,,,,,,
DESHPDHK0000lce9_8,V5,0,,,,,,,,,,,,,,,,,,,,,,,,,
DESHPDHK0000lce9_8,V5,1,,,,,,,,,,,,,,,,,,,,,,,,,
DESHPDHK0000lce9_8,V5,2,,,,,,,,,,,,,,,,,,,,,,,,,
DESHPDHK0000lce9_2,V5,0,,,,,,,,,,,,,,,,,,,,,,,,,
DESHPDHK0000lce9_8,V5,4,,,,,,,,,,,,,,,,,,,,,,,,,
DESHPDHK0000lce9_3,V5,16,,,,,,,,,,,,,,,,,,,,,,,,,
DESHPDHK0000lce9_3,V5,4,,,,,,,,,,,,,,,,,,,,,,,,,
DESHPDHK0000lce9_3,V5,3,,,,,,,,,,,,,,,,,,,,,,,,,
DESHPDHK0000lce9_3,V5,2,,,,,,,,,,,,,,,,,,,,,,,,,
DESHPDHK0000lce9_1,V5,0,,,,,,,,,,,,,,,,,,,,,,,,,
DESHPDHK0000lce9_1,V5,1,,,,,,,,,,,,,,,,,,,,,,,,,
DESHPDHK0000lce9_1,V5,2,,,,,,,,,,,,,,,,,,,,,,,,,
DESHPDHK0000lce9_1,V5,3,,,,,,,,,,,,,,,,,,,,,,,,,
DESHPDHK0000lce9_1,V5,4,,,,,,,,,,,,,,,,,,,,,,,,,
DESHPDHK0000lce9_1,V5,5,,,,,,,,,,,,,,,,,,,,,,,,,
DESHPDHK0000lce9_1,V5,6,,,,,,,,,,,,,,,,,,,,,,,,,
DESHPDHK0000lce9_1,V5,7,,,,,,,,,,,,,,,,,,,,,,,,,
DESHPDHK0000lce9_1,V5,8,,,,,,,,,,,,,,,,,,,,,,,,,
DESHPDHK0000lce9_1,V5,9,,,,,,,,,,,,,,,,,,,,,,,,,
DESHPDHK0000lce9_1,V5,10,,,,,,,,,,,,,,,,,,,,,,,,,
DESHPDHK0000lce9_1,V5,11,,,,,,,,,,,,,,,,,,,,,,,,,
DESHPDHK0000lce9_1,V5,12,,,,,,,,,,,,,,,,,,,,,,,,,
DESHPDHK0000lce9_1,V5,13,,,,,,,,,,,,,,,,,,,,,,,,,
DESHPDHK0000lce9_1,V5,14,,,,,,,,,,,,,,,,,,,,,,,,,
DESHPDHK0000lce9_1,V5,15,,,,,,,,,,,,,,,,,,,,,,,,,
DESHPDHK0000lce9_1,V5,16,,,,,,,,,,,,,,,,,,,,,,,,,
DESHPDHK0000lce9_1,V5,17,,,,,,,,,,,,,,,,,,,,,,,,,
DESHPDHK0000lce9_2,V5,19,,,,,,,,,,,,,,,,,,,,,,,,,
DESHPDHK0000lce9_3,V5,0,,,,,,,,,,,,,,,,,,,,,,,,,
DESHPDHK0000lce9_3,V5,1,,,,,,,,,,,,,,,,,,,,,,,,,
DESHPDHK0000lce9_8,V5,5,,,,,,,,,,,,,,,,,,,,,,,,,
DESHPDHK0000lce9_8,V5,6,,,,,,,,,,,,,,,,,,,,,,,,,
DESHPDHK0000lce9_8,V5,3,,,,,,,,,,,,,,,,,,,,,,,,,
DESHPDHK0000lce9_8,V5,8,,,,,,,,,,,,,,,,,,,,,,,,,
DESHPDHK0000lce9_7,V5,4,,,,,,,,,,,,,,,,,,,,,,,,,
DESHPDHK0000lce9_8,V5,7,,,,,,,,,,,,,,,,,,,,,,,,,
DESHPDHK0000lce9_7,V5,2,,,,,,,,,,,,,,,,,,,,,,,,,
DESHPDHK0000lce9_7,V5,1,,,,,,,,,,,,,,,,,,,,,,,,,
DESHPDHK0000lce9_8,V5,19,,,,,,,,,,,,,,,,,,,,,,,,,
DESHPDHK0000lce9_8,V5,18,,,,,,,,,,,,,,,,,,,,,,,,,
DESHPDHK0000lce9_2,V5,16,,,,,,,,,,,,,,,,,,,,,,,,,
DESHPDHK0000lce9_2,V5,15,,,,,,,,,,,,,,,,,,,,,,,,,
DESHPDHK0000lce9_2,V5,14,,,,,,,,,,,,,,,,,,,,,,,,,
DESHPDHK0000lce9_2,V5,13,,,,,,,,,,,,,,,,,,,,,,,,,
DESHPDHK0000lce9_2,V5,12,,,,,,,,,,,,,,,,,,,,,,,,,
DESHPDHK0000lce9_2,V5,11,,,,,,,,,,,,,,,,,,,,,,,,,
DESHPDHK0000lce9_2,V5,10,,,,,,,,,,,,,,,,,,,,,,,,,
DESHPDHK0000lce9_2,V5,9,,,,,,,,,,,,,,,,,,,,,,,,,
DESHPDHK0000lce9_2,V5,8,,,,,,,,,,,,,,,,,,,,,,,,,
DESHPDHK0000lce9_2,V5,7,,,,,,,,,,,,,,,,,,,,,,,,,
DESHPDHK0000lce9_2,V5,6,,,,,,,,,,,,,,,,,,,,,,,,,
DESHPDHK0000lce9_2,V5,5,,,,,,,,,,,,,,,,,,,,,,,,,
DESHPDHK0000lce9_2,V5,4,,,,,,,,,,,,,,,,,,,,,,,,,
DESHPDHK0000lce9_2,V5,3,,,,,,,,,,,,,,,,,,,,,,,,,
DESHPDHK0000lce9_2,V5,2,,,,,,,,,,,,,,,,,,,,,,,,,
DESHPDHK0000lce9_7,V5,5,,,,,,,,,,,,,,,,,,,,,,,,,
DESHPDHK0000lce9_7,V5,6,,,,,,,,,,,,,,,,,,,,,,,,,
DESHPDHK0000lce9_7,V5,3,,,,,,,,,,,,,,,,,,,,,,,,,
DESHPDHK0000lce9_7,V5,8,,,,,,,,,,,,,,,,,,,,,,,,,
DESHPDHK0000lce9_8,V5,9,,,,,,,,,,,,,,,,,,,,,,,,,
DESHPDHK0000lce9_8,V5,10,,,,,,,,,,,,,,,,,,,,,,,,,
DESHPDHK0000lce9_8,V5,11,,,,,,,,,,,,,,,,,,,,,,,,,
DESHPDHK0000lce9_8,V5,12,,,,,,,,,,,,,,,,,,,,,,,,,
DESHPDHK0000lce9_8,V5,13,,,,,,,,,,,,,,,,,,,,,,,,,
DESHPDHK0000lce9_8,V5,14,,,,,,,,,,,,,,,,,,,,,,,,,
DESHPDHK0000lce9_7,V5,7,,,,,,,,,,,,,,,,,,,,,,,,,
DESHPDHK0000lce9_8,V5,16,,,,,,,,,,,,,,,,,,,,,,,,,
DESHPDHK0000lce9_8,V5,17,,,,,,,,,,,,,,,,,,,,,,,,,
DESHPDHK0000lce9_7,V5,19,,,,,,,,,,,,,,,,,,,,,,,,,
DESHPDHK0000lce9_8,V5,15,,,,,,,,,,,,,,,,,,,,,,,,,
DESHPDHK0000lce9_7,V5,9,,,,,,,,,,,,,,,,,,,,,,,,,
DESHPDHK0000lce9_7,V5,17,,,,,,,,,,,,,,,,,,,,,,,,,
DESHPDHK0000lce9_7,V5,16,,,,,,,,,,,,,,,,,,,,,,,,,
DESHPDHK0000lce9_7,V5,15,,,,,,,,,,,,,,,,,,,,,,,,,
DESHPDHK0000lce9_7,V5,13,,,,,,,,,,,,,,,,,,,,,,,,,
DESHPDHK0000lce9_7,V5,12,,,,,,,,,,,,,,,,,,,,,,,,,
DESHPDHK0000lce9_7,V5,11,,,,,,,,,,,,,,,,,,,,,,,,,
DESHPDHK0000lce9_7,V5,10,,,,,,,,,,,,,,,,,,,,,,,,,
DESHPDHK0000lce9_7,V5,18,,,,,,,,,,,,,,,,,,,,,,,,,
DESHPDHK0000lce9_1,V6,11,,,,,,,,,,,,,,,,,,,,,,,,,
DESHPDHK0000lce9_1,V6,12,,,,,,,,,,,,,,,,,,,,,,,,,
DESHPDHK0000lce9_1,V6,13,,,,,,,,,,,,,,,,,,,,,,,,,
DESHPDHK0000lce9_1,V6,14,,,,,,,,,,,,,,,,,,,,,,,,,
DESHPDHK0000lce9_1,V6,18,,,,,,,,,,,,,,,,,,,,,,,,,
DESHPDHK0000lce9_1,V6,16,,,,,,,,,,,,,,,,,,,,,,,,,
DESHPDHK0000lce9_1,V6,17,,,,,,,,,,,,,,,,,,,,,,,,,
DESHPDHK0000lce9_1,V6,10,,,,,,,,,,,,,,,,,,,,,,,,,
DESHPDHK0000lce9_1,V6,15,,,,,,,,,,,,,,,,,,,,,,,,,
DESHPDHK0000lce9_1,V6,9,,,,,,,,,,,,,,,,,,,,,,,,,
DESHPDHK0000lce9_8,V6,19,,,,,,,,,,,,,,,,,,,,,,,,,
DESHPDHK0000lce9_1,V6,7,,,,,,,,,,,,,,,,,,,,,,,,,
DESHPDHK0000lce9_7,V6,19,,,,,,,,,,,,,,,,,,,,,,,,,
DESHPDHK0000lce9_7,V6,18,,,,,,,,,,,,,,,,,,,,,,,,,
DESHPDHK0000lce9_7,V6,17,,,,,,,,,,,,,,,,,,,,,,,,,
DESHPDHK0000lce9_7,V6,16,,,,,,,,,,,,,,,,,,,,,,,,,
DESHPDHK0000lce9_7,V6,15,,,,,,,,,,,,,,,,,,,,,,,,,
DESHPDHK0000lce9_7,V6,14,,,,,,,,,,,,,,,,,,,,,,,,,
DESHPDHK0000lce9_7,V6,13,,,,,,,,,,,,,,,,,,,,,,,,,
DESHPDHK0000lce9_7,V6,12,,,,,,,,,,,,,,,,,,,,,,,,,
DESHPDHK0000lce9_7,V6,11,,,,,,,,,,,,,,,,,,,,,,,,,
DESHPDHK0000lce9_7,V6,10,,,,,,,,,,,,,,,,,,,,,,,,,
DESHPDHK0000lce9_7,V6,9,,,,,,,,,,,,,,,,,,,,,,,,,
DESHPDHK0000lce9_7,V6,8,,,,,,,,,,,,,,,,,,,,,,,,,
DESHPDHK0000lce9_7,V6,7,,,,,,,,,,,,,,,,,,,,,,,,,
DESHPDHK0000lce9_7,V6,6,,,,,,,,,,,,,,,,,,,,,,,,,
DESHPDHK0000lce9_7,V6,5,,,,,,,,,,,,,,,,,,,,,,,,,
DESHPDHK0000lce9_7,V6,4,,,,,,,,,,,,,,,,,,,,,,,,,
DESHPDHK0000lce9_7,V6,3,,,,,,,,,,,,,,,,,,,,,,,,,
DESHPDHK0000lce9_7,V6,2,,,,,,,,,,,,,,,,,,,,,,,,,
DESHPDHK0000lce9_7,V6,1,,,,,,,,,,,,,,,,,,,,,,,,,
DESHPDHK0000lce9_7,V6,0,,,,,,,,,,,,,,,,,,,,,,,,,
DESHPDHK0000lce9_1,V6,0,,,,,,,,,,,,,,,,,,,,,,,,,
DESHPDHK0000lce9_1,V6,1,,,,,,,,,,,,,,,,,,,,,,,,,
DESHPDHK0000lce9_1,V6,2,,,,,,,,,,,,,,,,,,,,,,,,,
DESHPDHK0000lce9_1,V6,3,,,,,,,,,,,,,,,,,,,,,,,,,
DESHPDHK0000lce9_1,V6,4,,,,,,,,,,,,,,,,,,,,,,,,,
DESHPDHK0000lce9_1,V6,5,,,,,,,,,,,,,,,,,,,,,,,,,
DESHPDHK0000lce9_1,V6,6,,,,,,,,,,,,,,,,,,,,,,,,,
DESHPDHK0000lce9_1,V6,8,,,,,,,,,,,,,,,,,,,,,,,,,
DESHPDHK0000lce9_1,V6,19,,,,,,,,,,,,,,,,,,,,,,,,,
DESHPDHK0000lce9_4,V6,8,,,,,,,,,,,,,,,,,,,,,,,,,
DESHPDHK0000lce9_3,V6,8,,,,,,,,,,,,,,,,,,,,,,,,,
DESHPDHK0000lce9_8,V6,6,,,,,,,,,,,,,,,,,,,,,,,,,
DESHPDHK0000lce9_8,V6,5,,,,,,,,,,,,,,,,,,,,,,,,,
DESHPDHK0000lce9_8,V6,4,,,,,,,,,,,,,,,,,,,,,,,,,
DESHPDHK0000lce9_8,V6,3,,,,,,,,,,,,,,,,,,,,,,,,,
DESHPDHK0000lce9_8,V6,2,,,,,,,,,,,,,,,,,,,,,,,,,
DESHPDHK0000lce9_8,V6,1,,,,,,,,,,,,,,,,,,,,,,,,,
DESHPDHK0000lce9_8,V6,0,,,,,,,,,,,,,,,,,,,,,,,,,
DESHPDHK0000lce9_2,V6,0,,,,,,,,,,,,,,,,,,,,,,,,,
DESHPDHK0000lce9_2,V6,1,,,,,,,,,,,,,,,,,,,,,,,,,
DESHPDHK0000lce9_4,V6,0,,,,,,,,,,,,,,,,,,,,,,,,,
DESHPDHK0000lce9_4,V6,1,,,,,,,,,,,,,,,,,,,,,,,,,
DESHPDHK0000lce9_4,V6,2,,,,,,,,,,,,,,,,,,,,,,,,,
DESHPDHK0000lce9_4,V6,3,,,,,,,,,,,,,,,,,,,,,,,,,
DESHPDHK0000lce9_4,V6,4,,,,,,,,,,,,,,,,,,,,,,,,,
DESHPDHK0000lce9_4,V6,5,,,,,,,,,,,,,,,,,,,,,,,,,
DESHPDHK0000lce9_4,V6,6,,,,,,,,,,,,,,,,,,,,,,,,,
DESHPDHK0000lce9_4,V6,7,,,,,,,,,,,,,,,,,,,,,,,,,
DESHPDHK0000lce9_8,V6,18,,,,,,,,,,,,,,,,,,,,,,,,,
DESHPDHK0000lce9_4,V6,9,,,,,,,,,,,,,,,,,,,,,,,,,
DESHPDHK0000lce9_4,V6,10,,,,,,,,,,,,,,,,,,,,,,,,,
DESHPDHK0000lce9_4,V6,11,,,,,,,,,,,,,,,,,,,,,,,,,
DESHPDHK0000lce9_4,V6,12,,,,,,,,,,,,,,,,,,,,,,,,,
DESHPDHK0000lce9_4,V6,14,,,,,,,,,,,,,,,,,,,,,,,,,
DESHPDHK0000lce9_4,V6,15,,,,,,,,,,,,,,,,,,,,,,,,,
DESHPDHK0000lce9_4,V6,16,,,,,,,,,,,,,,,,,,,,,,,,,
DESHPDHK0000lce9_8,V6,7,,,,,,,,,,,,,,,,,,,,,,,,,
DESHPDHK0000lce9_8,V6,8,,,,,,,,,,,,,,,,,,,,,,,,,
DESHPDHK0000lce9_8,V6,9,,,,,,,,,,,,,,,,,,,,,,,,,
DESHPDHK0000lce9_8,V6,10,,,,,,,,,,,,,,,,,,,,,,,,,
DESHPDHK0000lce9_3,V6,19,,,,,,,,,,,,,,,,,,,,,,,,,
DESHPDHK0000lce9_3,V6,18,,,,,,,,,,,,,,,,,,,,,,,,,
DESHPDHK0000lce9_3,V6,17,,,,,,,,,,,,,,,,,,,,,,,,,
DESHPDHK0000lce9_3,V6,16,,,,,,,,,,,,,,,,,,,,,,,,,
DESHPDHK0000lce9_3,V6,15,,,,,,,,,,,,,,,,,,,,,,,,,
DESHPDHK0000lce9_3,V6,14,,,,,,,,,,,,,,,,,,,,,,,,,
DESHPDHK0000lce9_3,V6,13,,,,,,,,,,,,,,,,,,,,,,,,,
DESHPDHK0000lce9_3,V6,12,,,,,,,,,,,,,,,,,,,,,,,,,
DESHPDHK0000lce9_3,V6,11,,,,,,,,,,,,,,,,,,,,,,,,,
DESHPDHK0000lce9_3,V6,10,,,,,,,,,,,,,,,,,,,,,,,,,
DESHPDHK0000lce9_3,V6,9,,,,,,,,,,,,,,,,,,,,,,,,,
DESHPDHK0000lce9_3,V6,7,,,,,,,,,,,,,,,,,,,,,,,,,
DESHPDHK0000lce9_4,V6,17,,,,,,,,,,,,,,,,,,,,,,,,,
DESHPDHK0000lce9_3,V6,6,,,,,,,,,,,,,,,,,,,,,,,,,
DESHPDHK0000lce9_3,V6,4,,,,,,,,,,,,,,,,,,,,,,,,,
DESHPDHK0000lce9_3,V6,3,,,,,,,,,,,,,,,,,,,,,,,,,
DESHPDHK0000lce9_3,V6,2,,,,,,,,,,,,,,,,,,,,,,,,,
DESHPDHK0000lce9_3,V6,1,,,,,,,,,,,,,,,,,,,,,,,,,
DESHPDHK0000lce9_3,V6,0,,,,,,,,,,,,,,,,,,,,,,,,,
DESHPDHK0000lce9_8,V6,17,,,,,,,,,,,,,,,,,,,,,,,,,
DESHPDHK0000lce9_8,V6,16,,,,,,,,,,,,,,,,,,,,,,,,,
DESHPDHK0000lce9_8,V6,15,,,,,,,,,,,,,,,,,,,,,,,,,
DESHPDHK0000lce9_8,V6,14,,,,,,,,,,,,,,,,,,,,,,,,,
DESHPDHK0000lce9_8,V6,13,,,,,,,,,,,,,,,,,,,,,,,,,
DESHPDHK0000lce9_8,V6,12,,,,,,,,,,,,,,,,,,,,,,,,,
DESHPDHK0000lce9_8,V6,11,,,,,,,,,,,,,,,,,,,,,,,,,
DESHPDHK0000lce9_3,V6,5,,,,,,,,,,,,,,,,,,,,,,,,,
DESHPDHK0000lce9_4,V6,18,,,,,,,,,,,,,,,,,,,,,,,,,
DESHPDHK0000lce9_4,V6,13,,,,,,,,,,,,,,,,,,,,,,,,,
DESHPDHK0000lce9_2,V6,2,,,,,,,,,,,,,,,,,,,,,,,,,
DESHPDHK0000lce9_4,V6,19,,,,,,,,,,,,,,,,,,,,,,,,,
DESHPDHK0000lce9_2,V6,19,,,,,,,,,,,,,,,,,,,,,,,,,
DESHPDHK0000lce9_2,V6,18,,,,,,,,,,,,,,,,,,,,,,,,,
DESHPDHK0000lce9_2,V6,17,,,,,,,,,,,,,,,,,,,,,,,,,
DESHPDHK0000lce9_2,V6,16,,,,,,,,,,,,,,,,,,,,,,,,,
DESHPDHK0000lce9_2,V6,14,,,,,,,,,,,,,,,,,,,,,,,,,
DESHPDHK0000lce9_2,V6,13,,,,,,,,,,,,,,,,,,,,,,,,,
DESHPDHK0000lce9_2,V6,12,,,,,,,,,,,,,,,,,,,,,,,,,
DESHPDHK0000lce9_2,V6,11,,,,,,,,,,,,,,,,,,,,,,,,,
DESHPDHK0000lce9_2,V6,15,,,,,,,,,,,,,,,,,,,,,,,,,
DESHPDHK0000lce9_2,V6,9,,,,,,,,,,,,,,,,,,,,,,,,,
DESHPDHK0000lce9_2,V6,8,,,,,,,,,,,,,,,,,,,,,,,,,
DESHPDHK0000lce9_2,V6,7,,,,,,,,,,,,,,,,,,,,,,,,,
DESHPDHK0000lce9_2,V6,6,,,,,,,,,,,,,,,,,,,,,,,,,
DESHPDHK0000lce9_2,V6,5,,,,,,,,,,,,,,,,,,,,,,,,,
DESHPDHK0000lce9_2,V6,4,,,,,,,,,,,,,,,,,,,,,,,,,
DESHPDHK0000lce9_2,V6,10,,,,,,,,,,,,,,,,,,,,,,,,,
DESHPDHK0000lce9_2,V6,3,,,,,,,,,,,,,,,,,,,,,,,,,
DESHPDHK0000lce9_8,V7,4,,,,,,,,,,,,,,,,,,,,,,,,,
DESHPDHK0000lce9_8,V7,5,,,,,,,,,,,,,,,,,,,,,,,,,
DESHPDHK0000lce9_8,V7,6,,,,,,,,,,,,,,,,,,,,,,,,,
DESHPDHK0000lce9_8,V7,10,,,,,,,,,,,,,,,,,,,,,,,,,
DESHPDHK0000lce9_8,V7,8,,,,,,,,,,,,,,,,,,,,,,,,,
DESHPDHK0000lce9_8,V7,9,,,,,,,,,,,,,,,,,,,,,,,,,
DESHPDHK0000lce9_8,V7,11,,,,,,,,,,,,,,,,,,,,,,,,,
DESHPDHK0000lce9_8,V7,3,,,,,,,,,,,,,,,,,,,,,,,,,
DESHPDHK0000lce9_8,V7,7,,,,,,,,,,,,,,,,,,,,,,,,,
DESHPDHK0000lce9_8,V7,2,,,,,,,,,,,,,,,,,,,,,,,,,
DESHPDHK0000lce9_7,V7,13,101002.44398680567,2032.4905785576213,99622.12922778213,103336.39768169286,50.0930946451823,0.767885526870847,49.62617407226563,50.9793466796875,1952.6666666666667,11.846237095944556,1939.0,1960.0,2.7942790249976763,0.021825662003576683,2.776826253942597,2.8187505719651194,TRY_A,1.0679255978730042,0.9748607675489322,5.0,294.41331053736974,0.925296360898044,standard,True,10.0
DESHPDHK0000lce9_7,V7,19,42490.807347605354,2315.200209838979,40697.97771883467,45104.625275208426,32.52756555175781,1.0316186412252741,31.7038505859375,33.68464599609375,2162.6666666666665,15.947831618540851,2145.0,2176.0,2.316498452958618,0.03518049118985345,2.275997653452179,2.3394748185707175,TRY_A,0.8029449079004023,1.1147697510008554,5.0,294.6235494851678,1.0958892754048333,retrofit,False,10.0
DESHPDHK0000lce9_7,V7,18,219009.78142407097,2328.9881298137807,217251.45039497237,221651.15853286636,78.68092317708333,0.04888857316998019,78.6249306640625,78.71514208984375,3.3333333333333335,1.1547005383792517,2.0,4.0,1.884870678015184,0.004590418027919335,1.8819798657970472,1.890163725117205,TRY_B,0.855900993443724,0.8799632809900434,5.0,294.1546509747472,0.8129223162871597,standard,True,10.0
DESHPDHK0000lce9_8,V7,0,,,,,,,,,,,,,,,,,,,,,,,,,
DESHPDHK0000lce9_7,V7,17,240086.61639306016,2952.4814886905983,237762.89087621748,243408.88923589635,90.25875960286459,0.13235236112855148,90.10654833984376,90.3467373046875,13.0,1.0,12.0,14.0,4.680516499913874,0.030134865354337962,4.655252345851153,4.713870594210582,TRY_B,0.9153312415720977,1.0729982015899902,5.0,294.00382413415696,1.8559371822267299,standard,True,10.0
DESHPDHK0000lce9_7,V7,16,208640.27435314635,2535.3182445668454,206526.3210356877,211451.17222730632,77.56366927083333,0.08348972538495454,77.467751953125,77.6200205078125,23.0,2.0,21.0,25.0,2.8421209467621655,0.03874702784982315,2.803677915397429,2.8811649792325804,TRY_B,1.1219057429987207,0.9549913516120698,5.0,293.7795466999801,0.8393237984710207,standard,True,10.0
DESHPDHK0000lce9_7,V7,15,37922.838263197984,2020.5862579077136,36429.78925785047,40222.06116748378,31.893467529296874,1.063723007605052,30.843245727539063,32.9701962890625,2312.3333333333335,12.66227994214845,2298.0,2322.0,2.218652075068054,0.03190393569240271,2.1826074341363717,2.2432659816665743,TRY_A,0.9249466565528164,1.1329039205580804,5.0,293.7933835247956,1.0197474106288174,retrofit,False,10.0
DESHPDHK0000lce9_7,V7,14,87791.44397152116,1784.278713763373,86604.59563241465,89843.35838559413,47.88508089192709,0.5520112567714276,47.545470703125,48.52202099609375,2004.0,13.892443989449804,1988.0,2013.0,2.534113716445089,0.05133567410724271,2.4815589287362445,2.5841365762394277,TRY_A,1.133071278423135,1.0801060408008996,5.0,294.0836738213191,0.9687277729782862,standard,True,10.0
DESHPDHK0000lce9_8,V7,12,,,,,,,,,,,,,,,,,,,,,,,,,
DESHPDHK0000lce9_7,V7,12,239759.55009967004,2577.307030482599,237925.09510656117,242706.2092132218,94.1298175455729,0.10616526261436468,94.007779296875,94.2008896484375,13.666666666666666,1.5275252316519468,12.0,15.0,2.524371501840035,0.0111314515508746,2.516517112304364,2.5371100890855622,TRY_B,0.9902819704903735,0.8907637396203537,5.0,294.6250130173052,1.1492705082649117,standard,True,10.0
DESHPDHK0000lce9_7,V7,11,228472.3140028822,2793.3244986287013,226404.43500776344,231649.98135182553,81.02353694661458,0.053409579040654166,80.9626904296875,81.062669921875,5.0,1.0,4.0,6.0,3.469232630104669,0.040686784890493946,3.4314495635732043,3.512305651689662,TRY_B,0.8757885436337143,0.8519686021341887,5.0,294.11782458525266,1.316099493250095,standard,True,10.0
DESHPDHK0000lce9_8,V7,1,,,,,,,,,,,,,,,,,,,,,,,,,
DESHPDHK0000lce9_8,V7,13,,,,,,,,,,,,,,,,,,,,,,,,,
DESHPDHK0000lce9_2,V7,14,,,,,,,,,,,,,,,,,,,,,,,,,
DESHPDHK0000lce9_8,V7,15,,,,,,,,,,,,,,,,,,,,,,,,,
DESHPDHK0000lce9_7,V7,10,104402.25096117581,2134.7596643092256,102781.66946097404,106821.10800623146,49.933485270182295,0.9253297696597245,49.38525415039062,51.0018408203125,1880.0,14.0,1864.0,1890.0,2.95896568453639,0.055305502887463685,2.910734607046455,3.0193306511769142,TRY_A,0.9481838824139476,0.9878223245103231,5.0,294.28653069195923,1.598985319869216,standard,True,10.0
DESHPDHK0000lce9_2,V7,0,,,,,,,,,,,,,,,,,,,,,,,,,
DESHPDHK0000lce9_2,V7,1,,,,,,,,,,,,,,,,,,,,,,,,,
DESHPDHK0000lce9_2,V7,2,,,,,,,,,,,,,,,,,,,,,,,,,
DESHPDHK0000lce9_2,V7,3,,,,,,,,,,,,,,,,,,,,,,,,,
DESHPDHK0000lce9_2,V7,4,,,,,,,,,,,,,,,,,,,,,,,,,
DESHPDHK0000lce9_2,V7,5,,,,,,,,,,,,,,,,,,,,,,,,,
DESHPDHK0000lce9_2,V7,6,,,,,,,,,,,,,,,,,,,,,,,,,
DESHPDHK0000lce9_2,V7,7,,,,,,,,,,,,,,,,,,,,,,,,,
DESHPDHK0000lce9_2,V7,8,,,,,,,,,,,,,,,,,,,,,,,,,
DESHPDHK0000lce9_8,V7,14,,,,,,,,,,,,,,,,,,,,,,,,,
DESHPDHK0000lce9_2,V7,9,,,,,,,,,,,,,,,,,,,,,,,,,
DESHPDHK0000lce9_2,V7,11,,,,,,,,,,,,,,,,,,,,,,,,,
DESHPDHK0000lce9_2,V7,12,,,,,,,,,,,,,,,,,,,,,,,,,
DESHPDHK0000lce9_2,V7,13,,,,,,,,,,,,,,,,,,,,,,,,,
DESHPDHK0000lce9_2,V7,15,,,,,,,,,,,,,,,,,,,,,,,,,
DESHPDHK0000lce9_2,V7,16,,,,,,,,,,,,,,,,,,,,,,,,,
DESHPDHK0000lce9_2,V7,17,,,,,,,,,,,,,,,,,,,,,,,,,
DESHPDHK0000lce9_2,V7,18,,,,,,,,,,,,,,,,,,,,,,,,,
DESHPDHK0000lce9_2,V7,19,,,,,,,,,,,,,,,,,,,,,,,,,
DESHPDHK0000lce9_8,V7,17,,,,,,,,,,,,,,,,,,,,,,,,,
DESHPDHK0000lce9_8,V7,16,,,,,,,,,,,,,,,,,,,,,,,,,
DESHPDHK0000lce9_2,V7,10,,,,,,,,,,,,,,,,,,,,,,,,,
DESHPDHK0000lce9_7,V7,9,116412.751049935,2189.894790412886,115130.4613444221,118941.33835914654,53.21730029296875,1.193348390775933,52.4994599609375,54.5948515625,2057.3333333333335,8.621678104251698,2048.0,2065.0,3.082369342222382,0.027690446123221996,3.054041524276847,3.1093750522501624,TRY_A,1.187003892973684,0.9303301432552608,5.0,294.16986718220073,1.7309759242710185,standard,True,10.0
DESHPDHK0000lce9_3,V7,9,,,,,,,,,,,,,,,,,,,,,,,,,
DESHPDHK0000lce9_7,V7,7,94265.91624387972,2721.553098640334,92270.32833134966,97366.10714916313,79.22872493489582,0.07244814727567107,79.14506982421875,79.2708701171875,23.666666666666668,3.214550253664319,20.0,26.0,3.5056376752391496,0.00600615208510219,3.499970882726225,3.51193365143418,TRY_B,0.8175215063148915,0.8617157968270192,5.0,294.5658139132884,1.0379203880565346,retrofit,False,10.0
DESHPDHK0000lce9_1,V7,1,,,,,,,,,,,,,,,,,,,,,,,,,
DESHPDHK0000lce9_1,V7,0,,,,,,,,,,,,,,,,,,,,,,,,,
DESHPDHK0000lce9_4,V7,19,,,,,,,,,,,,,,,,,,,,,,,,,
DESHPDHK0000lce9_4,V7,18,,,,,,,,,,,,,,,,,,,,,,,,,
DESHPDHK0000lce9_4,V7,17,,,,,,,,,,,,,,,,,,,,,,,,,
DESHPDHK0000lce9_4,V7,16,,,,,,,,,,,,,,,,,,,,,,,,,
DESHPDHK0000lce9_1,V7,2,,,,,,,,,,,,,,,,,,,,,,,,,
DESHPDHK0000lce9_4,V7,15,,,,,,,,,,,,,,,,,,,,,,,,,
DESHPDHK0000lce9_7,V7,8,231203.29261631265,3047.4322998559987,229365.94318227796,234720.9967512368,86.34105680338541,0.03369553116850641,86.3021845703125,86.3619423828125,28.666666666666668,4.932882862316248,23.0,32.0,5.419596387838994,0.037627478494405495,5.37754865493313,5.450097503679527,TRY_B,1.0732195812969818,1.097904862363127,5.0,294.3277485562038,1.5074822679197077,standard,True,10.0
DESHPDHK0000lce9_4,V7,12,,,,,,,,,,,,,,,,,,,,,,,,,
DESHPDHK0000lce9_4,V7,11,,,,,,,,,,,,,,,,,,,,,,,,,
DESHPDHK0000lce9_4,V7,10,,,,,,,,,,,,,,,,,,,,,,,,,
DESHPDHK0000lce9_4,V7,9,,,,,,,,,,,,,,,,,,,,,,,,,
DESHPDHK0000lce9_4,V7,8,,,,,,,,,,,,,,,,,,,,,,,,,
DESHPDHK0000lce9_4,V7,14,,,,,,,,,,,,,,,,,,,,,,,,,
DESHPDHK0000lce9_4,V7,7,,,,,,,,,,,,,,,,,,,,,,,,,
DESHPDHK0000lce9_1,V7,3,,,,,,,,,,,,,,,,,,,,,,,,,
DESHPDHK0000lce9_1,V7,5,,,,,,,,,,,,,,,,,,,,,,,,,
DESHPDHK0000lce9_1,V7,19,,,,,,,,,,,,,,,,,,,,,,,,,
DESHPDHK0000lce9_1,V7,18,,,,,,,,,,,,,,,,,,,,,,,,,
DESHPDHK0000lce9_1,V7,17,,,,,,,,,,,,,,,,,,,,,,,,,
DESHPDHK0000lce9_1,V7,16,,,,,,,,,,,,,,,,,,,,,,,,,
DESHPDHK0000lce9_1,V7,15,,,,,,,,,,,,,,,,,,,,,,,,,
DESHPDHK0000lce9_1,V7,14,,,,,,,,,,,,,,,,,,,,,,,,,
DESHPDHK0000lce9_1,V7,4,,,,,,,,,,,,,,,,,,,,,,,,,
DESHPDHK0000lce9_1,V7,13,,,,,,,,,,,,,,,,,,,,,,,,,
DESHPDHK0000lce9_1,V7,11,,,,,,,,,,,,,,,,,,,,,,,,,
DESHPDHK0000lce9_1,V7,10,,,,,,,,,,,,,,,,,,,,,,,,,
DESHPDHK0000lce9_1,V7,9,,,,,,,,,,,,,,,,,,,,,,,,,
DESHPDHK0000lce9_1,V7,8,,,,,,,,,,,,,,,,,,,,,,,,,
DESHPDHK0000lce9_1,V7,7,,,,,,,,,,,,,,,,,,,,,,,,,
DESHPDHK0000lce9_1,V7,6,,,,,,,,,,,,,,,,,,,,,,,,,
DESHPDHK0000lce9_1,V7,12,,,,,,,,,,,,,,,,,,,,,,,,,
DESHPDHK0000lce9_4,V7,6,,,,,,,,,,,,,,,,,,,,,,,,,
DESHPDHK0000lce9_4,V7,13,,,,,,,,,,,,,,,,,,,,,,,,,
DESHPDHK0000lce9_4,V7,4,,,,,,,,,,,,,,,,,,,,,,,,,
DESHPDHK0000lce9_3,V7,6,,,,,,,,,,,,,,,,,,,,,,,,,
DESHPDHK0000lce9_3,V7,5,,,,,,,,,,,,,,,,,,,,,,,,,
DESHPDHK0000lce9_3,V7,4,,,,,,,,,,,,,,,,,,,,,,,,,
DESHPDHK0000lce9_3,V7,3,,,,,,,,,,,,,,,,,,,,,,,,,
DESHPDHK0000lce9_4,V7,5,,,,,,,,,,,,,,,,,,,,,,,,,
DESHPDHK0000lce9_3,V7,1,,,,,,,,,,,,,,,,,,,,,,,,,
DESHPDHK0000lce9_3,V7,7,,,,,,,,,,,,,,,,,,,,,,,,,
DESHPDHK0000lce9_3,V7,0,,,,,,,,,,,,,,,,,,,,,,,,,
DESHPDHK0000lce9_7,V7,1,216766.78090493628,2649.29331265465,215159.72850228843,219824.59013814296,77.261412109375,0.0799591506676361,77.170818359375,77.3221376953125,6.0,0.0,6.0,6.0,4.8574855435644295,0.02818473669372498,4.826615085260004,4.881844924527915,TRY_B,0.8908954887139108,1.021833914806334,5.0,293.6614166166424,1.9434068520031045,standard,True,10.0
DESHPDHK0000lce9_7,V7,2,83229.75073820412,1978.1398023216605,82056.54653209553,85513.62447408741,45.026232421875,0.42134032090005624,44.758936279296876,45.51193481445313,1986.0,8.717797887081348,1976.0,1992.0,2.485236190658306,0.03377417264672377,2.4473343444134517,2.51214212958174,TRY_A,0.8255269024416702,1.1310524687970327,6.0,293.9038403001458,1.1324462823746604,standard,True,10.0
DESHPDHK0000lce9_7,V7,3,199943.18155536035,2670.7714744774557,198073.01919597978,203001.91285478542,79.26705924479167,0.008779901806025076,79.25741162109375,79.2745810546875,12.0,1.7320508075688772,10.0,13.0,1.2563166033980044,0.0017937214582050445,1.2547222582013113,1.258258758186152,TRY_B,1.0526657596488258,1.1032350960341495,5.0,293.7251811832662,0.5116085777850673,standard,True,10.0
DESHPDHK0000lce9_7,V7,4,104223.29731621793,1975.17325680442,103082.29933772853,106504.0308227753,51.62819750976562,0.1350277820546651,51.534197021484374,51.78292626953125,1789.6666666666667,11.590225767142442,1779.0,1802.0,3.062847984919776,0.03796024063942541,3.0324499772272895,3.1053956764063564,TRY_A,0.9418103872519473,1.1882792097579613,4.0,293.6704711861492,1.2285480631851473,standard,True,10.0
DESHPDHK0000lce9_7,V7,5,98838.04457556568,2165.7641732117545,97362.04840905743,101324.35926095665,50.79478385416667,0.5931557417276137,50.355095947265625,51.469424072265625,2007.3333333333333,11.930353445448862,1994.0,2017.0,3.953355096942508,0.015123632667869655,3.9426305270361186,3.970653125078047,TRY_A,1.157248448528879,1.1113533988295048,5.0,294.02229928267036,1.3248120574773004,standard,True,10.0
DESHPDHK0000lce9_7,V7,6,107413.83058046119,2223.5838912314343,105683.3707780965,109921.75855969804,50.36646378580729,0.7178459217308215,49.86466259765625,51.188721923828126,1811.3333333333333,16.165807537309547,1794.0,1826.0,4.090488715553352,0.07495713014375383,4.0386654161832745,4.176436442651786,TRY_A,0.8778554831407871,0.9866884014908137,5.0,294.55712551775713,1.7607089583956002,standard,True,10.0
DESHPDHK0000lce9_7,V7,0,210220.5757436971,2644.1231143601835,208070.431080935,213172.89219633423,81.22424169921875,0.023150818114312393,81.20177001953125,81.2480166015625,21.333333333333332,2.5166114784235827,19.0,24.0,1.987583780000232,0.02292570826617446,1.9622347252293546,2.0068656643590024,TRY_B,1.129104645308332,0.9773656795309325,5.0,294.16835551224983,0.9950452772842244,standard,True,10.0
DESHPDHK0000lce9_3,V7,8,,,,,,,,,,,,,,,,,,,,,,,,,
DESHPDHK0000lce9_3,V7,2,,,,,,,,,,,,,,,,,,,,,,,,,
DESHPDHK0000lce9_4,V7,3,,,,,,,,,,,,,,,,,,,,,,,,,
DESHPDHK0000lce9_3,V7,10,,,,,,,,,,,,,,,,,,,,,,,,,
DESHPDHK0000lce9_4,V7,2,,,,,,,,,,,,,,,,,,,,,,,,,
DESHPDHK0000lce9_4,V7,1,,,,,,,,,,,,,,,,,,,,,,,,,
DESHPDHK0000lce9_4,V7,0,,,,,,,,,,,,,,,,,,,,,,,,,
DESHPDHK0000lce9_8,V7,19,,,,,,,,,,,,,,,,,,,,,,,,,
DESHPDHK0000lce9_3,V7,19,,,,,,,,,,,,,,,,,,,,,,,,,
DESHPDHK0000lce9_3,V7,18,,,,,,,,,,,,,,,,,,,,,,,,,
DESHPDHK0000lce9_8,V7,18,,,,,,,,,,,,,,,,,,,,,,,,,
DESHPDHK0000lce9_3,V7,16,,,,,,,,,,,,,,,,,,,,,,,,,
DESHPDHK0000lce9_3,V7,15,,,,,,,,,,,,,,,,,,,,,,,,,
DESHPDHK0000lce9_3,V7,14,,,,,,,,,,,,,,,,,,,,,,,,,
DESHPDHK0000lce9_3,V7,13,,,,,,,,,,,,,,,,,,,,,,,,,
DESHPDHK0000lce9_3,V7,12,,,,,,,,,,,,,,,,,,,,,,,,,
DESHPDHK0000lce9_3,V7,11,,,,,,,,,,,,,,,,,,,,,,,,,
DESHPDHK0000lce9_3,V7,17,,,,,,,,,,,,,,,,,,,,,,,,,
DESHPDHK0000lce9_8,V8,9,118821.80565800889,2166.3296805874497,117538.90661407789,121322.98952049317,53.73686694335938,1.007412602043938,53.12615966796875,54.89963391113281,2013.0,8.54400374531753,2005.0,2022.0,4.25722760936103,0.024227164151662768,4.240323092292235,4.284983584113678,TRY_A,1.187003892973684,0.9303301432552608,5.0,294.16986718220073,1.7309759242710185,standard,True,11.0
DESHPDHK0000lce9_8,V8,3,207108.04273002912,2613.5879300337488,205259.4547377653,210098.2224185849,82.25443180338542,0.03253550332682565,82.217546875,82.2790537109375,17.666666666666668,1.5275252316519472,16.0,19.0,3.1853015720991675,0.009373236318040195,3.1755380289778574,3.1942283996993064,TRY_B,1.0526657596488258,1.1032350960341495,5.0,293.7251811832662,0.5116085777850673,standard,True,11.0
DESHPDHK0000lce9_8,V8,4,105236.54233274411,1951.982675058462,104094.70591232747,107490.43218724296,51.8564735921224,0.1577931886095781,51.74861376953125,52.037578125,1748.0,14.730919862656235,1732.0,1761.0,3.896505842850015,0.05966690722695651,3.8317281328751442,3.9492177398301958,TRY_A,0.9418103872519473,1.1882792097579613,4.0,293.6704711861492,1.2285480631851473,standard,True,11.0
DESHPDHK0000lce9_8,V8,5,99785.71844339586,2150.8336618761623,98342.1636257245,102257.69514298187,51.03697241210938,0.6359681299306494,50.58160888671875,51.763591552734376,1984.3333333333333,13.57694123627756,1970.0,1997.0,4.331601269481091,0.027497240769050753,4.300689240947542,4.3533368632614104,TRY_A,1.157248448528879,1.1113533988295048,5.0,294.02229928267036,1.3248120574773004,standard,True,11.0
DESHPDHK0000lce9_8,V8,6,108434.7869231812,2146.988807961918,106757.66314480502,110854.48853279809,50.72227986653646,0.7157503008362235,50.227465698242185,51.542982421875,1773.3333333333333,12.503332889007396,1761.0,1786.0,4.4832265588494575,0.023106382763746942,4.458804498591282,4.504742273496803,TRY_A,0.8778554831407871,0.9866884014908137,5.0,294.55712551775713,1.7607089583956002,standard,True,11.0
DESHPDHK0000lce9_8,V8,7,97727.50759110466,2670.8248459066585,95775.23923442347,100771.19867437879,81.927908203125,0.06761871581044601,81.849837890625,81.96797314453126,30.333333333333332,4.618802153517006,25.0,33.0,5.424607172597604,0.014931646485193708,5.412791027133969,5.44138897957969,TRY_B,0.8175215063148915,0.8617157968270192,5.0,294.5658139132884,1.0379203880565346,retrofit,False,11.0
DESHPDHK0000lce9_8,V8,8,232518.26577906715,2977.2174435249826,230721.4457896642,235954.86452764232,89.37873014322918,0.08407546926852905,89.2818115234375,89.43206494140625,36.333333333333336,2.5166114784235836,34.0,39.0,5.414014790957366,0.016837827672362356,5.403983997544828,5.433454120149625,TRY_B,1.0732195812969818,1.097904862363127,5.0,294.3277485562038,1.5074822679197077,standard,True,11.0
DESHPDHK0000lce9_8,V8,10,107529.92366083647,2098.376925644711,105949.85471933974,109910.78254903831,50.85771329752604,0.76920210600365,50.40113916015625,51.74579345703125,1828.0,17.349351572897472,1808.0,1839.0,3.864470736555815,0.03393796619426243,3.839872574672867,3.9031891924593904,TRY_A,0.9481838824139476,0.9878223245103231,5.0,294.28653069195923,1.598985319869216,standard,True,11.0
DESHPDHK0000lce9_8,V8,1,223822.393445453,2569.317446715042,222303.2372836687,226788.89598338457,81.18663639322916,0.07188393285775645,81.1052822265625,81.241576171875,13.0,1.0,12.0,14.0,5.056610827313,0.01231704512359377,5.046068992479767,5.070149869628182,TRY_B,0.8908954887139108,1.021833914806334,5.0,293.6614166166424,1.9434068520031045,standard,True,11.0
DESHPDHK0000lce9_8,V8,12,250051.91856040308,2527.56600914495,248238.39719659038,252939.06938766746,95.2134054361979,0.10835879246950007,95.089044921875,95.28752197265625,23.666666666666668,0.5773502691896255,23.0,24.0,4.374882812174886,0.014089358149189123,4.358852111725839,4.385300764195545,TRY_B,0.9902819704903735,0.8907637396203537,5.0,294.6250130173052,1.1492705082649117,standard,True,11.0
DESHPDHK0000lce9_8,V8,13,103585.27494758385,2015.0336661449667,102227.47305877942,105900.52585417843,50.81857580566406,0.6606136189011708,50.41991088867187,51.581122314453125,1914.0,13.0,1899.0,1922.0,3.7462389996456094,0.029446865179695254,3.723590820786235,3.7795269881980955,TRY_A,1.0679255978730042,0.9748607675489322,5.0,294.41331053736974,0.925296360898044,standard,True,11.0
DESHPDHK0000lce9_8,V8,14,89832.05500913232,1745.5613883649853,88669.42235383451,91839.27404811082,48.60241569010416,0.49888309246002477,48.28736694335937,49.17760327148437,1974.6666666666667,16.196707484341772,1956.0,1985.0,3.3777663546537773,0.03970884331360616,3.3345074235079917,3.4125598201658094,TRY_A,1.133071278423135,1.0801060408008996,5.0,294.0836738213191,0.9687277729782862,standard,True,11.0
DESHPDHK0000lce9_8,V8,15,39782.34632076481,1970.5066833318588,38335.174833908495,42026.51340196418,33.02411051432292,1.2432471749480656,32.13023828125,34.443881591796874,2289.0,13.527749258468683,2276.0,2303.0,3.6471984106234454,0.037863627907913686,3.6171532169268454,3.689727717019586,TRY_A,0.9249466565528164,1.1329039205580804,5.0,293.7933835247956,1.0197474106288174,retrofit,False,11.0
DESHPDHK0000lce9_8,V8,16,209818.58354599608,2493.5687138316616,207727.2702320391,212578.20968862763,80.47661702473958,0.08367296981641624,80.380541015625,80.5334990234375,32.333333333333336,3.785938897200182,28.0,35.0,3.5746440407765654,0.0191791607648135,3.5570793069126045,3.5951076020335595,TRY_B,1.1219057429987207,0.9549913516120698,5.0,293.7795466999801,0.8393237984710207,standard,True,11.0
DESHPDHK0000lce9_8,V8,17,240395.3442206128,2891.7701792802554,238108.50366890465,243645.92015945714,91.62064176432291,0.14258367228322905,91.45653857421875,91.71421337890625,16.0,2.0,14.0,18.0,4.885590501795511,0.01898054757141655,4.8741014574423405,4.907498643028451,TRY_B,0.9153312415720977,1.0729982015899902,5.0,294.00382413415696,1.8559371822267299,standard,True,11.0
DESHPDHK0000lce9_8,V8,0,215729.88492548047,2578.220143681765,213621.49297460707,218604.30936059073,84.10081998697916,0.019157245668188858,84.07920068359375,84.11568603515624,34.666666666666664,5.131601439446883,29.0,39.0,3.724789299014424,0.007316436544284434,3.7191495639577665,3.733056669188422,TRY_B,1.129104645308332,0.9773656795309325,5.0,294.16835551224983,0.9950452772842244,standard,True,11.0
DESHPDHK0000lce9_8,V8,11,232389.82413582885,2724.2150061171596,230359.36435190265,235485.7443456787,84.40716373697917,0.012698904336501598,84.3938154296875,84.41909423828125,8.0,1.0,7.0,9.0,4.216304900244083,0.00947201649104856,4.210345505661187,4.227227097680996,TRY_B,0.8757885436337143,0.8519686021341887,5.0,294.11782458525266,1.316099493250095,standard,True,11.0
DESHPDHK0000lce9_8,V8,2,86726.53894016038,1963.8105323133545,85554.98819994563,88993.7284336031,46.54535880533854,0.4502620403327031,46.266436157226565,47.0648037109375,1958.3333333333333,10.785793124908977,1946.0,1966.0,3.302037059428489,0.030091873386492312,3.281619168296686,3.3365945806243134,TRY_A,0.8255269024416702,1.1310524687970327,6.0,293.9038403001458,1.1324462823746604,standard,True,11.0
DESHPDHK0000lce9_3,V8,19,,,,,,,,,,,,,,,,,,,,,,,,,
DESHPDHK0000lce9_7,V8,18,,,,,,,,,,,,,,,,,,,,,,,,,
DESHPDHK0000lce9_2,V8,6,,,,,,,,,,,,,,,,,,,,,,,,,
DESHPDHK0000lce9_2,V8,7,,,,,,,,,,,,,,,,,,,,,,,,,
DESHPDHK0000lce9_2,V8,8,,,,,,,,,,,,,,,,,,,,,,,,,
DESHPDHK0000lce9_2,V8,9,,,,,,,,,,,,,,,,,,,,,,,,,
DESHPDHK0000lce9_2,V8,10,,,,,,,,,,,,,,,,,,,,,,,,,
DESHPDHK0000lce9_2,V8,11,,,,,,,,,,,,,,,,,,,,,,,,,
DESHPDHK0000lce9_2,V8,12,,,,,,,,,,,,,,,,,,,,,,,,,
DESHPDHK0000lce9_2,V8,13,,,,,,,,,,,,,,,,,,,,,,,,,
DESHPDHK0000lce9_2,V8,14,,,,,,,,,,,,,,,,,,,,,,,,,
DESHPDHK0000lce9_2,V8,15,,,,,,,,,,,,,,,,,,,,,,,,,
DESHPDHK0000lce9_2,V8,16,,,,,,,,,,,,,,,,,,,,,,,,,
DESHPDHK0000lce9_2,V8,17,,,,,,,,,,,,,,,,,,,,,,,,,
DESHPDHK0000lce9_2,V8,18,,,,,,,,,,,,,,,,,,,,,,,,,
DESHPDHK0000lce9_2,V8,19,,,,,,,,,,,,,,,,,,,,,,,,,
DESHPDHK0000lce9_3,V8,0,,,,,,,,,,,,,,,,,,,,,,,,,
DESHPDHK0000lce9_3,V8,1,,,,,,,,,,,,,,,,,,,,,,,,,
DESHPDHK0000lce9_3,V8,2,,,,,,,,,,,,,,,,,,,,,,,,,
DESHPDHK0000lce9_3,V8,3,,,,,,,,,,,,,,,,,,,,,,,,,
DESHPDHK0000lce9_3,V8,4,,,,,,,,,,,,,,,,,,,,,,,,,
DESHPDHK0000lce9_3,V8,5,,,,,,,,,,,,,,,,,,,,,,,,,
DESHPDHK0000lce9_3,V8,6,,,,,,,,,,,,,,,,,,,,,,,,,
DESHPDHK0000lce9_2,V8,5,,,,,,,,,,,,,,,,,,,,,,,,,
DESHPDHK0000lce9_2,V8,4,,,,,,,,,,,,,,,,,,,,,,,,,
DESHPDHK0000lce9_2,V8,3,,,,,,,,,,,,,,,,,,,,,,,,,
DESHPDHK0000lce9_2,V8,2,,,,,,,,,,,,,,,,,,,,,,,,,
DESHPDHK0000lce9_1,V8,0,,,,,,,,,,,,,,,,,,,,,,,,,
DESHPDHK0000lce9_1,V8,1,,,,,,,,,,,,,,,,,,,,,,,,,
DESHPDHK0000lce9_1,V8,2,,,,,,,,,,,,,,,,,,,,,,,,,
DESHPDHK0000lce9_1,V8,3,,,,,,,,,,,,,,,,,,,,,,,,,
DESHPDHK0000lce9_1,V8,4,,,,,,,,,,,,,,,,,,,,,,,,,
DESHPDHK0000lce9_1,V8,5,,,,,,,,,,,,,,,,,,,,,,,,,
DESHPDHK0000lce9_1,V8,6,,,,,,,,,,,,,,,,,,,,,,,,,
DESHPDHK0000lce9_1,V8,7,,,,,,,,,,,,,,,,,,,,,,,,,
DESHPDHK0000lce9_1,V8,8,,,,,,,,,,,,,,,,,,,,,,,,,
DESHPDHK0000lce9_1,V8,9,,,,,,,,,,,,,,,,,,,,,,,,,
DESHPDHK0000lce9_3,V8,7,,,,,,,,,,,,,,,,,,,,,,,,,
DESHPDHK0000lce9_1,V8,10,,,,,,,,,,,,,,,,,,,,,,,,,
DESHPDHK0000lce9_1,V8,12,,,,,,,,,,,,,,,,,,,,,,,,,
DESHPDHK0000lce9_1,V8,13,,,,,,,,,,,,,,,,,,,,,,,,,
DESHPDHK0000lce9_1,V8,14,,,,,,,,,,,,,,,,,,,,,,,,,
DESHPDHK0000lce9_1,V8,15,,,,,,,,,,,,,,,,,,,,,,,,,
DESHPDHK0000lce9_1,V8,16,,,,,,,,,,,,,,,,,,,,,,,,,
DESHPDHK0000lce9_1,V8,17,,,,,,,,,,,,,,,,,,,,,,,,,
DESHPDHK0000lce9_1,V8,18,,,,,,,,,,,,,,,,,,,,,,,,,
DESHPDHK0000lce9_1,V8,19,,,,,,,,,,,,,,,,,,,,,,,,,
DESHPDHK0000lce9_2,V8,0,,,,,,,,,,,,,,,,,,,,,,,,,
DESHPDHK0000lce9_2,V8,1,,,,,,,,,,,,,,,,,,,,,,,,,
DESHPDHK0000lce9_1,V8,11,,,,,,,,,,,,,,,,,,,,,,,,,
DESHPDHK0000lce9_7,V8,19,,,,,,,,,,,,,,,,,,,,,,,,,
DESHPDHK0000lce9_3,V8,8,,,,,,,,,,,,,,,,,,,,,,,,,
DESHPDHK0000lce9_3,V8,10,,,,,,,,,,,,,,,,,,,,,,,,,
DESHPDHK0000lce9_4,V8,17,,,,,,,,,,,,,,,,,,,,,,,,,
DESHPDHK0000lce9_4,V8,18,,,,,,,,,,,,,,,,,,,,,,,,,
DESHPDHK0000lce9_4,V8,19,,,,,,,,,,,,,,,,,,,,,,,,,
DESHPDHK0000lce9_7,V8,0,,,,,,,,,,,,,,,,,,,,,,,,,
DESHPDHK0000lce9_7,V8,1,,,,,,,,,,,,,,,,,,,,,,,,,
DESHPDHK0000lce9_7,V8,2,,,,,,,,,,,,,,,,,,,,,,,,,
DESHPDHK0000lce9_7,V8,3,,,,,,,,,,,,,,,,,,,,,,,,,
DESHPDHK0000lce9_7,V8,4,,,,,,,,,,,,,,,,,,,,,,,,,
DESHPDHK0000lce9_7,V8,5,,,,,,,,,,,,,,,,,,,,,,,,,
DESHPDHK0000lce9_7,V8,6,,,,,,,,,,,,,,,,,,,,,,,,,
DESHPDHK0000lce9_7,V8,7,,,,,,,,,,,,,,,,,,,,,,,,,
DESHPDHK0000lce9_7,V8,8,,,,,,,,,,,,,,,,,,,,,,,,,
DESHPDHK0000lce9_7,V8,9,,,,,,,,,,,,,,,,,,,,,,,,,
DESHPDHK0000lce9_7,V8,10,,,,,,,,,,,,,,,,,,,,,,,,,
DESHPDHK0000lce9_7,V8,11,,,,,,,,,,,,,,,,,,,,,,,,,
DESHPDHK0000lce9_7,V8,12,,,,,,,,,,,,,,,,,,,,,,,,,
DESHPDHK0000lce9_7,V8,13,,,,,,,,,,,,,,,,,,,,,,,,,
DESHPDHK0000lce9_7,V8,14,,,,,,,,,,,,,,,,,,,,,,,,,
DESHPDHK0000lce9_7,V8,15,,,,,,,,,,,,,,,,,,,,,,,,,
DESHPDHK0000lce9_7,V8,16,,,,,,,,,,,,,,,,,,,,,,,,,
DESHPDHK0000lce9_7,V8,17,,,,,,,,,,,,,,,,,,,,,,,,,
DESHPDHK0000lce9_4,V8,16,,,,,,,,,,,,,,,,,,,,,,,,,
DESHPDHK0000lce9_4,V8,15,,,,,,,,,,,,,,,,,,,,,,,,,
DESHPDHK0000lce9_4,V8,14,,,,,,,,,,,,,,,,,,,,,,,,,
DESHPDHK0000lce9_4,V8,13,,,,,,,,,,,,,,,,,,,,,,,,,
DESHPDHK0000lce9_3,V8,11,,,,,,,,,,,,,,,,,,,,,,,,,
DESHPDHK0000lce9_3,V8,12,,,,,,,,,,,,,,,,,,,,,,,,,
DESHPDHK0000lce9_3,V8,13,,,,,,,,,,,,,,,,,,,,,,,,,
DESHPDHK0000lce9_3,V8,14,,,,,,,,,,,,,,,,,,,,,,,,,
DESHPDHK0000lce9_3,V8,15,,,,,,,,,,,,,,,,,,,,,,,,,
DESHPDHK0000lce9_3,V8,16,,,,,,,,,,,,,,,,,,,,,,,,,
DESHPDHK0000lce9_3,V8,17,,,,,,,,,,,,,,,,,,,,,,,,,
DESHPDHK0000lce9_3,V8,18,,,,,,,,,,,,,,,,,,,,,,,,,
DESHPDHK0000lce9_8,V8,18,222055.40945740519,2273.8436909346224,220332.28427594478,224632.63368073254,81.68260628255207,0.017628154778914024,81.66993408203125,81.70273779296875,4.666666666666667,0.5773502691896257,4.0,5.0,3.4046631254153863,0.00895365482350446,3.3954275005171928,3.4133052836813045,TRY_B,0.855900993443724,0.8799632809900434,5.0,294.1546509747472,0.8129223162871597,standard,True,11.0
DESHPDHK0000lce9_4,V8,0,,,,,,,,,,,,,,,,,,,,,,,,,
DESHPDHK0000lce9_3,V8,9,,,,,,,,,,,,,,,,,,,,,,,,,
DESHPDHK0000lce9_4,V8,1,,,,,,,,,,,,,,,,,,,,,,,,,
DESHPDHK0000lce9_4,V8,3,,,,,,,,,,,,,,,,,,,,,,,,,
DESHPDHK0000lce9_4,V8,4,,,,,,,,,,,,,,,,,,,,,,,,,
DESHPDHK0000lce9_4,V8,5,,,,,,,,,,,,,,,,,,,,,,,,,
DESHPDHK0000lce9_4,V8,6,,,,,,,,,,,,,,,,,,,,,,,,,
DESHPDHK0000lce9_4,V8,7,,,,,,,,,,,,,,,,,,,,,,,,,
DESHPDHK0000lce9_4,V8,8,,,,,,,,,,,,,,,,,,,,,,,,,
DESHPDHK0000lce9_4,V8,9,,,,,,,,,,,,,,,,,,,,,,,,,
DESHPDHK0000lce9_4,V8,10,,,,,,,,,,,,,,,,,,,,,,,,,
DESHPDHK0000lce9_4,V8,11,,,,,,,,,,,,,,,,,,,,,,,,,
DESHPDHK0000lce9_4,V8,12,,,,,,,,,,,,,,,,,,,,,,,,,
DESHPDHK0000lce9_4,V8,2,,,,,,,,,,,,,,,,,,,,,,,,,
DESHPDHK0000lce9_8,V8,19,44462.15015945694,2279.546974175044,42706.98672440311,47038.52126789084,33.651256022135414,1.3474542046276605,32.531890502929684,35.146833251953126,2154.6666666666665,16.196707484341825,2136.0,2165.0,3.6143107326254884,0.008385204078307708,3.6086118654796024,3.6239390918046777,TRY_A,0.8029449079004023,1.1147697510008554,5.0,294.6235494851678,1.0958892754048333,retrofit,False,11.0
