base_building_group,building_id,variant,sample_id,seed,overheating_hours_any_zone_gt_26C
DESHPDHK0000lce9,DESHPDHK0000lce9_1,V1,2,1,2082.0
DESHPDHK0000lce9,DESHPDHK0000lce9_1,V1,0,1,47.0
DESHPDHK0000lce9,DESHPDHK0000lce9_1,V1,0,3,54.0
DESHPDHK0000lce9,DESHPDHK0000lce9_1,V1,1,1,7.0
DESHPDHK0000lce9,DESHPDHK0000lce9_1,V1,1,2,11.0
DESHPDHK0000lce9,DESHPDHK0000lce9_1,V1,1,3,9.0
DESHPDHK0000lce9,DESHPDHK0000lce9_1,V1,3,1,22.0
DESHPDHK0000lce9,DESHPDHK0000lce9_1,V1,3,2,34.0
DESHPDHK0000lce9,DESHPDHK0000lce9_1,V1,3,3,30.0
DESHPDHK0000lce9,DESHPDHK0000lce9_1,V1,7,2,75.0
DESHPDHK0000lce9,DESHPDHK0000lce9_1,V1,7,3,71.0
DESHPDHK0000lce9,DESHPDHK0000lce9_1,V1,8,1,33.0
DESHPDHK0000lce9,DESHPDHK0000lce9_1,V1,8,2,51.0
DESHPDHK0000lce9,DESHPDHK0000lce9_1,V1,11,2,9.0
DESHPDHK0000lce9,DESHPDHK0000lce9_1,V1,7,1,60.0
DESHPDHK0000lce9,DESHPDHK0000lce9_1,V1,18,3,7.0
DESHPDHK0000lce9,DESHPDHK0000lce9_1,V1,11,3,7.0
DESHPDHK0000lce9,DESHPDHK0000lce9_1,V1,18,2,8.0
DESHPDHK0000lce9,DESHPDHK0000lce9_1,V1,18,1,6.0
DESHPDHK0000lce9,DESHPDHK0000lce9_1,V1,17,3,9.0
DESHPDHK0000lce9,DESHPDHK0000lce9_1,V1,17,1,8.0
DESHPDHK0000lce9,DESHPDHK0000lce9_1,V1,16,3,47.0
DESHPDHK0000lce9,DESHPDHK0000lce9_1,V1,17,2,13.0
DESHPDHK0000lce9,DESHPDHK0000lce9_1,V1,16,1,36.0
DESHPDHK0000lce9,DESHPDHK0000lce9_1,V1,12,3,18.0
DESHPDHK0000lce9,DESHPDHK0000lce9_1,V1,12,2,19.0
DESHPDHK0000lce9,DESHPDHK0000lce9_1,V1,12,1,17.0
DESHPDHK0000lce9,DESHPDHK0000lce9_1,V1,16,2,51.0
DESHPDHK0000lce9,DESHPDHK0000lce9_1,V1,0,2,58.0
DESHPDHK0000lce9,DESHPDHK0000lce9_1,V1,9,2,2159.0
DESHPDHK0000lce9,DESHPDHK0000lce9_1,V1,11,1,6.0
DESHPDHK0000lce9,DESHPDHK0000lce9_1,V1,19,2,2432.0
DESHPDHK0000lce9,DESHPDHK0000lce9_1,V1,8,3,44.0
DESHPDHK0000lce9,DESHPDHK0000lce9_1,V1,19,3,2430.0
DESHPDHK0000lce9,DESHPDHK0000lce9_1,V1,2,2,2118.0
DESHPDHK0000lce9,DESHPDHK0000lce9_1,V1,2,3,2112.0
DESHPDHK0000lce9,DESHPDHK0000lce9_1,V1,4,1,1891.0
DESHPDHK0000lce9,DESHPDHK0000lce9_1,V1,4,2,1925.0
DESHPDHK0000lce9,DESHPDHK0000lce9_1,V1,4,3,1925.0
DESHPDHK0000lce9,DESHPDHK0000lce9_1,V1,5,1,2147.0
DESHPDHK0000lce9,DESHPDHK0000lce9_1,V1,6,1,1901.0
DESHPDHK0000lce9,DESHPDHK0000lce9_1,V1,6,2,1934.0
DESHPDHK0000lce9,DESHPDHK0000lce9_1,V1,6,3,1935.0
DESHPDHK0000lce9,DESHPDHK0000lce9_1,V1,9,1,2139.0
DESHPDHK0000lce9,DESHPDHK0000lce9_1,V1,9,3,2169.0
DESHPDHK0000lce9,DESHPDHK0000lce9_1,V1,5,3,2181.0
DESHPDHK0000lce9,DESHPDHK0000lce9_1,V1,5,2,2169.0
DESHPDHK0000lce9,DESHPDHK0000lce9_1,V1,13,3,2069.0
DESHPDHK0000lce9,DESHPDHK0000lce9_1,V1,19,1,2387.0
DESHPDHK0000lce9,DESHPDHK0000lce9_1,V1,10,2,1979.0
DESHPDHK0000lce9,DESHPDHK0000lce9_1,V1,10,3,1984.0
DESHPDHK0000lce9,DESHPDHK0000lce9_1,V1,13,1,2035.0
DESHPDHK0000lce9,DESHPDHK0000lce9_1,V1,14,3,2145.0
DESHPDHK0000lce9,DESHPDHK0000lce9_1,V1,14,1,2109.0
DESHPDHK0000lce9,DESHPDHK0000lce9_1,V1,13,2,2066.0
DESHPDHK0000lce9,DESHPDHK0000lce9_1,V1,15,1,2543.0
DESHPDHK0000lce9,DESHPDHK0000lce9_1,V1,15,2,2595.0
DESHPDHK0000lce9,DESHPDHK0000lce9_1,V1,15,3,2579.0
DESHPDHK0000lce9,DESHPDHK0000lce9_1,V1,10,1,1952.0
DESHPDHK0000lce9,DESHPDHK0000lce9_1,V1,14,2,2143.0
DESHPDHK0000lce9,DESHPDHK0000lce9_2,V2,8,3,135.0
DESHPDHK0000lce9,DESHPDHK0000lce9_2,V2,3,1,93.0
DESHPDHK0000lce9,DESHPDHK0000lce9_2,V2,1,1,76.0
DESHPDHK0000lce9,DESHPDHK0000lce9_2,V2,1,2,109.0
DESHPDHK0000lce9,DESHPDHK0000lce9_2,V2,1,3,92.0
DESHPDHK0000lce9,DESHPDHK0000lce9_2,V2,0,3,200.0
DESHPDHK0000lce9,DESHPDHK0000lce9_2,V2,0,1,187.0
DESHPDHK0000lce9,DESHPDHK0000lce9_2,V2,7,2,82.0
DESHPDHK0000lce9,DESHPDHK0000lce9_2,V2,7,3,80.0
DESHPDHK0000lce9,DESHPDHK0000lce9_2,V2,8,1,112.0
DESHPDHK0000lce9,DESHPDHK0000lce9_2,V2,7,1,53.0
DESHPDHK0000lce9,DESHPDHK0000lce9_2,V2,3,2,117.0
DESHPDHK0000lce9,DESHPDHK0000lce9_2,V2,3,3,123.0
DESHPDHK0000lce9,DESHPDHK0000lce9_2,V2,11,1,60.0
DESHPDHK0000lce9,DESHPDHK0000lce9_2,V2,16,3,185.0
DESHPDHK0000lce9,DESHPDHK0000lce9_2,V2,11,3,74.0
DESHPDHK0000lce9,DESHPDHK0000lce9_2,V2,18,2,78.0
DESHPDHK0000lce9,DESHPDHK0000lce9_2,V2,18,1,42.0
DESHPDHK0000lce9,DESHPDHK0000lce9_2,V2,17,3,94.0
DESHPDHK0000lce9,DESHPDHK0000lce9_2,V2,17,2,98.0
DESHPDHK0000lce9,DESHPDHK0000lce9_2,V2,17,1,70.0
DESHPDHK0000lce9,DESHPDHK0000lce9_2,V2,0,2,202.0
DESHPDHK0000lce9,DESHPDHK0000lce9_2,V2,16,2,193.0
DESHPDHK0000lce9,DESHPDHK0000lce9_2,V2,16,1,151.0
DESHPDHK0000lce9,DESHPDHK0000lce9_2,V2,12,3,153.0
DESHPDHK0000lce9,DESHPDHK0000lce9_2,V2,12,2,152.0
DESHPDHK0000lce9,DESHPDHK0000lce9_2,V2,12,1,124.0
DESHPDHK0000lce9,DESHPDHK0000lce9_2,V2,11,2,81.0
DESHPDHK0000lce9,DESHPDHK0000lce9_2,V2,8,2,148.0
DESHPDHK0000lce9,DESHPDHK0000lce9_2,V2,18,3,78.0
DESHPDHK0000lce9,DESHPDHK0000lce9_2,V2,14,1,2350.0
DESHPDHK0000lce9,DESHPDHK0000lce9_2,V2,2,1,2171.0
DESHPDHK0000lce9,DESHPDHK0000lce9_2,V2,9,3,2415.0
DESHPDHK0000lce9,DESHPDHK0000lce9_2,V2,5,2,2454.0
DESHPDHK0000lce9,DESHPDHK0000lce9_2,V2,6,2,2245.0
DESHPDHK0000lce9,DESHPDHK0000lce9_2,V2,6,1,2146.0
DESHPDHK0000lce9,DESHPDHK0000lce9_2,V2,5,3,2417.0
DESHPDHK0000lce9,DESHPDHK0000lce9_2,V2,5,1,2415.0
DESHPDHK0000lce9,DESHPDHK0000lce9_2,V2,19,3,2429.0
DESHPDHK0000lce9,DESHPDHK0000lce9_2,V2,4,2,2311.0
DESHPDHK0000lce9,DESHPDHK0000lce9_2,V2,4,1,2217.0
DESHPDHK0000lce9,DESHPDHK0000lce9_2,V2,2,3,2223.0
DESHPDHK0000lce9,DESHPDHK0000lce9_2,V2,2,2,2251.0
DESHPDHK0000lce9,DESHPDHK0000lce9_2,V2,9,1,2399.0
DESHPDHK0000lce9,DESHPDHK0000lce9_2,V2,4,3,2263.0
DESHPDHK0000lce9,DESHPDHK0000lce9_2,V2,9,2,2467.0
DESHPDHK0000lce9,DESHPDHK0000lce9_2,V2,6,3,2199.0
DESHPDHK0000lce9,DESHPDHK0000lce9_2,V2,10,1,2167.0
DESHPDHK0000lce9,DESHPDHK0000lce9_2,V2,10,2,2262.0
DESHPDHK0000lce9,DESHPDHK0000lce9_2,V2,10,3,2216.0
DESHPDHK0000lce9,DESHPDHK0000lce9_2,V2,13,1,2283.0
DESHPDHK0000lce9,DESHPDHK0000lce9_2,V2,13,2,2344.0
DESHPDHK0000lce9,DESHPDHK0000lce9_2,V2,13,3,2298.0
DESHPDHK0000lce9,DESHPDHK0000lce9_2,V2,19,2,2456.0
DESHPDHK0000lce9,DESHPDHK0000lce9_2,V2,14,2,2434.0
DESHPDHK0000lce9,DESHPDHK0000lce9_2,V2,14,3,2367.0
DESHPDHK0000lce9,DESHPDHK0000lce9_2,V2,15,1,2552.0
DESHPDHK0000lce9,DESHPDHK0000lce9_2,V2,15,2,2632.0
DESHPDHK0000lce9,DESHPDHK0000lce9_2,V2,15,3,2596.0
DESHPDHK0000lce9,DESHPDHK0000lce9_2,V2,19,1,2410.0
DESHPDHK0000lce9,DESHPDHK0000lce9_3,V3,3,2,185.0
DESHPDHK0000lce9,DESHPDHK0000lce9_3,V3,8,2,185.0
DESHPDHK0000lce9,DESHPDHK0000lce9_3,V3,0,3,266.0
DESHPDHK0000lce9,DESHPDHK0000lce9_3,V3,1,1,135.0
DESHPDHK0000lce9,DESHPDHK0000lce9_3,V3,1,2,123.0
DESHPDHK0000lce9,DESHPDHK0000lce9_3,V3,3,3,175.0
DESHPDHK0000lce9,DESHPDHK0000lce9_3,V3,1,3,150.0
DESHPDHK0000lce9,DESHPDHK0000lce9_3,V3,7,1,176.0
DESHPDHK0000lce9,DESHPDHK0000lce9_3,V3,7,2,209.0
DESHPDHK0000lce9,DESHPDHK0000lce9_3,V3,7,3,176.0
DESHPDHK0000lce9,DESHPDHK0000lce9_3,V3,8,3,218.0
DESHPDHK0000lce9,DESHPDHK0000lce9_3,V3,3,1,143.0
DESHPDHK0000lce9,DESHPDHK0000lce9_3,V3,16,1,209.0
DESHPDHK0000lce9,DESHPDHK0000lce9_3,V3,17,2,140.0
DESHPDHK0000lce9,DESHPDHK0000lce9_3,V3,11,3,123.0
DESHPDHK0000lce9,DESHPDHK0000lce9_3,V3,11,1,119.0
DESHPDHK0000lce9,DESHPDHK0000lce9_3,V3,18,2,81.0
DESHPDHK0000lce9,DESHPDHK0000lce9_3,V3,18,1,66.0
DESHPDHK0000lce9,DESHPDHK0000lce9_3,V3,11,2,94.0
DESHPDHK0000lce9,DESHPDHK0000lce9_3,V3,8,1,199.0
DESHPDHK0000lce9,DESHPDHK0000lce9_3,V3,17,1,114.0
DESHPDHK0000lce9,DESHPDHK0000lce9_3,V3,17,3,135.0
DESHPDHK0000lce9,DESHPDHK0000lce9_3,V3,16,2,226.0
DESHPDHK0000lce9,DESHPDHK0000lce9_3,V3,0,2,263.0
DESHPDHK0000lce9,DESHPDHK0000lce9_3,V3,12,3,192.0
DESHPDHK0000lce9,DESHPDHK0000lce9_3,V3,12,2,194.0
DESHPDHK0000lce9,DESHPDHK0000lce9_3,V3,12,1,167.0
DESHPDHK0000lce9,DESHPDHK0000lce9_3,V3,18,3,72.0
DESHPDHK0000lce9,DESHPDHK0000lce9_3,V3,0,1,213.0
DESHPDHK0000lce9,DESHPDHK0000lce9_3,V3,16,3,230.0
DESHPDHK0000lce9,DESHPDHK0000lce9_3,V3,19,2,2587.0
DESHPDHK0000lce9,DESHPDHK0000lce9_3,V3,6,3,2352.0
DESHPDHK0000lce9,DESHPDHK0000lce9_3,V3,6,2,2294.0
DESHPDHK0000lce9,DESHPDHK0000lce9_3,V3,6,1,2323.0
DESHPDHK0000lce9,DESHPDHK0000lce9_3,V3,5,3,2639.0
DESHPDHK0000lce9,DESHPDHK0000lce9_3,V3,5,2,2569.0
DESHPDHK0000lce9,DESHPDHK0000lce9_3,V3,4,2,2406.0
DESHPDHK0000lce9,DESHPDHK0000lce9_3,V3,4,3,2427.0
DESHPDHK0000lce9,DESHPDHK0000lce9_3,V3,4,1,2351.0
DESHPDHK0000lce9,DESHPDHK0000lce9_3,V3,2,3,2394.0
DESHPDHK0000lce9,DESHPDHK0000lce9_3,V3,2,2,2343.0
DESHPDHK0000lce9,DESHPDHK0000lce9_3,V3,9,1,2578.0
DESHPDHK0000lce9,DESHPDHK0000lce9_3,V3,5,1,2590.0
DESHPDHK0000lce9,DESHPDHK0000lce9_3,V3,9,2,2555.0
DESHPDHK0000lce9,DESHPDHK0000lce9_3,V3,14,3,2582.0
DESHPDHK0000lce9,DESHPDHK0000lce9_3,V3,14,1,2537.0
DESHPDHK0000lce9,DESHPDHK0000lce9_3,V3,19,1,2631.0
DESHPDHK0000lce9,DESHPDHK0000lce9_3,V3,19,3,2644.0
DESHPDHK0000lce9,DESHPDHK0000lce9_3,V3,10,2,2354.0
DESHPDHK0000lce9,DESHPDHK0000lce9_3,V3,10,3,2354.0
DESHPDHK0000lce9,DESHPDHK0000lce9_3,V3,10,1,2336.0
DESHPDHK0000lce9,DESHPDHK0000lce9_3,V3,13,2,2422.0
DESHPDHK0000lce9,DESHPDHK0000lce9_3,V3,13,3,2492.0
DESHPDHK0000lce9,DESHPDHK0000lce9_3,V3,13,1,2440.0
DESHPDHK0000lce9,DESHPDHK0000lce9_3,V3,14,2,2505.0
DESHPDHK0000lce9,DESHPDHK0000lce9_3,V3,2,1,2328.0
DESHPDHK0000lce9,DESHPDHK0000lce9_3,V3,9,3,2606.0
DESHPDHK0000lce9,DESHPDHK0000lce9_3,V3,15,2,2757.0
DESHPDHK0000lce9,DESHPDHK0000lce9_3,V3,15,3,2830.0
DESHPDHK0000lce9,DESHPDHK0000lce9_3,V3,15,1,2789.0
DESHPDHK0000lce9,DESHPDHK0000lce9_4,V4,3,3,170.0
DESHPDHK0000lce9,DESHPDHK0000lce9_4,V4,8,3,195.0
DESHPDHK0000lce9,DESHPDHK0000lce9_4,V4,1,1,143.0
DESHPDHK0000lce9,DESHPDHK0000lce9_4,V4,1,2,123.0
DESHPDHK0000lce9,DESHPDHK0000lce9_4,V4,1,3,147.0
DESHPDHK0000lce9,DESHPDHK0000lce9_4,V4,8,2,165.0
DESHPDHK0000lce9,DESHPDHK0000lce9_4,V4,0,3,229.0
DESHPDHK0000lce9,DESHPDHK0000lce9_4,V4,7,1,196.0
DESHPDHK0000lce9,DESHPDHK0000lce9_4,V4,7,2,234.0
DESHPDHK0000lce9,DESHPDHK0000lce9_4,V4,7,3,220.0
DESHPDHK0000lce9,DESHPDHK0000lce9_4,V4,8,1,181.0
DESHPDHK0000lce9,DESHPDHK0000lce9_4,V4,11,1,128.0
DESHPDHK0000lce9,DESHPDHK0000lce9_4,V4,3,2,157.0
DESHPDHK0000lce9,DESHPDHK0000lce9_4,V4,3,1,146.0
DESHPDHK0000lce9,DESHPDHK0000lce9_4,V4,17,2,123.0
DESHPDHK0000lce9,DESHPDHK0000lce9_4,V4,16,2,223.0
DESHPDHK0000lce9,DESHPDHK0000lce9_4,V4,18,3,77.0
DESHPDHK0000lce9,DESHPDHK0000lce9_4,V4,18,2,73.0
DESHPDHK0000lce9,DESHPDHK0000lce9_4,V4,18,1,67.0
DESHPDHK0000lce9,DESHPDHK0000lce9_4,V4,17,3,122.0
DESHPDHK0000lce9,DESHPDHK0000lce9_4,V4,0,2,216.0
DESHPDHK0000lce9,DESHPDHK0000lce9_4,V4,16,3,235.0
DESHPDHK0000lce9,DESHPDHK0000lce9_4,V4,16,1,204.0
DESHPDHK0000lce9,DESHPDHK0000lce9_4,V4,12,3,181.0
DESHPDHK0000lce9,DESHPDHK0000lce9_4,V4,12,2,182.0
DESHPDHK0000lce9,DESHPDHK0000lce9_4,V4,12,1,168.0
DESHPDHK0000lce9,DESHPDHK0000lce9_4,V4,17,1,113.0
DESHPDHK0000lce9,DESHPDHK0000lce9_4,V4,11,2,104.0
DESHPDHK0000lce9,DESHPDHK0000lce9_4,V4,11,3,128.0
DESHPDHK0000lce9,DESHPDHK0000lce9_4,V4,0,1,212.0
DESHPDHK0000lce9,DESHPDHK0000lce9_4,V4,19,3,2639.0
DESHPDHK0000lce9,DESHPDHK0000lce9_4,V4,10,1,2303.0
DESHPDHK0000lce9,DESHPDHK0000lce9_4,V4,9,1,2550.0
DESHPDHK0000lce9,DESHPDHK0000lce9_4,V4,6,3,2342.0
DESHPDHK0000lce9,DESHPDHK0000lce9_4,V4,6,2,2291.0
DESHPDHK0000lce9,DESHPDHK0000lce9_4,V4,6,1,2293.0
DESHPDHK0000lce9,DESHPDHK0000lce9_4,V4,5,3,2568.0
DESHPDHK0000lce9,DESHPDHK0000lce9_4,V4,2,1,2254.0
DESHPDHK0000lce9,DESHPDHK0000lce9_4,V4,4,3,2377.0
DESHPDHK0000lce9,DESHPDHK0000lce9_4,V4,4,1,2306.0
DESHPDHK0000lce9,DESHPDHK0000lce9_4,V4,2,3,2324.0
DESHPDHK0000lce9,DESHPDHK0000lce9_4,V4,2,2,2272.0
DESHPDHK0000lce9,DESHPDHK0000lce9_4,V4,9,2,2532.0
DESHPDHK0000lce9,DESHPDHK0000lce9_4,V4,5,1,2548.0
DESHPDHK0000lce9,DESHPDHK0000lce9_4,V4,5,2,2544.0
DESHPDHK0000lce9,DESHPDHK0000lce9_4,V4,4,2,2372.0
DESHPDHK0000lce9,DESHPDHK0000lce9_4,V4,9,3,2569.0
DESHPDHK0000lce9,DESHPDHK0000lce9_4,V4,14,2,2475.0
DESHPDHK0000lce9,DESHPDHK0000lce9_4,V4,14,1,2491.0
DESHPDHK0000lce9,DESHPDHK0000lce9_4,V4,10,2,2310.0
DESHPDHK0000lce9,DESHPDHK0000lce9_4,V4,10,3,2323.0
DESHPDHK0000lce9,DESHPDHK0000lce9_4,V4,13,1,2411.0
DESHPDHK0000lce9,DESHPDHK0000lce9_4,V4,13,2,2393.0
DESHPDHK0000lce9,DESHPDHK0000lce9_4,V4,19,2,2575.0
DESHPDHK0000lce9,DESHPDHK0000lce9_4,V4,19,1,2647.0
DESHPDHK0000lce9,DESHPDHK0000lce9_4,V4,14,3,2524.0
DESHPDHK0000lce9,DESHPDHK0000lce9_4,V4,15,1,2811.0
DESHPDHK0000lce9,DESHPDHK0000lce9_4,V4,15,2,2747.0
DESHPDHK0000lce9,DESHPDHK0000lce9_4,V4,15,3,2840.0
DESHPDHK0000lce9,DESHPDHK0000lce9_4,V4,13,3,2447.0
DESHPDHK0000lce9,DESHPDHK0000lce9_7,V7,3,3,135.0
DESHPDHK0000lce9,DESHPDHK0000lce9_7,V7,0,3,180.0
DESHPDHK0000lce9,DESHPDHK0000lce9_7,V7,1,1,104.0
DESHPDHK0000lce9,DESHPDHK0000lce9_7,V7,1,2,131.0
DESHPDHK0000lce9,DESHPDHK0000lce9_7,V7,3,1,125.0
DESHPDHK0000lce9,DESHPDHK0000lce9_7,V7,1,3,99.0
DESHPDHK0000lce9,DESHPDHK0000lce9_7,V7,8,1,186.0
DESHPDHK0000lce9,DESHPDHK0000lce9_7,V7,7,2,207.0
DESHPDHK0000lce9,DESHPDHK0000lce9_7,V7,7,3,175.0
DESHPDHK0000lce9,DESHPDHK0000lce9_7,V7,8,2,192.0
DESHPDHK0000lce9,DESHPDHK0000lce9_7,V7,8,3,206.0
DESHPDHK0000lce9,DESHPDHK0000lce9_7,V7,0,1,189.0
DESHPDHK0000lce9,DESHPDHK0000lce9_7,V7,7,1,172.0
DESHPDHK0000lce9,DESHPDHK0000lce9_7,V7,16,1,174.0
DESHPDHK0000lce9,DESHPDHK0000lce9_7,V7,11,3,65.0
DESHPDHK0000lce9,DESHPDHK0000lce9_7,V7,11,2,72.0
DESHPDHK0000lce9,DESHPDHK0000lce9_7,V7,18,3,27.0
DESHPDHK0000lce9,DESHPDHK0000lce9_7,V7,18,1,25.0
DESHPDHK0000lce9,DESHPDHK0000lce9_7,V7,17,3,108.0
DESHPDHK0000lce9,DESHPDHK0000lce9_7,V7,17,2,111.0
DESHPDHK0000lce9,DESHPDHK0000lce9_7,V7,16,3,195.0
DESHPDHK0000lce9,DESHPDHK0000lce9_7,V7,16,2,194.0
DESHPDHK0000lce9,DESHPDHK0000lce9_7,V7,17,1,93.0
DESHPDHK0000lce9,DESHPDHK0000lce9_7,V7,0,2,173.0
DESHPDHK0000lce9,DESHPDHK0000lce9_7,V7,12,3,142.0
DESHPDHK0000lce9,DESHPDHK0000lce9_7,V7,12,2,138.0
DESHPDHK0000lce9,DESHPDHK0000lce9_7,V7,12,1,113.0
DESHPDHK0000lce9,DESHPDHK0000lce9_7,V7,11,1,68.0
DESHPDHK0000lce9,DESHPDHK0000lce9_7,V7,3,2,142.0
DESHPDHK0000lce9,DESHPDHK0000lce9_7,V7,18,2,42.0
DESHPDHK0000lce9,DESHPDHK0000lce9_7,V7,10,2,2365.0
DESHPDHK0000lce9,DESHPDHK0000lce9_7,V7,5,2,2631.0
DESHPDHK0000lce9,DESHPDHK0000lce9_7,V7,9,3,2631.0
DESHPDHK0000lce9,DESHPDHK0000lce9_7,V7,9,1,2641.0
DESHPDHK0000lce9,DESHPDHK0000lce9_7,V7,6,3,2368.0
DESHPDHK0000lce9,DESHPDHK0000lce9_7,V7,6,2,2346.0
DESHPDHK0000lce9,DESHPDHK0000lce9_7,V7,6,1,2367.0
DESHPDHK0000lce9,DESHPDHK0000lce9_7,V7,5,3,2668.0
DESHPDHK0000lce9,DESHPDHK0000lce9_7,V7,5,1,2638.0
DESHPDHK0000lce9,DESHPDHK0000lce9_7,V7,2,3,2474.0
DESHPDHK0000lce9,DESHPDHK0000lce9_7,V7,4,1,2459.0
DESHPDHK0000lce9,DESHPDHK0000lce9_7,V7,2,2,2408.0
DESHPDHK0000lce9,DESHPDHK0000lce9_7,V7,2,1,2439.0
DESHPDHK0000lce9,DESHPDHK0000lce9_7,V7,19,3,2616.0
DESHPDHK0000lce9,DESHPDHK0000lce9_7,V7,4,3,2484.0
DESHPDHK0000lce9,DESHPDHK0000lce9_7,V7,4,2,2423.0
DESHPDHK0000lce9,DESHPDHK0000lce9_7,V7,10,1,2396.0
DESHPDHK0000lce9,DESHPDHK0000lce9_7,V7,13,3,2550.0
DESHPDHK0000lce9,DESHPDHK0000lce9_7,V7,10,3,2407.0
DESHPDHK0000lce9,DESHPDHK0000lce9_7,V7,13,1,2515.0
DESHPDHK0000lce9,DESHPDHK0000lce9_7,V7,13,2,2500.0
DESHPDHK0000lce9,DESHPDHK0000lce9_7,V7,14,3,2660.0
DESHPDHK0000lce9,DESHPDHK0000lce9_7,V7,14,1,2642.0
DESHPDHK0000lce9,DESHPDHK0000lce9_7,V7,19,1,2654.0
DESHPDHK0000lce9,DESHPDHK0000lce9_7,V7,19,2,2547.0
DESHPDHK0000lce9,DESHPDHK0000lce9_7,V7,15,1,2817.0
DESHPDHK0000lce9,DESHPDHK0000lce9_7,V7,15,2,2694.0
DESHPDHK0000lce9,DESHPDHK0000lce9_7,V7,15,3,2783.0
DESHPDHK0000lce9,DESHPDHK0000lce9_7,V7,9,2,2615.0
DESHPDHK0000lce9,DESHPDHK0000lce9_7,V7,14,2,2556.0
DESHPDHK0000lce9,DESHPDHK0000lce9_8,V8,1,3,156.0
DESHPDHK0000lce9,DESHPDHK0000lce9_8,V8,0,3,266.0
DESHPDHK0000lce9,DESHPDHK0000lce9_8,V8,1,1,139.0
DESHPDHK0000lce9,DESHPDHK0000lce9_8,V8,1,2,127.0
DESHPDHK0000lce9,DESHPDHK0000lce9_8,V8,0,2,265.0
DESHPDHK0000lce9,DESHPDHK0000lce9_8,V8,19,2,2585.0
DESHPDHK0000lce9,DESHPDHK0000lce9_8,V8,7,1,174.0
DESHPDHK0000lce9,DESHPDHK0000lce9_8,V8,7,2,209.0
DESHPDHK0000lce9,DESHPDHK0000lce9_8,V8,7,3,178.0
DESHPDHK0000lce9,DESHPDHK0000lce9_8,V8,3,3,177.0
DESHPDHK0000lce9,DESHPDHK0000lce9_8,V8,8,1,199.0
DESHPDHK0000lce9,DESHPDHK0000lce9_8,V8,3,2,185.0
DESHPDHK0000lce9,DESHPDHK0000lce9_8,V8,3,1,145.0
DESHPDHK0000lce9,DESHPDHK0000lce9_8,V8,0,1,213.0
DESHPDHK0000lce9,DESHPDHK0000lce9_8,V8,18,1,66.0
DESHPDHK0000lce9,DESHPDHK0000lce9_8,V8,11,1,125.0
DESHPDHK0000lce9,DESHPDHK0000lce9_8,V8,11,3,124.0
DESHPDHK0000lce9,DESHPDHK0000lce9_8,V8,12,1,168.0
DESHPDHK0000lce9,DESHPDHK0000lce9_8,V8,12,2,195.0
DESHPDHK0000lce9,DESHPDHK0000lce9_8,V8,12,3,193.0
DESHPDHK0000lce9,DESHPDHK0000lce9_8,V8,16,1,211.0
DESHPDHK0000lce9,DESHPDHK0000lce9_8,V8,16,2,228.0
DESHPDHK0000lce9,DESHPDHK0000lce9_8,V8,16,3,231.0
DESHPDHK0000lce9,DESHPDHK0000lce9_8,V8,17,1,113.0
DESHPDHK0000lce9,DESHPDHK0000lce9_8,V8,17,2,140.0
DESHPDHK0000lce9,DESHPDHK0000lce9_8,V8,17,3,134.0
DESHPDHK0000lce9,DESHPDHK0000lce9_8,V8,8,3,218.0
DESHPDHK0000lce9,DESHPDHK0000lce9_8,V8,8,2,186.0
DESHPDHK0000lce9,DESHPDHK0000lce9_8,V8,11,2,98.0
DESHPDHK0000lce9,DESHPDHK0000lce9_8,V8,9,3,2606.0
DESHPDHK0000lce9,DESHPDHK0000lce9_8,V8,9,1,2578.0
DESHPDHK0000lce9,DESHPDHK0000lce9_8,V8,19,3,2639.0
DESHPDHK0000lce9,DESHPDHK0000lce9_8,V8,5,1,2591.0
DESHPDHK0000lce9,DESHPDHK0000lce9_8,V8,6,1,2322.0
DESHPDHK0000lce9,DESHPDHK0000lce9_8,V8,5,3,2639.0
DESHPDHK0000lce9,DESHPDHK0000lce9_8,V8,5,2,2571.0
DESHPDHK0000lce9,DESHPDHK0000lce9_8,V8,4,3,2427.0
DESHPDHK0000lce9,DESHPDHK0000lce9_8,V8,18,2,81.0
DESHPDHK0000lce9,DESHPDHK0000lce9_8,V8,4,1,2351.0
DESHPDHK0000lce9,DESHPDHK0000lce9_8,V8,2,3,2401.0
DESHPDHK0000lce9,DESHPDHK0000lce9_8,V8,2,2,2343.0
DESHPDHK0000lce9,DESHPDHK0000lce9_8,V8,2,1,2331.0
DESHPDHK0000lce9,DESHPDHK0000lce9_8,V8,6,2,2296.0
DESHPDHK0000lce9,DESHPDHK0000lce9_8,V8,4,2,2405.0
DESHPDHK0000lce9,DESHPDHK0000lce9_8,V8,6,3,2352.0
DESHPDHK0000lce9,DESHPDHK0000lce9_8,V8,15,3,2824.0
DESHPDHK0000lce9,DESHPDHK0000lce9_8,V8,9,2,2556.0
DESHPDHK0000lce9,DESHPDHK0000lce9_8,V8,10,2,2354.0
DESHPDHK0000lce9,DESHPDHK0000lce9_8,V8,10,3,2354.0
DESHPDHK0000lce9,DESHPDHK0000lce9_8,V8,13,1,2441.0
DESHPDHK0000lce9,DESHPDHK0000lce9_8,V8,13,2,2422.0
DESHPDHK0000lce9,DESHPDHK0000lce9_8,V8,13,3,2492.0
DESHPDHK0000lce9,DESHPDHK0000lce9_8,V8,14,1,2536.0
DESHPDHK0000lce9,DESHPDHK0000lce9_8,V8,14,2,2505.0
DESHPDHK0000lce9,DESHPDHK0000lce9_8,V8,14,3,2582.0
DESHPDHK0000lce9,DESHPDHK0000lce9_8,V8,15,1,2785.0
DESHPDHK0000lce9,DESHPDHK0000lce9_8,V8,15,2,2751.0
DESHPDHK0000lce9,DESHPDHK0000lce9_8,V8,19,1,2630.0
DESHPDHK0000lce9,DESHPDHK0000lce9_8,V8,10,1,2336.0
DESHPDHK0000lce9,DESHPDHK0000lce9_8,V8,18,3,73.0
