base_building_group,building_id,variant,sample_id,seed,peak_heating_kW
DESHPDHK0000lce9,DESHPDHK0000lce9_1,V1,2,1,36.23476953125
DESHPDHK0000lce9,DESHPDHK0000lce9_1,V1,0,1,62.35111328125
DESHPDHK0000lce9,DESHPDHK0000lce9_1,V1,0,3,62.33384375
DESHPDHK0000lce9,DESHPDHK0000lce9_1,V1,1,1,57.37670703125
DESHPDHK0000lce9,DESHPDHK0000lce9_1,V1,1,2,57.22149609375
DESHPDHK0000lce9,DESHPDHK0000lce9_1,V1,1,3,57.3506953125
DESHPDHK0000lce9,DESHPDHK0000lce9_1,V1,3,1,58.30462109375
DESHPDHK0000lce9,DESHPDHK0000lce9_1,V1,3,2,58.150109375
DESHPDHK0000lce9,DESHPDHK0000lce9_1,V1,3,3,58.27857421875
DESHPDHK0000lce9,DESHPDHK0000lce9_1,V1,7,2,59.41248828125
DESHPDHK0000lce9,DESHPDHK0000lce9_1,V1,7,3,59.50624609375
DESHPDHK0000lce9,DESHPDHK0000lce9_1,V1,8,1,63.56951171875
DESHPDHK0000lce9,DESHPDHK0000lce9_1,V1,8,2,63.41902734375
DESHPDHK0000lce9,DESHPDHK0000lce9_1,V1,11,2,61.25218359375
DESHPDHK0000lce9,DESHPDHK0000lce9_1,V1,7,1,59.525203125
DESHPDHK0000lce9,DESHPDHK0000lce9_1,V1,18,3,61.57198046875
DESHPDHK0000lce9,DESHPDHK0000lce9_1,V1,11,3,61.38141796875
DESHPDHK0000lce9,DESHPDHK0000lce9_1,V1,18,2,61.44502734375
DESHPDHK0000lce9,DESHPDHK0000lce9_1,V1,18,1,61.59722265625
DESHPDHK0000lce9,DESHPDHK0000lce9_1,V1,17,3,60.3321015625
DESHPDHK0000lce9,DESHPDHK0000lce9_1,V1,17,1,60.3495
DESHPDHK0000lce9,DESHPDHK0000lce9_1,V1,16,3,58.92721875
DESHPDHK0000lce9,DESHPDHK0000lce9_1,V1,17,2,60.19691015625
DESHPDHK0000lce9,DESHPDHK0000lce9_1,V1,16,1,58.95357421875
DESHPDHK0000lce9,DESHPDHK0000lce9_1,V1,12,3,66.0724375
DESHPDHK0000lce9,DESHPDHK0000lce9_1,V1,12,2,65.9945390625
DESHPDHK0000lce9,DESHPDHK0000lce9_1,V1,12,1,66.0906484375
DESHPDHK0000lce9,DESHPDHK0000lce9_1,V1,16,2,58.798421875
DESHPDHK0000lce9,DESHPDHK0000lce9_1,V1,0,2,62.19862890625
DESHPDHK0000lce9,DESHPDHK0000lce9_1,V1,9,2,39.3565234375
DESHPDHK0000lce9,DESHPDHK0000lce9_1,V1,11,1,61.40644140625
DESHPDHK0000lce9,DESHPDHK0000lce9_1,V1,19,2,24.307580078125
DESHPDHK0000lce9,DESHPDHK0000lce9_1,V1,8,3,63.55293359375
DESHPDHK0000lce9,DESHPDHK0000lce9_1,V1,19,3,25.544685546875
DESHPDHK0000lce9,DESHPDHK0000lce9_1,V1,2,2,36.2219140625
DESHPDHK0000lce9,DESHPDHK0000lce9_1,V1,2,3,36.264515625
DESHPDHK0000lce9,DESHPDHK0000lce9_1,V1,4,1,39.765125
DESHPDHK0000lce9,DESHPDHK0000lce9_1,V1,4,2,40.6126171875
DESHPDHK0000lce9,DESHPDHK0000lce9_1,V1,4,3,40.7006875
DESHPDHK0000lce9,DESHPDHK0000lce9_1,V1,5,1,38.88228125
DESHPDHK0000lce9,DESHPDHK0000lce9_1,V1,6,1,40.5569765625
DESHPDHK0000lce9,DESHPDHK0000lce9_1,V1,6,2,40.2113515625
DESHPDHK0000lce9,DESHPDHK0000lce9_1,V1,6,3,40.22552734375
DESHPDHK0000lce9,DESHPDHK0000lce9_1,V1,9,1,39.50341796875
DESHPDHK0000lce9,DESHPDHK0000lce9_1,V1,9,3,39.444734375
DESHPDHK0000lce9,DESHPDHK0000lce9_1,V1,5,3,38.94587109375
DESHPDHK0000lce9,DESHPDHK0000lce9_1,V1,5,2,38.8666171875
DESHPDHK0000lce9,DESHPDHK0000lce9_1,V1,13,3,39.98734765625
DESHPDHK0000lce9,DESHPDHK0000lce9_1,V1,19,1,26.12133203125
DESHPDHK0000lce9,DESHPDHK0000lce9_1,V1,10,2,39.604203125
DESHPDHK0000lce9,DESHPDHK0000lce9_1,V1,10,3,39.633984375
DESHPDHK0000lce9,DESHPDHK0000lce9_1,V1,13,1,40.20405859375
DESHPDHK0000lce9,DESHPDHK0000lce9_1,V1,14,3,39.1121171875
DESHPDHK0000lce9,DESHPDHK0000lce9_1,V1,14,1,39.09394921875
DESHPDHK0000lce9,DESHPDHK0000lce9_1,V1,13,2,39.936578125
DESHPDHK0000lce9,DESHPDHK0000lce9_1,V1,15,1,23.52369140625
DESHPDHK0000lce9,DESHPDHK0000lce9_1,V1,15,2,21.69197265625
DESHPDHK0000lce9,DESHPDHK0000lce9_1,V1,15,3,21.661185546875
DESHPDHK0000lce9,DESHPDHK0000lce9_1,V1,10,1,39.77512109375
DESHPDHK0000lce9,DESHPDHK0000lce9_1,V1,14,2,39.0387421875
DESHPDHK0000lce9,DESHPDHK0000lce9_2,V2,8,3,78.2876494140625
DESHPDHK0000lce9,DESHPDHK0000lce9_2,V2,3,1,77.00890625
DESHPDHK0000lce9,DESHPDHK0000lce9_2,V2,1,1,78.011234375
DESHPDHK0000lce9,DESHPDHK0000lce9_2,V2,1,2,77.853287109375
DESHPDHK0000lce9,DESHPDHK0000lce9_2,V2,1,3,78.0094951171875
DESHPDHK0000lce9,DESHPDHK0000lce9_2,V2,0,3,79.2053232421875
DESHPDHK0000lce9,DESHPDHK0000lce9_2,V2,0,1,79.211283203125
DESHPDHK0000lce9,DESHPDHK0000lce9_2,V2,7,2,70.9734931640625
DESHPDHK0000lce9,DESHPDHK0000lce9_2,V2,7,3,70.8950849609375
DESHPDHK0000lce9,DESHPDHK0000lce9_2,V2,8,1,78.271490234375
DESHPDHK0000lce9,DESHPDHK0000lce9_2,V2,7,1,70.9900791015625
DESHPDHK0000lce9,DESHPDHK0000lce9_2,V2,3,2,76.931849609375
DESHPDHK0000lce9,DESHPDHK0000lce9_2,V2,3,3,76.9950732421875
DESHPDHK0000lce9,DESHPDHK0000lce9_2,V2,11,1,72.94859375
DESHPDHK0000lce9,DESHPDHK0000lce9_2,V2,16,3,77.218421875
DESHPDHK0000lce9,DESHPDHK0000lce9_2,V2,11,3,72.903939453125
DESHPDHK0000lce9,DESHPDHK0000lce9_2,V2,18,2,78.6905888671875
DESHPDHK0000lce9,DESHPDHK0000lce9_2,V2,18,1,78.778515625
DESHPDHK0000lce9,DESHPDHK0000lce9_2,V2,17,3,88.579509765625
DESHPDHK0000lce9,DESHPDHK0000lce9_2,V2,17,2,88.812916015625
DESHPDHK0000lce9,DESHPDHK0000lce9_2,V2,17,1,88.804384765625
DESHPDHK0000lce9,DESHPDHK0000lce9_2,V2,0,2,79.0544462890625
DESHPDHK0000lce9,DESHPDHK0000lce9_2,V2,16,2,77.0973603515625
DESHPDHK0000lce9,DESHPDHK0000lce9_2,V2,16,1,77.2474140625
DESHPDHK0000lce9,DESHPDHK0000lce9_2,V2,12,3,87.876587890625
DESHPDHK0000lce9,DESHPDHK0000lce9_2,V2,12,2,87.9961103515625
DESHPDHK0000lce9,DESHPDHK0000lce9_2,V2,12,1,88.0395302734375
DESHPDHK0000lce9,DESHPDHK0000lce9_2,V2,11,2,72.7916298828125
DESHPDHK0000lce9,DESHPDHK0000lce9_2,V2,8,2,78.161505859375
DESHPDHK0000lce9,DESHPDHK0000lce9_2,V2,18,3,78.7422158203125
DESHPDHK0000lce9,DESHPDHK0000lce9_2,V2,14,1,49.214646484375
DESHPDHK0000lce9,DESHPDHK0000lce9_2,V2,2,1,45.1858837890625
DESHPDHK0000lce9,DESHPDHK0000lce9_2,V2,9,3,50.6356171875
DESHPDHK0000lce9,DESHPDHK0000lce9_2,V2,5,2,49.3593623046875
DESHPDHK0000lce9,DESHPDHK0000lce9_2,V2,6,2,50.174279296875
DESHPDHK0000lce9,DESHPDHK0000lce9_2,V2,6,1,52.4803681640625
DESHPDHK0000lce9,DESHPDHK0000lce9_2,V2,5,3,49.47763525390625
DESHPDHK0000lce9,DESHPDHK0000lce9_2,V2,5,1,51.4701142578125
DESHPDHK0000lce9,DESHPDHK0000lce9_2,V2,19,3,30.35902001953125
DESHPDHK0000lce9,DESHPDHK0000lce9_2,V2,4,2,50.527828125
DESHPDHK0000lce9,DESHPDHK0000lce9_2,V2,4,1,51.8478017578125
DESHPDHK0000lce9,DESHPDHK0000lce9_2,V2,2,3,44.3335
DESHPDHK0000lce9,DESHPDHK0000lce9_2,V2,2,2,44.26438134765625
DESHPDHK0000lce9,DESHPDHK0000lce9_2,V2,9,1,52.5635986328125
DESHPDHK0000lce9,DESHPDHK0000lce9_2,V2,4,3,50.5180966796875
DESHPDHK0000lce9,DESHPDHK0000lce9_2,V2,9,2,50.5857001953125
DESHPDHK0000lce9,DESHPDHK0000lce9_2,V2,6,3,50.3062177734375
DESHPDHK0000lce9,DESHPDHK0000lce9_2,V2,10,1,50.735572265625
DESHPDHK0000lce9,DESHPDHK0000lce9_2,V2,10,2,49.17557421875
DESHPDHK0000lce9,DESHPDHK0000lce9_2,V2,10,3,49.1855517578125
DESHPDHK0000lce9,DESHPDHK0000lce9_2,V2,13,1,48.970626953125
DESHPDHK0000lce9,DESHPDHK0000lce9_2,V2,13,2,47.7425625
DESHPDHK0000lce9,DESHPDHK0000lce9_2,V2,13,3,47.8312734375
DESHPDHK0000lce9,DESHPDHK0000lce9_2,V2,19,2,31.123843505859377
DESHPDHK0000lce9,DESHPDHK0000lce9_2,V2,14,2,47.7734794921875
DESHPDHK0000lce9,DESHPDHK0000lce9_2,V2,14,3,47.7798955078125
DESHPDHK0000lce9,DESHPDHK0000lce9_2,V2,15,1,33.54960009765625
DESHPDHK0000lce9,DESHPDHK0000lce9_2,V2,15,2,31.38528076171875
DESHPDHK0000lce9,DESHPDHK0000lce9_2,V2,15,3,31.01002587890625
DESHPDHK0000lce9,DESHPDHK0000lce9_2,V2,19,1,33.26791650390625
DESHPDHK0000lce9,DESHPDHK0000lce9_3,V3,3,2,75.97430810546875
DESHPDHK0000lce9,DESHPDHK0000lce9_3,V3,8,2,83.2443125
DESHPDHK0000lce9,DESHPDHK0000lce9_3,V3,0,3,77.93636376953125
DESHPDHK0000lce9,DESHPDHK0000lce9_3,V3,1,1,75.2850546875
DESHPDHK0000lce9,DESHPDHK0000lce9_3,V3,1,2,75.147818359375
DESHPDHK0000lce9,DESHPDHK0000lce9_3,V3,3,3,76.0647880859375
DESHPDHK0000lce9,DESHPDHK0000lce9_3,V3,1,3,75.2566025390625
DESHPDHK0000lce9,DESHPDHK0000lce9_3,V3,7,1,75.95605908203125
DESHPDHK0000lce9,DESHPDHK0000lce9_3,V3,7,2,75.839826171875
DESHPDHK0000lce9,DESHPDHK0000lce9_3,V3,7,3,75.95833544921875
DESHPDHK0000lce9,DESHPDHK0000lce9_3,V3,8,3,83.24842578125
DESHPDHK0000lce9,DESHPDHK0000lce9_3,V3,3,1,76.07386376953124
DESHPDHK0000lce9,DESHPDHK0000lce9_3,V3,16,1,74.46740771484374
DESHPDHK0000lce9,DESHPDHK0000lce9_3,V3,17,2,85.51230224609375
DESHPDHK0000lce9,DESHPDHK0000lce9_3,V3,11,3,78.3607109375
DESHPDHK0000lce9,DESHPDHK0000lce9_3,V3,11,1,78.37777490234375
DESHPDHK0000lce9,DESHPDHK0000lce9_3,V3,18,2,75.405541015625
DESHPDHK0000lce9,DESHPDHK0000lce9_3,V3,18,1,75.5500078125
DESHPDHK0000lce9,DESHPDHK0000lce9_3,V3,11,2,78.247439453125
DESHPDHK0000lce9,DESHPDHK0000lce9_3,V3,8,1,83.24993408203125
DESHPDHK0000lce9,DESHPDHK0000lce9_3,V3,17,1,85.5344619140625
DESHPDHK0000lce9,DESHPDHK0000lce9_3,V3,17,3,85.3929599609375
DESHPDHK0000lce9,DESHPDHK0000lce9_3,V3,16,2,74.3149052734375
DESHPDHK0000lce9,DESHPDHK0000lce9_3,V3,0,2,77.84215673828125
DESHPDHK0000lce9,DESHPDHK0000lce9_3,V3,12,3,88.80627685546875
DESHPDHK0000lce9,DESHPDHK0000lce9_3,V3,12,2,88.98129736328124
DESHPDHK0000lce9,DESHPDHK0000lce9_3,V3,12,1,89.0052646484375
DESHPDHK0000lce9,DESHPDHK0000lce9_3,V3,18,3,75.53609814453125
DESHPDHK0000lce9,DESHPDHK0000lce9_3,V3,0,1,77.96441064453126
DESHPDHK0000lce9,DESHPDHK0000lce9_3,V3,16,3,74.449912109375
DESHPDHK0000lce9,DESHPDHK0000lce9_3,V3,19,2,31.216258422851563
DESHPDHK0000lce9,DESHPDHK0000lce9_3,V3,6,3,48.89511791992187
DESHPDHK0000lce9,DESHPDHK0000lce9_3,V3,6,2,49.06286181640625
DESHPDHK0000lce9,DESHPDHK0000lce9_3,V3,6,1,50.1294033203125
DESHPDHK0000lce9,DESHPDHK0000lce9_3,V3,5,3,49.424470703125
DESHPDHK0000lce9,DESHPDHK0000lce9_3,V3,5,2,49.23513159179687
DESHPDHK0000lce9,DESHPDHK0000lce9_3,V3,4,2,50.22238134765625
DESHPDHK0000lce9,DESHPDHK0000lce9_3,V3,4,3,50.25764721679688
DESHPDHK0000lce9,DESHPDHK0000lce9_3,V3,4,1,50.44333251953125
DESHPDHK0000lce9,DESHPDHK0000lce9_3,V3,2,3,44.7011962890625
DESHPDHK0000lce9,DESHPDHK0000lce9_3,V3,2,2,44.65996801757812
DESHPDHK0000lce9,DESHPDHK0000lce9_3,V3,9,1,53.56118505859375
DESHPDHK0000lce9,DESHPDHK0000lce9_3,V3,5,1,50.3535341796875
DESHPDHK0000lce9,DESHPDHK0000lce9_3,V3,9,2,51.823452392578126
DESHPDHK0000lce9,DESHPDHK0000lce9_3,V3,14,3,46.86678002929688
DESHPDHK0000lce9,DESHPDHK0000lce9_3,V3,14,1,47.66360009765625
DESHPDHK0000lce9,DESHPDHK0000lce9_3,V3,19,1,33.09970581054687
DESHPDHK0000lce9,DESHPDHK0000lce9_3,V3,19,3,30.575801025390625
DESHPDHK0000lce9,DESHPDHK0000lce9_3,V3,10,2,49.06968969726562
DESHPDHK0000lce9,DESHPDHK0000lce9_3,V3,10,3,49.044101318359374
DESHPDHK0000lce9,DESHPDHK0000lce9_3,V3,10,1,50.318548828125
DESHPDHK0000lce9,DESHPDHK0000lce9_3,V3,13,2,49.044259765625
DESHPDHK0000lce9,DESHPDHK0000lce9_3,V3,13,3,49.082552001953125
DESHPDHK0000lce9,DESHPDHK0000lce9_3,V3,13,1,50.131302734375
DESHPDHK0000lce9,DESHPDHK0000lce9_3,V3,14,2,46.91511328125
DESHPDHK0000lce9,DESHPDHK0000lce9_3,V3,2,1,45.300678955078126
DESHPDHK0000lce9,DESHPDHK0000lce9_3,V3,9,3,51.88379931640625
DESHPDHK0000lce9,DESHPDHK0000lce9_3,V3,15,2,30.440294921875
DESHPDHK0000lce9,DESHPDHK0000lce9_3,V3,15,3,30.1819482421875
DESHPDHK0000lce9,DESHPDHK0000lce9_3,V3,15,1,32.423475830078125
DESHPDHK0000lce9,DESHPDHK0000lce9_4,V4,3,3,75.93852978515625
DESHPDHK0000lce9,DESHPDHK0000lce9_4,V4,8,3,84.4304091796875
DESHPDHK0000lce9,DESHPDHK0000lce9_4,V4,1,1,74.6341005859375
DESHPDHK0000lce9,DESHPDHK0000lce9_4,V4,1,2,74.49783984375
DESHPDHK0000lce9,DESHPDHK0000lce9_4,V4,1,3,74.6049072265625
DESHPDHK0000lce9,DESHPDHK0000lce9_4,V4,8,2,84.48497998046875
DESHPDHK0000lce9,DESHPDHK0000lce9_4,V4,0,3,77.8659921875
DESHPDHK0000lce9,DESHPDHK0000lce9_4,V4,7,1,77.026017578125
DESHPDHK0000lce9,DESHPDHK0000lce9_4,V4,7,2,76.90683642578125
DESHPDHK0000lce9,DESHPDHK0000lce9_4,V4,7,3,77.02628564453126
DESHPDHK0000lce9,DESHPDHK0000lce9_4,V4,8,1,84.47637744140626
DESHPDHK0000lce9,DESHPDHK0000lce9_4,V4,11,1,79.262767578125
DESHPDHK0000lce9,DESHPDHK0000lce9_4,V4,3,2,75.86369775390625
DESHPDHK0000lce9,DESHPDHK0000lce9_4,V4,3,1,75.9490556640625
DESHPDHK0000lce9,DESHPDHK0000lce9_4,V4,17,2,85.5843046875
DESHPDHK0000lce9,DESHPDHK0000lce9_4,V4,16,2,73.8571337890625
DESHPDHK0000lce9,DESHPDHK0000lce9_4,V4,18,3,75.05573876953125
DESHPDHK0000lce9,DESHPDHK0000lce9_4,V4,18,2,74.9239267578125
DESHPDHK0000lce9,DESHPDHK0000lce9_4,V4,18,1,75.06991650390626
DESHPDHK0000lce9,DESHPDHK0000lce9_4,V4,17,3,85.45644091796875
DESHPDHK0000lce9,DESHPDHK0000lce9_4,V4,0,2,77.7696181640625
DESHPDHK0000lce9,DESHPDHK0000lce9_4,V4,16,3,73.99549169921875
DESHPDHK0000lce9,DESHPDHK0000lce9_4,V4,16,1,74.0123193359375
DESHPDHK0000lce9,DESHPDHK0000lce9_4,V4,12,3,89.79064453125
DESHPDHK0000lce9,DESHPDHK0000lce9_4,V4,12,2,89.96606787109376
DESHPDHK0000lce9,DESHPDHK0000lce9_4,V4,12,1,89.99115478515625
DESHPDHK0000lce9,DESHPDHK0000lce9_4,V4,17,1,85.6078037109375
DESHPDHK0000lce9,DESHPDHK0000lce9_4,V4,11,2,79.1555810546875
DESHPDHK0000lce9,DESHPDHK0000lce9_4,V4,11,3,79.2452666015625
DESHPDHK0000lce9,DESHPDHK0000lce9_4,V4,0,1,77.89425927734375
DESHPDHK0000lce9,DESHPDHK0000lce9_4,V4,19,3,30.788741088867187
DESHPDHK0000lce9,DESHPDHK0000lce9_4,V4,10,1,50.46945776367188
DESHPDHK0000lce9,DESHPDHK0000lce9_4,V4,9,1,53.92522729492188
DESHPDHK0000lce9,DESHPDHK0000lce9_4,V4,6,3,48.35263818359375
DESHPDHK0000lce9,DESHPDHK0000lce9_4,V4,6,2,48.5404755859375
DESHPDHK0000lce9,DESHPDHK0000lce9_4,V4,6,1,49.633111083984375
DESHPDHK0000lce9,DESHPDHK0000lce9_4,V4,5,3,49.12171826171875
DESHPDHK0000lce9,DESHPDHK0000lce9_4,V4,2,1,45.38635620117188
DESHPDHK0000lce9,DESHPDHK0000lce9_4,V4,4,3,50.2870830078125
DESHPDHK0000lce9,DESHPDHK0000lce9_4,V4,4,1,50.437380615234375
DESHPDHK0000lce9,DESHPDHK0000lce9_4,V4,2,3,44.58706005859375
DESHPDHK0000lce9,DESHPDHK0000lce9_4,V4,2,2,44.528939453125
DESHPDHK0000lce9,DESHPDHK0000lce9_4,V4,9,2,51.8329921875
DESHPDHK0000lce9,DESHPDHK0000lce9_4,V4,5,1,50.05469140625
DESHPDHK0000lce9,DESHPDHK0000lce9_4,V4,5,2,48.8987431640625
DESHPDHK0000lce9,DESHPDHK0000lce9_4,V4,4,2,50.24250732421875
DESHPDHK0000lce9,DESHPDHK0000lce9_4,V4,9,3,51.9037490234375
DESHPDHK0000lce9,DESHPDHK0000lce9_4,V4,14,2,46.57632543945312
DESHPDHK0000lce9,DESHPDHK0000lce9_4,V4,14,1,47.48710473632813
DESHPDHK0000lce9,DESHPDHK0000lce9_4,V4,10,2,48.943927734375
DESHPDHK0000lce9,DESHPDHK0000lce9_4,V4,10,3,48.92746166992188
DESHPDHK0000lce9,DESHPDHK0000lce9_4,V4,13,1,50.45318237304687
DESHPDHK0000lce9,DESHPDHK0000lce9_4,V4,13,2,49.04658251953125
DESHPDHK0000lce9,DESHPDHK0000lce9_4,V4,19,2,31.31838623046875
DESHPDHK0000lce9,DESHPDHK0000lce9_4,V4,19,1,33.493329833984376
DESHPDHK0000lce9,DESHPDHK0000lce9_4,V4,14,3,46.53329321289063
DESHPDHK0000lce9,DESHPDHK0000lce9_4,V4,15,1,32.618919921875
DESHPDHK0000lce9,DESHPDHK0000lce9_4,V4,15,2,30.373596801757813
DESHPDHK0000lce9,DESHPDHK0000lce9_4,V4,15,3,29.79469006347656
DESHPDHK0000lce9,DESHPDHK0000lce9_4,V4,13,3,49.1005859375
DESHPDHK0000lce9,DESHPDHK0000lce9_7,V7,3,3,79.25741162109375
DESHPDHK0000lce9,DESHPDHK0000lce9_7,V7,0,3,81.2229384765625
DESHPDHK0000lce9,DESHPDHK0000lce9_7,V7,1,1,77.3221376953125
DESHPDHK0000lce9,DESHPDHK0000lce9_7,V7,1,2,77.170818359375
DESHPDHK0000lce9,DESHPDHK0000lce9_7,V7,3,1,79.26918505859375
DESHPDHK0000lce9,DESHPDHK0000lce9_7,V7,1,3,77.2912802734375
DESHPDHK0000lce9,DESHPDHK0000lce9_7,V7,8,1,86.35904345703125
DESHPDHK0000lce9,DESHPDHK0000lce9_7,V7,7,2,79.14506982421875
DESHPDHK0000lce9,DESHPDHK0000lce9_7,V7,7,3,79.2708701171875
DESHPDHK0000lce9,DESHPDHK0000lce9_7,V7,8,2,86.3619423828125
DESHPDHK0000lce9,DESHPDHK0000lce9_7,V7,8,3,86.3021845703125
DESHPDHK0000lce9,DESHPDHK0000lce9_7,V7,0,1,81.2480166015625
DESHPDHK0000lce9,DESHPDHK0000lce9_7,V7,7,1,79.27023486328125
DESHPDHK0000lce9,DESHPDHK0000lce9_7,V7,16,1,77.6200205078125
DESHPDHK0000lce9,DESHPDHK0000lce9_7,V7,11,3,81.04525048828125
DESHPDHK0000lce9,DESHPDHK0000lce9_7,V7,11,2,80.9626904296875
DESHPDHK0000lce9,DESHPDHK0000lce9_7,V7,18,3,78.70269677734375
DESHPDHK0000lce9,DESHPDHK0000lce9_7,V7,18,1,78.71514208984375
DESHPDHK0000lce9,DESHPDHK0000lce9_7,V7,17,3,90.10654833984376
DESHPDHK0000lce9,DESHPDHK0000lce9_7,V7,17,2,90.3229931640625
DESHPDHK0000lce9,DESHPDHK0000lce9_7,V7,16,3,77.6032353515625
DESHPDHK0000lce9,DESHPDHK0000lce9_7,V7,16,2,77.467751953125
DESHPDHK0000lce9,DESHPDHK0000lce9_7,V7,17,1,90.3467373046875
DESHPDHK0000lce9,DESHPDHK0000lce9_7,V7,0,2,81.20177001953125
DESHPDHK0000lce9,DESHPDHK0000lce9_7,V7,12,3,94.007779296875
DESHPDHK0000lce9,DESHPDHK0000lce9_7,V7,12,2,94.18078369140623
DESHPDHK0000lce9,DESHPDHK0000lce9_7,V7,12,1,94.2008896484375
DESHPDHK0000lce9,DESHPDHK0000lce9_7,V7,11,1,81.062669921875
DESHPDHK0000lce9,DESHPDHK0000lce9_7,V7,3,2,79.2745810546875
DESHPDHK0000lce9,DESHPDHK0000lce9_7,V7,18,2,78.6249306640625
DESHPDHK0000lce9,DESHPDHK0000lce9_7,V7,10,2,49.41336083984375
DESHPDHK0000lce9,DESHPDHK0000lce9_7,V7,5,2,50.355095947265625
DESHPDHK0000lce9,DESHPDHK0000lce9_7,V7,9,3,52.55758935546875
DESHPDHK0000lce9,DESHPDHK0000lce9_7,V7,9,1,54.5948515625
DESHPDHK0000lce9,DESHPDHK0000lce9_7,V7,6,3,49.86466259765625
DESHPDHK0000lce9,DESHPDHK0000lce9_7,V7,6,2,50.0460068359375
DESHPDHK0000lce9,DESHPDHK0000lce9_7,V7,6,1,51.188721923828126
DESHPDHK0000lce9,DESHPDHK0000lce9_7,V7,5,3,50.55983154296875
DESHPDHK0000lce9,DESHPDHK0000lce9_7,V7,5,1,51.469424072265625
DESHPDHK0000lce9,DESHPDHK0000lce9_7,V7,2,3,44.807826171875
DESHPDHK0000lce9,DESHPDHK0000lce9_7,V7,4,1,51.78292626953125
DESHPDHK0000lce9,DESHPDHK0000lce9_7,V7,2,2,44.75893627929688
DESHPDHK0000lce9,DESHPDHK0000lce9_7,V7,2,1,45.51193481445313
DESHPDHK0000lce9,DESHPDHK0000lce9_7,V7,19,3,32.194200073242186
DESHPDHK0000lce9,DESHPDHK0000lce9_7,V7,4,3,51.56746923828125
DESHPDHK0000lce9,DESHPDHK0000lce9_7,V7,4,2,51.53419702148437
DESHPDHK0000lce9,DESHPDHK0000lce9_7,V7,10,1,51.0018408203125
DESHPDHK0000lce9,DESHPDHK0000lce9_7,V7,13,3,49.67376318359375
DESHPDHK0000lce9,DESHPDHK0000lce9_7,V7,10,3,49.38525415039062
DESHPDHK0000lce9,DESHPDHK0000lce9_7,V7,13,1,50.9793466796875
DESHPDHK0000lce9,DESHPDHK0000lce9_7,V7,13,2,49.62617407226563
DESHPDHK0000lce9,DESHPDHK0000lce9_7,V7,14,3,47.545470703125
DESHPDHK0000lce9,DESHPDHK0000lce9_7,V7,14,1,48.52202099609375
DESHPDHK0000lce9,DESHPDHK0000lce9_7,V7,19,1,33.68464599609375
DESHPDHK0000lce9,DESHPDHK0000lce9_7,V7,19,2,31.7038505859375
DESHPDHK0000lce9,DESHPDHK0000lce9_7,V7,15,1,32.9701962890625
DESHPDHK0000lce9,DESHPDHK0000lce9_7,V7,15,2,30.843245727539063
DESHPDHK0000lce9,DESHPDHK0000lce9_7,V7,15,3,31.866960571289063
DESHPDHK0000lce9,DESHPDHK0000lce9_7,V7,9,2,52.4994599609375
DESHPDHK0000lce9,DESHPDHK0000lce9_7,V7,14,2,47.5877509765625
DESHPDHK0000lce9,DESHPDHK0000lce9_8,V8,1,3,81.21305078125
DESHPDHK0000lce9,DESHPDHK0000lce9_8,V8,0,3,84.07920068359375
DESHPDHK0000lce9,DESHPDHK0000lce9_8,V8,1,1,81.241576171875
DESHPDHK0000lce9,DESHPDHK0000lce9_8,V8,1,2,81.1052822265625
DESHPDHK0000lce9,DESHPDHK0000lce9_8,V8,0,2,84.11568603515624
DESHPDHK0000lce9,DESHPDHK0000lce9_8,V8,19,2,33.27504431152344
DESHPDHK0000lce9,DESHPDHK0000lce9_8,V8,7,1,81.96591357421875
DESHPDHK0000lce9,DESHPDHK0000lce9_8,V8,7,2,81.849837890625
DESHPDHK0000lce9,DESHPDHK0000lce9_8,V8,7,3,81.96797314453126
DESHPDHK0000lce9,DESHPDHK0000lce9_8,V8,3,3,82.217546875
DESHPDHK0000lce9,DESHPDHK0000lce9_8,V8,8,1,89.42231396484375
DESHPDHK0000lce9,DESHPDHK0000lce9_8,V8,3,2,82.2790537109375
DESHPDHK0000lce9,DESHPDHK0000lce9_8,V8,3,1,82.26669482421875
DESHPDHK0000lce9,DESHPDHK0000lce9_8,V8,0,1,84.1075732421875
DESHPDHK0000lce9,DESHPDHK0000lce9_8,V8,18,1,81.70273779296875
DESHPDHK0000lce9,DESHPDHK0000lce9_8,V8,11,1,84.41909423828125
DESHPDHK0000lce9,DESHPDHK0000lce9_8,V8,11,3,84.3938154296875
DESHPDHK0000lce9,DESHPDHK0000lce9_8,V8,12,1,95.28752197265624
DESHPDHK0000lce9,DESHPDHK0000lce9_8,V8,12,2,95.2636494140625
DESHPDHK0000lce9,DESHPDHK0000lce9_8,V8,12,3,95.089044921875
DESHPDHK0000lce9,DESHPDHK0000lce9_8,V8,16,1,80.5334990234375
DESHPDHK0000lce9,DESHPDHK0000lce9_8,V8,16,2,80.380541015625
DESHPDHK0000lce9,DESHPDHK0000lce9_8,V8,16,3,80.51581103515625
DESHPDHK0000lce9,DESHPDHK0000lce9_8,V8,17,1,91.71421337890624
DESHPDHK0000lce9,DESHPDHK0000lce9_8,V8,17,2,91.69117333984374
DESHPDHK0000lce9,DESHPDHK0000lce9_8,V8,17,3,91.45653857421875
DESHPDHK0000lce9,DESHPDHK0000lce9_8,V8,8,3,89.2818115234375
DESHPDHK0000lce9,DESHPDHK0000lce9_8,V8,8,2,89.43206494140625
DESHPDHK0000lce9,DESHPDHK0000lce9_8,V8,11,2,84.40858154296875
DESHPDHK0000lce9,DESHPDHK0000lce9_8,V8,9,3,53.18480725097656
DESHPDHK0000lce9,DESHPDHK0000lce9_8,V8,9,1,54.89963391113281
DESHPDHK0000lce9,DESHPDHK0000lce9_8,V8,19,3,32.531890502929684
DESHPDHK0000lce9,DESHPDHK0000lce9_8,V8,5,1,51.763591552734376
DESHPDHK0000lce9,DESHPDHK0000lce9_8,V8,6,1,51.542982421875
DESHPDHK0000lce9,DESHPDHK0000lce9_8,V8,5,3,50.765716796875
DESHPDHK0000lce9,DESHPDHK0000lce9_8,V8,5,2,50.58160888671875
DESHPDHK0000lce9,DESHPDHK0000lce9_8,V8,4,3,51.78322888183594
DESHPDHK0000lce9,DESHPDHK0000lce9_8,V8,18,2,81.67514697265625
DESHPDHK0000lce9,DESHPDHK0000lce9_8,V8,4,1,52.037578125
DESHPDHK0000lce9,DESHPDHK0000lce9_8,V8,2,3,46.304836547851565
DESHPDHK0000lce9,DESHPDHK0000lce9_8,V8,2,2,46.266436157226565
DESHPDHK0000lce9,DESHPDHK0000lce9_8,V8,2,1,47.0648037109375
DESHPDHK0000lce9,DESHPDHK0000lce9_8,V8,6,2,50.39639147949219
DESHPDHK0000lce9,DESHPDHK0000lce9_8,V8,4,2,51.74861376953125
DESHPDHK0000lce9,DESHPDHK0000lce9_8,V8,6,3,50.227465698242185
DESHPDHK0000lce9,DESHPDHK0000lce9_8,V8,15,3,32.13023828125
DESHPDHK0000lce9,DESHPDHK0000lce9_8,V8,9,2,53.12615966796875
DESHPDHK0000lce9,DESHPDHK0000lce9_8,V8,10,2,50.426207275390624
DESHPDHK0000lce9,DESHPDHK0000lce9_8,V8,10,3,50.40113916015625
DESHPDHK0000lce9,DESHPDHK0000lce9_8,V8,13,1,51.581122314453125
DESHPDHK0000lce9,DESHPDHK0000lce9_8,V8,13,2,50.41991088867187
DESHPDHK0000lce9,DESHPDHK0000lce9_8,V8,13,3,50.45469421386719
DESHPDHK0000lce9,DESHPDHK0000lce9_8,V8,14,1,49.17760327148437
DESHPDHK0000lce9,DESHPDHK0000lce9_8,V8,14,2,48.34227685546875
DESHPDHK0000lce9,DESHPDHK0000lce9_8,V8,14,3,48.28736694335937
DESHPDHK0000lce9,DESHPDHK0000lce9_8,V8,15,1,34.443881591796874
DESHPDHK0000lce9,DESHPDHK0000lce9_8,V8,15,2,32.49821166992187
DESHPDHK0000lce9,DESHPDHK0000lce9_8,V8,19,1,35.146833251953126
DESHPDHK0000lce9,DESHPDHK0000lce9_8,V8,10,1,51.74579345703125
DESHPDHK0000lce9,DESHPDHK0000lce9_8,V8,18,3,81.66993408203125
